DataType,Site,SubSite,Year,Day,End_Time,EddyCovariance_CO2_AbvCnpy,CertificationCode,RevisionDate
(n/a),(n/a),(n/a),(UTC),(UTC),(HrMn_UTC),(ppm),(n/a),(YYYYMMDD)
Flx1,ON-WPP02,FlxTwr,2002,  1,  30,-999.000,CPI,20110428
Flx1,ON-WPP02,FlxTwr,2002,  1, 100,-999.000,CPI,20110428
Flx1,ON-WPP02,FlxTwr,2002,  1, 130,-999.000,CPI,20110428
Flx1,ON-WPP02,FlxTwr,2002,  1, 200,-999.000,CPI,20110428
Flx1,ON-WPP02,FlxTwr,2002,  1, 230,-999.000,CPI,20110428
Flx1,ON-WPP02,FlxTwr,2002,  1, 300,-999.000,CPI,20110428
Flx1,ON-WPP02,FlxTwr,2002,  1, 330,-999.000,CPI,20110428
Flx1,ON-WPP02,FlxTwr,2002,  1, 400,-999.000,CPI,20110428
Flx1,ON-WPP02,FlxTwr,2002,  1, 430,-999.000,CPI,20110428
Flx1,ON-WPP02,FlxTwr,2002,  1, 500,-999.000,CPI,20110428
Flx1,ON-WPP02,FlxTwr,2002,  1, 530,-999.000,CPI,20110428
Flx1,ON-WPP02,FlxTwr,2002,  1, 600,-999.000,CPI,20110428
Flx1,ON-WPP02,FlxTwr,2002,  1, 630,-999.000,CPI,20110428
Flx1,ON-WPP02,FlxTwr,2002,  1, 700,-999.000,CPI,20110428
Flx1,ON-WPP02,FlxTwr,2002,  1, 730,-999.000,CPI,20110428
Flx1,ON-WPP02,FlxTwr,2002,  1, 800,-999.000,CPI,20110428
Flx1,ON-WPP02,FlxTwr,2002,  1, 830,-999.000,CPI,20110428
Flx1,ON-WPP02,FlxTwr,2002,  1, 900,-999.000,CPI,20110428
Flx1,ON-WPP02,FlxTwr,2002,  1, 930,-999.000,CPI,20110428
Flx1,ON-WPP02,FlxTwr,2002,  1,1000,-999.000,CPI,20110428
Flx1,ON-WPP02,FlxTwr,2002,  1,1030,-999.000,CPI,20110428
Flx1,ON-WPP02,FlxTwr,2002,  1,1100,-999.000,CPI,20110428
Flx1,ON-WPP02,FlxTwr,2002,  1,1130,-999.000,CPI,20110428
Flx1,ON-WPP02,FlxTwr,2002,  1,1200,-999.000,CPI,20110428
Flx1,ON-WPP02,FlxTwr,2002,  1,1230,-999.000,CPI,20110428
Flx1,ON-WPP02,FlxTwr,2002,  1,1300,-999.000,CPI,20110428
Flx1,ON-WPP02,FlxTwr,2002,  1,1330,-999.000,CPI,20110428
Flx1,ON-WPP02,FlxTwr,2002,  1,1400,-999.000,CPI,20110428
Flx1,ON-WPP02,FlxTwr,2002,  1,1430,-999.000,CPI,20110428
Flx1,ON-WPP02,FlxTwr,2002,  1,1500,-999.000,CPI,20110428
Flx1,ON-WPP02,FlxTwr,2002,  1,1530,-999.000,CPI,20110428
Flx1,ON-WPP02,FlxTwr,2002,  1,1600,-999.000,CPI,20110428
Flx1,ON-WPP02,FlxTwr,2002,  1,1630,-999.000,CPI,20110428
Flx1,ON-WPP02,FlxTwr,2002,  1,1700,-999.000,CPI,20110428
Flx1,ON-WPP02,FlxTwr,2002,  1,1730,-999.000,CPI,20110428
Flx1,ON-WPP02,FlxTwr,2002,  1,1800,-999.000,CPI,20110428
Flx1,ON-WPP02,FlxTwr,2002,  1,1830,-999.000,CPI,20110428
Flx1,ON-WPP02,FlxTwr,2002,  1,1900,-999.000,CPI,20110428
Flx1,ON-WPP02,FlxTwr,2002,  1,1930,-999.000,CPI,20110428
Flx1,ON-WPP02,FlxTwr,2002,  1,2000,-999.000,CPI,20110428
Flx1,ON-WPP02,FlxTwr,2002,  1,2030,-999.000,CPI,20110428
Flx1,ON-WPP02,FlxTwr,2002,  1,2100,-999.000,CPI,20110428
Flx1,ON-WPP02,FlxTwr,2002,  1,2130,-999.000,CPI,20110428
Flx1,ON-WPP02,FlxTwr,2002,  1,2200,-999.000,CPI,20110428
Flx1,ON-WPP02,FlxTwr,2002,  1,2230,-999.000,CPI,20110428
Flx1,ON-WPP02,FlxTwr,2002,  1,2300,-999.000,CPI,20110428
Flx1,ON-WPP02,FlxTwr,2002,  1,2330,-999.000,CPI,20110428
Flx1,ON-WPP02,FlxTwr,2002,  1,2400,-999.000,CPI,20110428
Flx1,ON-WPP02,FlxTwr,2002,  2,  30,-999.000,CPI,20110428
Flx1,ON-WPP02,FlxTwr,2002,  2, 100,-999.000,CPI,20110428
Flx1,ON-WPP02,FlxTwr,2002,  2, 130,-999.000,CPI,20110428
Flx1,ON-WPP02,FlxTwr,2002,  2, 200,-999.000,CPI,20110428
Flx1,ON-WPP02,FlxTwr,2002,  2, 230,-999.000,CPI,20110428
Flx1,ON-WPP02,FlxTwr,2002,  2, 300,-999.000,CPI,20110428
Flx1,ON-WPP02,FlxTwr,2002,  2, 330,-999.000,CPI,20110428
Flx1,ON-WPP02,FlxTwr,2002,  2, 400,-999.000,CPI,20110428
Flx1,ON-WPP02,FlxTwr,2002,  2, 430,-999.000,CPI,20110428
Flx1,ON-WPP02,FlxTwr,2002,  2, 500,-999.000,CPI,20110428
Flx1,ON-WPP02,FlxTwr,2002,  2, 530,-999.000,CPI,20110428
Flx1,ON-WPP02,FlxTwr,2002,  2, 600,-999.000,CPI,20110428
Flx1,ON-WPP02,FlxTwr,2002,  2, 630,-999.000,CPI,20110428
Flx1,ON-WPP02,FlxTwr,2002,  2, 700,-999.000,CPI,20110428
Flx1,ON-WPP02,FlxTwr,2002,  2, 730,-999.000,CPI,20110428
Flx1,ON-WPP02,FlxTwr,2002,  2, 800,-999.000,CPI,20110428
Flx1,ON-WPP02,FlxTwr,2002,  2, 830,-999.000,CPI,20110428
Flx1,ON-WPP02,FlxTwr,2002,  2, 900,-999.000,CPI,20110428
Flx1,ON-WPP02,FlxTwr,2002,  2, 930,-999.000,CPI,20110428
Flx1,ON-WPP02,FlxTwr,2002,  2,1000,-999.000,CPI,20110428
Flx1,ON-WPP02,FlxTwr,2002,  2,1030,-999.000,CPI,20110428
Flx1,ON-WPP02,FlxTwr,2002,  2,1100,-999.000,CPI,20110428
Flx1,ON-WPP02,FlxTwr,2002,  2,1130,-999.000,CPI,20110428
Flx1,ON-WPP02,FlxTwr,2002,  2,1200,-999.000,CPI,20110428
Flx1,ON-WPP02,FlxTwr,2002,  2,1230,-999.000,CPI,20110428
Flx1,ON-WPP02,FlxTwr,2002,  2,1300,-999.000,CPI,20110428
Flx1,ON-WPP02,FlxTwr,2002,  2,1330,-999.000,CPI,20110428
Flx1,ON-WPP02,FlxTwr,2002,  2,1400,-999.000,CPI,20110428
Flx1,ON-WPP02,FlxTwr,2002,  2,1430,-999.000,CPI,20110428
Flx1,ON-WPP02,FlxTwr,2002,  2,1500,-999.000,CPI,20110428
Flx1,ON-WPP02,FlxTwr,2002,  2,1530,-999.000,CPI,20110428
Flx1,ON-WPP02,FlxTwr,2002,  2,1600,-999.000,CPI,20110428
Flx1,ON-WPP02,FlxTwr,2002,  2,1630,-999.000,CPI,20110428
Flx1,ON-WPP02,FlxTwr,2002,  2,1700,-999.000,CPI,20110428
Flx1,ON-WPP02,FlxTwr,2002,  2,1730,-999.000,CPI,20110428
Flx1,ON-WPP02,FlxTwr,2002,  2,1800,-999.000,CPI,20110428
Flx1,ON-WPP02,FlxTwr,2002,  2,1830,-999.000,CPI,20110428
Flx1,ON-WPP02,FlxTwr,2002,  2,1900,-999.000,CPI,20110428
Flx1,ON-WPP02,FlxTwr,2002,  2,1930,-999.000,CPI,20110428
Flx1,ON-WPP02,FlxTwr,2002,  2,2000,-999.000,CPI,20110428
Flx1,ON-WPP02,FlxTwr,2002,  2,2030,-999.000,CPI,20110428
Flx1,ON-WPP02,FlxTwr,2002,  2,2100,-999.000,CPI,20110428
Flx1,ON-WPP02,FlxTwr,2002,  2,2130,-999.000,CPI,20110428
Flx1,ON-WPP02,FlxTwr,2002,  2,2200,-999.000,CPI,20110428
Flx1,ON-WPP02,FlxTwr,2002,  2,2230,-999.000,CPI,20110428
Flx1,ON-WPP02,FlxTwr,2002,  2,2300,-999.000,CPI,20110428
Flx1,ON-WPP02,FlxTwr,2002,  2,2330,-999.000,CPI,20110428
Flx1,ON-WPP02,FlxTwr,2002,  2,2400,-999.000,CPI,20110428
Flx1,ON-WPP02,FlxTwr,2002,  3,  30,-999.000,CPI,20110428
Flx1,ON-WPP02,FlxTwr,2002,  3, 100,-999.000,CPI,20110428
Flx1,ON-WPP02,FlxTwr,2002,  3, 130,-999.000,CPI,20110428
Flx1,ON-WPP02,FlxTwr,2002,  3, 200,-999.000,CPI,20110428
Flx1,ON-WPP02,FlxTwr,2002,  3, 230,-999.000,CPI,20110428
Flx1,ON-WPP02,FlxTwr,2002,  3, 300,-999.000,CPI,20110428
Flx1,ON-WPP02,FlxTwr,2002,  3, 330,-999.000,CPI,20110428
Flx1,ON-WPP02,FlxTwr,2002,  3, 400,-999.000,CPI,20110428
Flx1,ON-WPP02,FlxTwr,2002,  3, 430,-999.000,CPI,20110428
Flx1,ON-WPP02,FlxTwr,2002,  3, 500,-999.000,CPI,20110428
Flx1,ON-WPP02,FlxTwr,2002,  3, 530,-999.000,CPI,20110428
Flx1,ON-WPP02,FlxTwr,2002,  3, 600,-999.000,CPI,20110428
Flx1,ON-WPP02,FlxTwr,2002,  3, 630,-999.000,CPI,20110428
Flx1,ON-WPP02,FlxTwr,2002,  3, 700,-999.000,CPI,20110428
Flx1,ON-WPP02,FlxTwr,2002,  3, 730,-999.000,CPI,20110428
Flx1,ON-WPP02,FlxTwr,2002,  3, 800,-999.000,CPI,20110428
Flx1,ON-WPP02,FlxTwr,2002,  3, 830,-999.000,CPI,20110428
Flx1,ON-WPP02,FlxTwr,2002,  3, 900,-999.000,CPI,20110428
Flx1,ON-WPP02,FlxTwr,2002,  3, 930,-999.000,CPI,20110428
Flx1,ON-WPP02,FlxTwr,2002,  3,1000,-999.000,CPI,20110428
Flx1,ON-WPP02,FlxTwr,2002,  3,1030,-999.000,CPI,20110428
Flx1,ON-WPP02,FlxTwr,2002,  3,1100,-999.000,CPI,20110428
Flx1,ON-WPP02,FlxTwr,2002,  3,1130,-999.000,CPI,20110428
Flx1,ON-WPP02,FlxTwr,2002,  3,1200,-999.000,CPI,20110428
Flx1,ON-WPP02,FlxTwr,2002,  3,1230,-999.000,CPI,20110428
Flx1,ON-WPP02,FlxTwr,2002,  3,1300,-999.000,CPI,20110428
Flx1,ON-WPP02,FlxTwr,2002,  3,1330,-999.000,CPI,20110428
Flx1,ON-WPP02,FlxTwr,2002,  3,1400,-999.000,CPI,20110428
Flx1,ON-WPP02,FlxTwr,2002,  3,1430,-999.000,CPI,20110428
Flx1,ON-WPP02,FlxTwr,2002,  3,1500,-999.000,CPI,20110428
Flx1,ON-WPP02,FlxTwr,2002,  3,1530,-999.000,CPI,20110428
Flx1,ON-WPP02,FlxTwr,2002,  3,1600,-999.000,CPI,20110428
Flx1,ON-WPP02,FlxTwr,2002,  3,1630,-999.000,CPI,20110428
Flx1,ON-WPP02,FlxTwr,2002,  3,1700,-999.000,CPI,20110428
Flx1,ON-WPP02,FlxTwr,2002,  3,1730,-999.000,CPI,20110428
Flx1,ON-WPP02,FlxTwr,2002,  3,1800,-999.000,CPI,20110428
Flx1,ON-WPP02,FlxTwr,2002,  3,1830,-999.000,CPI,20110428
Flx1,ON-WPP02,FlxTwr,2002,  3,1900,-999.000,CPI,20110428
Flx1,ON-WPP02,FlxTwr,2002,  3,1930,-999.000,CPI,20110428
Flx1,ON-WPP02,FlxTwr,2002,  3,2000,-999.000,CPI,20110428
Flx1,ON-WPP02,FlxTwr,2002,  3,2030,-999.000,CPI,20110428
Flx1,ON-WPP02,FlxTwr,2002,  3,2100,-999.000,CPI,20110428
Flx1,ON-WPP02,FlxTwr,2002,  3,2130,-999.000,CPI,20110428
Flx1,ON-WPP02,FlxTwr,2002,  3,2200,-999.000,CPI,20110428
Flx1,ON-WPP02,FlxTwr,2002,  3,2230,-999.000,CPI,20110428
Flx1,ON-WPP02,FlxTwr,2002,  3,2300,-999.000,CPI,20110428
Flx1,ON-WPP02,FlxTwr,2002,  3,2330,-999.000,CPI,20110428
Flx1,ON-WPP02,FlxTwr,2002,  3,2400,-999.000,CPI,20110428
Flx1,ON-WPP02,FlxTwr,2002,  4,  30,-999.000,CPI,20110428
Flx1,ON-WPP02,FlxTwr,2002,  4, 100,-999.000,CPI,20110428
Flx1,ON-WPP02,FlxTwr,2002,  4, 130,-999.000,CPI,20110428
Flx1,ON-WPP02,FlxTwr,2002,  4, 200,-999.000,CPI,20110428
Flx1,ON-WPP02,FlxTwr,2002,  4, 230,-999.000,CPI,20110428
Flx1,ON-WPP02,FlxTwr,2002,  4, 300,-999.000,CPI,20110428
Flx1,ON-WPP02,FlxTwr,2002,  4, 330,-999.000,CPI,20110428
Flx1,ON-WPP02,FlxTwr,2002,  4, 400,-999.000,CPI,20110428
Flx1,ON-WPP02,FlxTwr,2002,  4, 430,-999.000,CPI,20110428
Flx1,ON-WPP02,FlxTwr,2002,  4, 500,-999.000,CPI,20110428
Flx1,ON-WPP02,FlxTwr,2002,  4, 530,-999.000,CPI,20110428
Flx1,ON-WPP02,FlxTwr,2002,  4, 600,-999.000,CPI,20110428
Flx1,ON-WPP02,FlxTwr,2002,  4, 630,-999.000,CPI,20110428
Flx1,ON-WPP02,FlxTwr,2002,  4, 700,-999.000,CPI,20110428
Flx1,ON-WPP02,FlxTwr,2002,  4, 730,-999.000,CPI,20110428
Flx1,ON-WPP02,FlxTwr,2002,  4, 800,-999.000,CPI,20110428
Flx1,ON-WPP02,FlxTwr,2002,  4, 830,-999.000,CPI,20110428
Flx1,ON-WPP02,FlxTwr,2002,  4, 900,-999.000,CPI,20110428
Flx1,ON-WPP02,FlxTwr,2002,  4, 930,-999.000,CPI,20110428
Flx1,ON-WPP02,FlxTwr,2002,  4,1000,-999.000,CPI,20110428
Flx1,ON-WPP02,FlxTwr,2002,  4,1030,-999.000,CPI,20110428
Flx1,ON-WPP02,FlxTwr,2002,  4,1100,-999.000,CPI,20110428
Flx1,ON-WPP02,FlxTwr,2002,  4,1130,-999.000,CPI,20110428
Flx1,ON-WPP02,FlxTwr,2002,  4,1200,-999.000,CPI,20110428
Flx1,ON-WPP02,FlxTwr,2002,  4,1230,-999.000,CPI,20110428
Flx1,ON-WPP02,FlxTwr,2002,  4,1300,-999.000,CPI,20110428
Flx1,ON-WPP02,FlxTwr,2002,  4,1330,-999.000,CPI,20110428
Flx1,ON-WPP02,FlxTwr,2002,  4,1400,-999.000,CPI,20110428
Flx1,ON-WPP02,FlxTwr,2002,  4,1430,-999.000,CPI,20110428
Flx1,ON-WPP02,FlxTwr,2002,  4,1500,-999.000,CPI,20110428
Flx1,ON-WPP02,FlxTwr,2002,  4,1530,-999.000,CPI,20110428
Flx1,ON-WPP02,FlxTwr,2002,  4,1600,-999.000,CPI,20110428
Flx1,ON-WPP02,FlxTwr,2002,  4,1630,-999.000,CPI,20110428
Flx1,ON-WPP02,FlxTwr,2002,  4,1700,-999.000,CPI,20110428
Flx1,ON-WPP02,FlxTwr,2002,  4,1730,-999.000,CPI,20110428
Flx1,ON-WPP02,FlxTwr,2002,  4,1800,-999.000,CPI,20110428
Flx1,ON-WPP02,FlxTwr,2002,  4,1830,-999.000,CPI,20110428
Flx1,ON-WPP02,FlxTwr,2002,  4,1900,-999.000,CPI,20110428
Flx1,ON-WPP02,FlxTwr,2002,  4,1930,-999.000,CPI,20110428
Flx1,ON-WPP02,FlxTwr,2002,  4,2000,-999.000,CPI,20110428
Flx1,ON-WPP02,FlxTwr,2002,  4,2030,-999.000,CPI,20110428
Flx1,ON-WPP02,FlxTwr,2002,  4,2100,-999.000,CPI,20110428
Flx1,ON-WPP02,FlxTwr,2002,  4,2130,-999.000,CPI,20110428
Flx1,ON-WPP02,FlxTwr,2002,  4,2200,-999.000,CPI,20110428
Flx1,ON-WPP02,FlxTwr,2002,  4,2230,-999.000,CPI,20110428
Flx1,ON-WPP02,FlxTwr,2002,  4,2300,-999.000,CPI,20110428
Flx1,ON-WPP02,FlxTwr,2002,  4,2330,-999.000,CPI,20110428
Flx1,ON-WPP02,FlxTwr,2002,  4,2400,-999.000,CPI,20110428
Flx1,ON-WPP02,FlxTwr,2002,  5,  30,-999.000,CPI,20110428
Flx1,ON-WPP02,FlxTwr,2002,  5, 100,-999.000,CPI,20110428
Flx1,ON-WPP02,FlxTwr,2002,  5, 130,-999.000,CPI,20110428
Flx1,ON-WPP02,FlxTwr,2002,  5, 200,-999.000,CPI,20110428
Flx1,ON-WPP02,FlxTwr,2002,  5, 230,-999.000,CPI,20110428
Flx1,ON-WPP02,FlxTwr,2002,  5, 300,-999.000,CPI,20110428
Flx1,ON-WPP02,FlxTwr,2002,  5, 330,-999.000,CPI,20110428
Flx1,ON-WPP02,FlxTwr,2002,  5, 400,-999.000,CPI,20110428
Flx1,ON-WPP02,FlxTwr,2002,  5, 430,-999.000,CPI,20110428
Flx1,ON-WPP02,FlxTwr,2002,  5, 500,-999.000,CPI,20110428
Flx1,ON-WPP02,FlxTwr,2002,  5, 530,-999.000,CPI,20110428
Flx1,ON-WPP02,FlxTwr,2002,  5, 600,-999.000,CPI,20110428
Flx1,ON-WPP02,FlxTwr,2002,  5, 630,-999.000,CPI,20110428
Flx1,ON-WPP02,FlxTwr,2002,  5, 700,-999.000,CPI,20110428
Flx1,ON-WPP02,FlxTwr,2002,  5, 730,-999.000,CPI,20110428
Flx1,ON-WPP02,FlxTwr,2002,  5, 800,-999.000,CPI,20110428
Flx1,ON-WPP02,FlxTwr,2002,  5, 830,-999.000,CPI,20110428
Flx1,ON-WPP02,FlxTwr,2002,  5, 900,-999.000,CPI,20110428
Flx1,ON-WPP02,FlxTwr,2002,  5, 930,-999.000,CPI,20110428
Flx1,ON-WPP02,FlxTwr,2002,  5,1000,-999.000,CPI,20110428
Flx1,ON-WPP02,FlxTwr,2002,  5,1030,-999.000,CPI,20110428
Flx1,ON-WPP02,FlxTwr,2002,  5,1100,-999.000,CPI,20110428
Flx1,ON-WPP02,FlxTwr,2002,  5,1130,-999.000,CPI,20110428
Flx1,ON-WPP02,FlxTwr,2002,  5,1200,-999.000,CPI,20110428
Flx1,ON-WPP02,FlxTwr,2002,  5,1230,-999.000,CPI,20110428
Flx1,ON-WPP02,FlxTwr,2002,  5,1300,-999.000,CPI,20110428
Flx1,ON-WPP02,FlxTwr,2002,  5,1330,-999.000,CPI,20110428
Flx1,ON-WPP02,FlxTwr,2002,  5,1400,-999.000,CPI,20110428
Flx1,ON-WPP02,FlxTwr,2002,  5,1430,-999.000,CPI,20110428
Flx1,ON-WPP02,FlxTwr,2002,  5,1500,-999.000,CPI,20110428
Flx1,ON-WPP02,FlxTwr,2002,  5,1530,-999.000,CPI,20110428
Flx1,ON-WPP02,FlxTwr,2002,  5,1600,-999.000,CPI,20110428
Flx1,ON-WPP02,FlxTwr,2002,  5,1630,-999.000,CPI,20110428
Flx1,ON-WPP02,FlxTwr,2002,  5,1700,-999.000,CPI,20110428
Flx1,ON-WPP02,FlxTwr,2002,  5,1730,-999.000,CPI,20110428
Flx1,ON-WPP02,FlxTwr,2002,  5,1800,-999.000,CPI,20110428
Flx1,ON-WPP02,FlxTwr,2002,  5,1830,-999.000,CPI,20110428
Flx1,ON-WPP02,FlxTwr,2002,  5,1900,-999.000,CPI,20110428
Flx1,ON-WPP02,FlxTwr,2002,  5,1930,-999.000,CPI,20110428
Flx1,ON-WPP02,FlxTwr,2002,  5,2000,-999.000,CPI,20110428
Flx1,ON-WPP02,FlxTwr,2002,  5,2030,-999.000,CPI,20110428
Flx1,ON-WPP02,FlxTwr,2002,  5,2100,-999.000,CPI,20110428
Flx1,ON-WPP02,FlxTwr,2002,  5,2130,-999.000,CPI,20110428
Flx1,ON-WPP02,FlxTwr,2002,  5,2200,-999.000,CPI,20110428
Flx1,ON-WPP02,FlxTwr,2002,  5,2230,-999.000,CPI,20110428
Flx1,ON-WPP02,FlxTwr,2002,  5,2300,-999.000,CPI,20110428
Flx1,ON-WPP02,FlxTwr,2002,  5,2330,-999.000,CPI,20110428
Flx1,ON-WPP02,FlxTwr,2002,  5,2400,-999.000,CPI,20110428
Flx1,ON-WPP02,FlxTwr,2002,  6,  30,-999.000,CPI,20110428
Flx1,ON-WPP02,FlxTwr,2002,  6, 100,-999.000,CPI,20110428
Flx1,ON-WPP02,FlxTwr,2002,  6, 130,-999.000,CPI,20110428
Flx1,ON-WPP02,FlxTwr,2002,  6, 200,-999.000,CPI,20110428
Flx1,ON-WPP02,FlxTwr,2002,  6, 230,-999.000,CPI,20110428
Flx1,ON-WPP02,FlxTwr,2002,  6, 300,-999.000,CPI,20110428
Flx1,ON-WPP02,FlxTwr,2002,  6, 330,-999.000,CPI,20110428
Flx1,ON-WPP02,FlxTwr,2002,  6, 400,-999.000,CPI,20110428
Flx1,ON-WPP02,FlxTwr,2002,  6, 430,-999.000,CPI,20110428
Flx1,ON-WPP02,FlxTwr,2002,  6, 500,-999.000,CPI,20110428
Flx1,ON-WPP02,FlxTwr,2002,  6, 530,-999.000,CPI,20110428
Flx1,ON-WPP02,FlxTwr,2002,  6, 600,-999.000,CPI,20110428
Flx1,ON-WPP02,FlxTwr,2002,  6, 630,-999.000,CPI,20110428
Flx1,ON-WPP02,FlxTwr,2002,  6, 700,-999.000,CPI,20110428
Flx1,ON-WPP02,FlxTwr,2002,  6, 730,-999.000,CPI,20110428
Flx1,ON-WPP02,FlxTwr,2002,  6, 800,-999.000,CPI,20110428
Flx1,ON-WPP02,FlxTwr,2002,  6, 830,-999.000,CPI,20110428
Flx1,ON-WPP02,FlxTwr,2002,  6, 900,-999.000,CPI,20110428
Flx1,ON-WPP02,FlxTwr,2002,  6, 930,-999.000,CPI,20110428
Flx1,ON-WPP02,FlxTwr,2002,  6,1000,-999.000,CPI,20110428
Flx1,ON-WPP02,FlxTwr,2002,  6,1030,-999.000,CPI,20110428
Flx1,ON-WPP02,FlxTwr,2002,  6,1100,-999.000,CPI,20110428
Flx1,ON-WPP02,FlxTwr,2002,  6,1130,-999.000,CPI,20110428
Flx1,ON-WPP02,FlxTwr,2002,  6,1200,-999.000,CPI,20110428
Flx1,ON-WPP02,FlxTwr,2002,  6,1230,-999.000,CPI,20110428
Flx1,ON-WPP02,FlxTwr,2002,  6,1300,-999.000,CPI,20110428
Flx1,ON-WPP02,FlxTwr,2002,  6,1330,-999.000,CPI,20110428
Flx1,ON-WPP02,FlxTwr,2002,  6,1400,-999.000,CPI,20110428
Flx1,ON-WPP02,FlxTwr,2002,  6,1430,-999.000,CPI,20110428
Flx1,ON-WPP02,FlxTwr,2002,  6,1500,-999.000,CPI,20110428
Flx1,ON-WPP02,FlxTwr,2002,  6,1530,-999.000,CPI,20110428
Flx1,ON-WPP02,FlxTwr,2002,  6,1600,-999.000,CPI,20110428
Flx1,ON-WPP02,FlxTwr,2002,  6,1630,-999.000,CPI,20110428
Flx1,ON-WPP02,FlxTwr,2002,  6,1700,-999.000,CPI,20110428
Flx1,ON-WPP02,FlxTwr,2002,  6,1730,-999.000,CPI,20110428
Flx1,ON-WPP02,FlxTwr,2002,  6,1800,-999.000,CPI,20110428
Flx1,ON-WPP02,FlxTwr,2002,  6,1830,-999.000,CPI,20110428
Flx1,ON-WPP02,FlxTwr,2002,  6,1900,-999.000,CPI,20110428
Flx1,ON-WPP02,FlxTwr,2002,  6,1930,-999.000,CPI,20110428
Flx1,ON-WPP02,FlxTwr,2002,  6,2000,-999.000,CPI,20110428
Flx1,ON-WPP02,FlxTwr,2002,  6,2030,-999.000,CPI,20110428
Flx1,ON-WPP02,FlxTwr,2002,  6,2100,-999.000,CPI,20110428
Flx1,ON-WPP02,FlxTwr,2002,  6,2130,-999.000,CPI,20110428
Flx1,ON-WPP02,FlxTwr,2002,  6,2200,-999.000,CPI,20110428
Flx1,ON-WPP02,FlxTwr,2002,  6,2230,-999.000,CPI,20110428
Flx1,ON-WPP02,FlxTwr,2002,  6,2300,-999.000,CPI,20110428
Flx1,ON-WPP02,FlxTwr,2002,  6,2330,-999.000,CPI,20110428
Flx1,ON-WPP02,FlxTwr,2002,  6,2400,-999.000,CPI,20110428
Flx1,ON-WPP02,FlxTwr,2002,  7,  30,-999.000,CPI,20110428
Flx1,ON-WPP02,FlxTwr,2002,  7, 100,-999.000,CPI,20110428
Flx1,ON-WPP02,FlxTwr,2002,  7, 130,-999.000,CPI,20110428
Flx1,ON-WPP02,FlxTwr,2002,  7, 200,-999.000,CPI,20110428
Flx1,ON-WPP02,FlxTwr,2002,  7, 230,-999.000,CPI,20110428
Flx1,ON-WPP02,FlxTwr,2002,  7, 300,-999.000,CPI,20110428
Flx1,ON-WPP02,FlxTwr,2002,  7, 330,-999.000,CPI,20110428
Flx1,ON-WPP02,FlxTwr,2002,  7, 400,-999.000,CPI,20110428
Flx1,ON-WPP02,FlxTwr,2002,  7, 430,-999.000,CPI,20110428
Flx1,ON-WPP02,FlxTwr,2002,  7, 500,-999.000,CPI,20110428
Flx1,ON-WPP02,FlxTwr,2002,  7, 530,-999.000,CPI,20110428
Flx1,ON-WPP02,FlxTwr,2002,  7, 600,-999.000,CPI,20110428
Flx1,ON-WPP02,FlxTwr,2002,  7, 630,-999.000,CPI,20110428
Flx1,ON-WPP02,FlxTwr,2002,  7, 700,-999.000,CPI,20110428
Flx1,ON-WPP02,FlxTwr,2002,  7, 730,-999.000,CPI,20110428
Flx1,ON-WPP02,FlxTwr,2002,  7, 800,-999.000,CPI,20110428
Flx1,ON-WPP02,FlxTwr,2002,  7, 830,-999.000,CPI,20110428
Flx1,ON-WPP02,FlxTwr,2002,  7, 900,-999.000,CPI,20110428
Flx1,ON-WPP02,FlxTwr,2002,  7, 930,-999.000,CPI,20110428
Flx1,ON-WPP02,FlxTwr,2002,  7,1000,-999.000,CPI,20110428
Flx1,ON-WPP02,FlxTwr,2002,  7,1030,-999.000,CPI,20110428
Flx1,ON-WPP02,FlxTwr,2002,  7,1100,-999.000,CPI,20110428
Flx1,ON-WPP02,FlxTwr,2002,  7,1130,-999.000,CPI,20110428
Flx1,ON-WPP02,FlxTwr,2002,  7,1200,-999.000,CPI,20110428
Flx1,ON-WPP02,FlxTwr,2002,  7,1230,-999.000,CPI,20110428
Flx1,ON-WPP02,FlxTwr,2002,  7,1300,-999.000,CPI,20110428
Flx1,ON-WPP02,FlxTwr,2002,  7,1330,-999.000,CPI,20110428
Flx1,ON-WPP02,FlxTwr,2002,  7,1400,-999.000,CPI,20110428
Flx1,ON-WPP02,FlxTwr,2002,  7,1430,-999.000,CPI,20110428
Flx1,ON-WPP02,FlxTwr,2002,  7,1500,-999.000,CPI,20110428
Flx1,ON-WPP02,FlxTwr,2002,  7,1530,-999.000,CPI,20110428
Flx1,ON-WPP02,FlxTwr,2002,  7,1600,-999.000,CPI,20110428
Flx1,ON-WPP02,FlxTwr,2002,  7,1630,-999.000,CPI,20110428
Flx1,ON-WPP02,FlxTwr,2002,  7,1700,-999.000,CPI,20110428
Flx1,ON-WPP02,FlxTwr,2002,  7,1730,-999.000,CPI,20110428
Flx1,ON-WPP02,FlxTwr,2002,  7,1800,-999.000,CPI,20110428
Flx1,ON-WPP02,FlxTwr,2002,  7,1830,-999.000,CPI,20110428
Flx1,ON-WPP02,FlxTwr,2002,  7,1900,-999.000,CPI,20110428
Flx1,ON-WPP02,FlxTwr,2002,  7,1930,-999.000,CPI,20110428
Flx1,ON-WPP02,FlxTwr,2002,  7,2000,-999.000,CPI,20110428
Flx1,ON-WPP02,FlxTwr,2002,  7,2030,-999.000,CPI,20110428
Flx1,ON-WPP02,FlxTwr,2002,  7,2100,-999.000,CPI,20110428
Flx1,ON-WPP02,FlxTwr,2002,  7,2130,-999.000,CPI,20110428
Flx1,ON-WPP02,FlxTwr,2002,  7,2200,-999.000,CPI,20110428
Flx1,ON-WPP02,FlxTwr,2002,  7,2230,-999.000,CPI,20110428
Flx1,ON-WPP02,FlxTwr,2002,  7,2300,-999.000,CPI,20110428
Flx1,ON-WPP02,FlxTwr,2002,  7,2330,-999.000,CPI,20110428
Flx1,ON-WPP02,FlxTwr,2002,  7,2400,-999.000,CPI,20110428
Flx1,ON-WPP02,FlxTwr,2002,  8,  30,-999.000,CPI,20110428
Flx1,ON-WPP02,FlxTwr,2002,  8, 100,-999.000,CPI,20110428
Flx1,ON-WPP02,FlxTwr,2002,  8, 130,-999.000,CPI,20110428
Flx1,ON-WPP02,FlxTwr,2002,  8, 200,-999.000,CPI,20110428
Flx1,ON-WPP02,FlxTwr,2002,  8, 230,-999.000,CPI,20110428
Flx1,ON-WPP02,FlxTwr,2002,  8, 300,-999.000,CPI,20110428
Flx1,ON-WPP02,FlxTwr,2002,  8, 330,-999.000,CPI,20110428
Flx1,ON-WPP02,FlxTwr,2002,  8, 400,-999.000,CPI,20110428
Flx1,ON-WPP02,FlxTwr,2002,  8, 430,-999.000,CPI,20110428
Flx1,ON-WPP02,FlxTwr,2002,  8, 500,-999.000,CPI,20110428
Flx1,ON-WPP02,FlxTwr,2002,  8, 530,-999.000,CPI,20110428
Flx1,ON-WPP02,FlxTwr,2002,  8, 600,-999.000,CPI,20110428
Flx1,ON-WPP02,FlxTwr,2002,  8, 630,-999.000,CPI,20110428
Flx1,ON-WPP02,FlxTwr,2002,  8, 700,-999.000,CPI,20110428
Flx1,ON-WPP02,FlxTwr,2002,  8, 730,-999.000,CPI,20110428
Flx1,ON-WPP02,FlxTwr,2002,  8, 800,-999.000,CPI,20110428
Flx1,ON-WPP02,FlxTwr,2002,  8, 830,-999.000,CPI,20110428
Flx1,ON-WPP02,FlxTwr,2002,  8, 900,-999.000,CPI,20110428
Flx1,ON-WPP02,FlxTwr,2002,  8, 930,-999.000,CPI,20110428
Flx1,ON-WPP02,FlxTwr,2002,  8,1000,-999.000,CPI,20110428
Flx1,ON-WPP02,FlxTwr,2002,  8,1030,-999.000,CPI,20110428
Flx1,ON-WPP02,FlxTwr,2002,  8,1100,-999.000,CPI,20110428
Flx1,ON-WPP02,FlxTwr,2002,  8,1130,-999.000,CPI,20110428
Flx1,ON-WPP02,FlxTwr,2002,  8,1200,-999.000,CPI,20110428
Flx1,ON-WPP02,FlxTwr,2002,  8,1230,-999.000,CPI,20110428
Flx1,ON-WPP02,FlxTwr,2002,  8,1300,-999.000,CPI,20110428
Flx1,ON-WPP02,FlxTwr,2002,  8,1330,-999.000,CPI,20110428
Flx1,ON-WPP02,FlxTwr,2002,  8,1400,-999.000,CPI,20110428
Flx1,ON-WPP02,FlxTwr,2002,  8,1430,-999.000,CPI,20110428
Flx1,ON-WPP02,FlxTwr,2002,  8,1500,-999.000,CPI,20110428
Flx1,ON-WPP02,FlxTwr,2002,  8,1530,-999.000,CPI,20110428
Flx1,ON-WPP02,FlxTwr,2002,  8,1600,-999.000,CPI,20110428
Flx1,ON-WPP02,FlxTwr,2002,  8,1630,-999.000,CPI,20110428
Flx1,ON-WPP02,FlxTwr,2002,  8,1700,-999.000,CPI,20110428
Flx1,ON-WPP02,FlxTwr,2002,  8,1730,-999.000,CPI,20110428
Flx1,ON-WPP02,FlxTwr,2002,  8,1800,-999.000,CPI,20110428
Flx1,ON-WPP02,FlxTwr,2002,  8,1830,-999.000,CPI,20110428
Flx1,ON-WPP02,FlxTwr,2002,  8,1900,-999.000,CPI,20110428
Flx1,ON-WPP02,FlxTwr,2002,  8,1930,-999.000,CPI,20110428
Flx1,ON-WPP02,FlxTwr,2002,  8,2000,-999.000,CPI,20110428
Flx1,ON-WPP02,FlxTwr,2002,  8,2030,-999.000,CPI,20110428
Flx1,ON-WPP02,FlxTwr,2002,  8,2100,-999.000,CPI,20110428
Flx1,ON-WPP02,FlxTwr,2002,  8,2130,-999.000,CPI,20110428
Flx1,ON-WPP02,FlxTwr,2002,  8,2200,-999.000,CPI,20110428
Flx1,ON-WPP02,FlxTwr,2002,  8,2230,-999.000,CPI,20110428
Flx1,ON-WPP02,FlxTwr,2002,  8,2300,-999.000,CPI,20110428
Flx1,ON-WPP02,FlxTwr,2002,  8,2330,-999.000,CPI,20110428
Flx1,ON-WPP02,FlxTwr,2002,  8,2400,-999.000,CPI,20110428
Flx1,ON-WPP02,FlxTwr,2002,  9,  30,-999.000,CPI,20110428
Flx1,ON-WPP02,FlxTwr,2002,  9, 100,-999.000,CPI,20110428
Flx1,ON-WPP02,FlxTwr,2002,  9, 130,-999.000,CPI,20110428
Flx1,ON-WPP02,FlxTwr,2002,  9, 200,-999.000,CPI,20110428
Flx1,ON-WPP02,FlxTwr,2002,  9, 230,-999.000,CPI,20110428
Flx1,ON-WPP02,FlxTwr,2002,  9, 300,-999.000,CPI,20110428
Flx1,ON-WPP02,FlxTwr,2002,  9, 330,-999.000,CPI,20110428
Flx1,ON-WPP02,FlxTwr,2002,  9, 400,-999.000,CPI,20110428
Flx1,ON-WPP02,FlxTwr,2002,  9, 430,-999.000,CPI,20110428
Flx1,ON-WPP02,FlxTwr,2002,  9, 500,-999.000,CPI,20110428
Flx1,ON-WPP02,FlxTwr,2002,  9, 530,-999.000,CPI,20110428
Flx1,ON-WPP02,FlxTwr,2002,  9, 600,-999.000,CPI,20110428
Flx1,ON-WPP02,FlxTwr,2002,  9, 630,-999.000,CPI,20110428
Flx1,ON-WPP02,FlxTwr,2002,  9, 700,-999.000,CPI,20110428
Flx1,ON-WPP02,FlxTwr,2002,  9, 730,-999.000,CPI,20110428
Flx1,ON-WPP02,FlxTwr,2002,  9, 800,-999.000,CPI,20110428
Flx1,ON-WPP02,FlxTwr,2002,  9, 830,-999.000,CPI,20110428
Flx1,ON-WPP02,FlxTwr,2002,  9, 900,-999.000,CPI,20110428
Flx1,ON-WPP02,FlxTwr,2002,  9, 930,-999.000,CPI,20110428
Flx1,ON-WPP02,FlxTwr,2002,  9,1000,-999.000,CPI,20110428
Flx1,ON-WPP02,FlxTwr,2002,  9,1030,-999.000,CPI,20110428
Flx1,ON-WPP02,FlxTwr,2002,  9,1100,-999.000,CPI,20110428
Flx1,ON-WPP02,FlxTwr,2002,  9,1130,-999.000,CPI,20110428
Flx1,ON-WPP02,FlxTwr,2002,  9,1200,-999.000,CPI,20110428
Flx1,ON-WPP02,FlxTwr,2002,  9,1230,-999.000,CPI,20110428
Flx1,ON-WPP02,FlxTwr,2002,  9,1300,-999.000,CPI,20110428
Flx1,ON-WPP02,FlxTwr,2002,  9,1330,-999.000,CPI,20110428
Flx1,ON-WPP02,FlxTwr,2002,  9,1400,-999.000,CPI,20110428
Flx1,ON-WPP02,FlxTwr,2002,  9,1430,-999.000,CPI,20110428
Flx1,ON-WPP02,FlxTwr,2002,  9,1500,-999.000,CPI,20110428
Flx1,ON-WPP02,FlxTwr,2002,  9,1530,-999.000,CPI,20110428
Flx1,ON-WPP02,FlxTwr,2002,  9,1600,-999.000,CPI,20110428
Flx1,ON-WPP02,FlxTwr,2002,  9,1630,-999.000,CPI,20110428
Flx1,ON-WPP02,FlxTwr,2002,  9,1700,-999.000,CPI,20110428
Flx1,ON-WPP02,FlxTwr,2002,  9,1730,-999.000,CPI,20110428
Flx1,ON-WPP02,FlxTwr,2002,  9,1800,-999.000,CPI,20110428
Flx1,ON-WPP02,FlxTwr,2002,  9,1830,-999.000,CPI,20110428
Flx1,ON-WPP02,FlxTwr,2002,  9,1900,-999.000,CPI,20110428
Flx1,ON-WPP02,FlxTwr,2002,  9,1930,-999.000,CPI,20110428
Flx1,ON-WPP02,FlxTwr,2002,  9,2000,-999.000,CPI,20110428
Flx1,ON-WPP02,FlxTwr,2002,  9,2030,-999.000,CPI,20110428
Flx1,ON-WPP02,FlxTwr,2002,  9,2100,-999.000,CPI,20110428
Flx1,ON-WPP02,FlxTwr,2002,  9,2130,-999.000,CPI,20110428
Flx1,ON-WPP02,FlxTwr,2002,  9,2200,-999.000,CPI,20110428
Flx1,ON-WPP02,FlxTwr,2002,  9,2230,-999.000,CPI,20110428
Flx1,ON-WPP02,FlxTwr,2002,  9,2300,-999.000,CPI,20110428
Flx1,ON-WPP02,FlxTwr,2002,  9,2330,-999.000,CPI,20110428
Flx1,ON-WPP02,FlxTwr,2002,  9,2400,-999.000,CPI,20110428
Flx1,ON-WPP02,FlxTwr,2002, 10,  30,-999.000,CPI,20110428
Flx1,ON-WPP02,FlxTwr,2002, 10, 100,-999.000,CPI,20110428
Flx1,ON-WPP02,FlxTwr,2002, 10, 130,-999.000,CPI,20110428
Flx1,ON-WPP02,FlxTwr,2002, 10, 200,-999.000,CPI,20110428
Flx1,ON-WPP02,FlxTwr,2002, 10, 230,-999.000,CPI,20110428
Flx1,ON-WPP02,FlxTwr,2002, 10, 300,-999.000,CPI,20110428
Flx1,ON-WPP02,FlxTwr,2002, 10, 330,-999.000,CPI,20110428
Flx1,ON-WPP02,FlxTwr,2002, 10, 400,-999.000,CPI,20110428
Flx1,ON-WPP02,FlxTwr,2002, 10, 430,-999.000,CPI,20110428
Flx1,ON-WPP02,FlxTwr,2002, 10, 500,-999.000,CPI,20110428
Flx1,ON-WPP02,FlxTwr,2002, 10, 530,-999.000,CPI,20110428
Flx1,ON-WPP02,FlxTwr,2002, 10, 600,-999.000,CPI,20110428
Flx1,ON-WPP02,FlxTwr,2002, 10, 630,-999.000,CPI,20110428
Flx1,ON-WPP02,FlxTwr,2002, 10, 700,-999.000,CPI,20110428
Flx1,ON-WPP02,FlxTwr,2002, 10, 730,-999.000,CPI,20110428
Flx1,ON-WPP02,FlxTwr,2002, 10, 800,-999.000,CPI,20110428
Flx1,ON-WPP02,FlxTwr,2002, 10, 830,-999.000,CPI,20110428
Flx1,ON-WPP02,FlxTwr,2002, 10, 900,-999.000,CPI,20110428
Flx1,ON-WPP02,FlxTwr,2002, 10, 930,-999.000,CPI,20110428
Flx1,ON-WPP02,FlxTwr,2002, 10,1000,-999.000,CPI,20110428
Flx1,ON-WPP02,FlxTwr,2002, 10,1030,-999.000,CPI,20110428
Flx1,ON-WPP02,FlxTwr,2002, 10,1100,-999.000,CPI,20110428
Flx1,ON-WPP02,FlxTwr,2002, 10,1130,-999.000,CPI,20110428
Flx1,ON-WPP02,FlxTwr,2002, 10,1200,-999.000,CPI,20110428
Flx1,ON-WPP02,FlxTwr,2002, 10,1230,-999.000,CPI,20110428
Flx1,ON-WPP02,FlxTwr,2002, 10,1300,-999.000,CPI,20110428
Flx1,ON-WPP02,FlxTwr,2002, 10,1330,-999.000,CPI,20110428
Flx1,ON-WPP02,FlxTwr,2002, 10,1400,-999.000,CPI,20110428
Flx1,ON-WPP02,FlxTwr,2002, 10,1430,-999.000,CPI,20110428
Flx1,ON-WPP02,FlxTwr,2002, 10,1500,-999.000,CPI,20110428
Flx1,ON-WPP02,FlxTwr,2002, 10,1530,-999.000,CPI,20110428
Flx1,ON-WPP02,FlxTwr,2002, 10,1600,-999.000,CPI,20110428
Flx1,ON-WPP02,FlxTwr,2002, 10,1630,-999.000,CPI,20110428
Flx1,ON-WPP02,FlxTwr,2002, 10,1700,-999.000,CPI,20110428
Flx1,ON-WPP02,FlxTwr,2002, 10,1730,-999.000,CPI,20110428
Flx1,ON-WPP02,FlxTwr,2002, 10,1800,-999.000,CPI,20110428
Flx1,ON-WPP02,FlxTwr,2002, 10,1830,-999.000,CPI,20110428
Flx1,ON-WPP02,FlxTwr,2002, 10,1900,-999.000,CPI,20110428
Flx1,ON-WPP02,FlxTwr,2002, 10,1930,-999.000,CPI,20110428
Flx1,ON-WPP02,FlxTwr,2002, 10,2000,-999.000,CPI,20110428
Flx1,ON-WPP02,FlxTwr,2002, 10,2030,-999.000,CPI,20110428
Flx1,ON-WPP02,FlxTwr,2002, 10,2100,-999.000,CPI,20110428
Flx1,ON-WPP02,FlxTwr,2002, 10,2130,-999.000,CPI,20110428
Flx1,ON-WPP02,FlxTwr,2002, 10,2200,-999.000,CPI,20110428
Flx1,ON-WPP02,FlxTwr,2002, 10,2230,-999.000,CPI,20110428
Flx1,ON-WPP02,FlxTwr,2002, 10,2300,-999.000,CPI,20110428
Flx1,ON-WPP02,FlxTwr,2002, 10,2330,-999.000,CPI,20110428
Flx1,ON-WPP02,FlxTwr,2002, 10,2400,-999.000,CPI,20110428
Flx1,ON-WPP02,FlxTwr,2002, 11,  30,-999.000,CPI,20110428
Flx1,ON-WPP02,FlxTwr,2002, 11, 100,-999.000,CPI,20110428
Flx1,ON-WPP02,FlxTwr,2002, 11, 130,-999.000,CPI,20110428
Flx1,ON-WPP02,FlxTwr,2002, 11, 200,-999.000,CPI,20110428
Flx1,ON-WPP02,FlxTwr,2002, 11, 230,-999.000,CPI,20110428
Flx1,ON-WPP02,FlxTwr,2002, 11, 300,-999.000,CPI,20110428
Flx1,ON-WPP02,FlxTwr,2002, 11, 330,-999.000,CPI,20110428
Flx1,ON-WPP02,FlxTwr,2002, 11, 400,-999.000,CPI,20110428
Flx1,ON-WPP02,FlxTwr,2002, 11, 430,-999.000,CPI,20110428
Flx1,ON-WPP02,FlxTwr,2002, 11, 500,-999.000,CPI,20110428
Flx1,ON-WPP02,FlxTwr,2002, 11, 530,-999.000,CPI,20110428
Flx1,ON-WPP02,FlxTwr,2002, 11, 600,-999.000,CPI,20110428
Flx1,ON-WPP02,FlxTwr,2002, 11, 630,-999.000,CPI,20110428
Flx1,ON-WPP02,FlxTwr,2002, 11, 700,-999.000,CPI,20110428
Flx1,ON-WPP02,FlxTwr,2002, 11, 730,-999.000,CPI,20110428
Flx1,ON-WPP02,FlxTwr,2002, 11, 800,-999.000,CPI,20110428
Flx1,ON-WPP02,FlxTwr,2002, 11, 830,-999.000,CPI,20110428
Flx1,ON-WPP02,FlxTwr,2002, 11, 900,-999.000,CPI,20110428
Flx1,ON-WPP02,FlxTwr,2002, 11, 930,-999.000,CPI,20110428
Flx1,ON-WPP02,FlxTwr,2002, 11,1000,-999.000,CPI,20110428
Flx1,ON-WPP02,FlxTwr,2002, 11,1030,-999.000,CPI,20110428
Flx1,ON-WPP02,FlxTwr,2002, 11,1100,-999.000,CPI,20110428
Flx1,ON-WPP02,FlxTwr,2002, 11,1130,-999.000,CPI,20110428
Flx1,ON-WPP02,FlxTwr,2002, 11,1200,-999.000,CPI,20110428
Flx1,ON-WPP02,FlxTwr,2002, 11,1230,-999.000,CPI,20110428
Flx1,ON-WPP02,FlxTwr,2002, 11,1300,-999.000,CPI,20110428
Flx1,ON-WPP02,FlxTwr,2002, 11,1330,-999.000,CPI,20110428
Flx1,ON-WPP02,FlxTwr,2002, 11,1400,-999.000,CPI,20110428
Flx1,ON-WPP02,FlxTwr,2002, 11,1430,-999.000,CPI,20110428
Flx1,ON-WPP02,FlxTwr,2002, 11,1500,-999.000,CPI,20110428
Flx1,ON-WPP02,FlxTwr,2002, 11,1530,-999.000,CPI,20110428
Flx1,ON-WPP02,FlxTwr,2002, 11,1600,-999.000,CPI,20110428
Flx1,ON-WPP02,FlxTwr,2002, 11,1630,-999.000,CPI,20110428
Flx1,ON-WPP02,FlxTwr,2002, 11,1700,-999.000,CPI,20110428
Flx1,ON-WPP02,FlxTwr,2002, 11,1730,-999.000,CPI,20110428
Flx1,ON-WPP02,FlxTwr,2002, 11,1800,-999.000,CPI,20110428
Flx1,ON-WPP02,FlxTwr,2002, 11,1830,-999.000,CPI,20110428
Flx1,ON-WPP02,FlxTwr,2002, 11,1900,-999.000,CPI,20110428
Flx1,ON-WPP02,FlxTwr,2002, 11,1930,-999.000,CPI,20110428
Flx1,ON-WPP02,FlxTwr,2002, 11,2000,-999.000,CPI,20110428
Flx1,ON-WPP02,FlxTwr,2002, 11,2030,-999.000,CPI,20110428
Flx1,ON-WPP02,FlxTwr,2002, 11,2100,-999.000,CPI,20110428
Flx1,ON-WPP02,FlxTwr,2002, 11,2130,-999.000,CPI,20110428
Flx1,ON-WPP02,FlxTwr,2002, 11,2200,-999.000,CPI,20110428
Flx1,ON-WPP02,FlxTwr,2002, 11,2230,-999.000,CPI,20110428
Flx1,ON-WPP02,FlxTwr,2002, 11,2300,-999.000,CPI,20110428
Flx1,ON-WPP02,FlxTwr,2002, 11,2330,-999.000,CPI,20110428
Flx1,ON-WPP02,FlxTwr,2002, 11,2400,-999.000,CPI,20110428
Flx1,ON-WPP02,FlxTwr,2002, 12,  30,-999.000,CPI,20110428
Flx1,ON-WPP02,FlxTwr,2002, 12, 100,-999.000,CPI,20110428
Flx1,ON-WPP02,FlxTwr,2002, 12, 130,-999.000,CPI,20110428
Flx1,ON-WPP02,FlxTwr,2002, 12, 200,-999.000,CPI,20110428
Flx1,ON-WPP02,FlxTwr,2002, 12, 230,-999.000,CPI,20110428
Flx1,ON-WPP02,FlxTwr,2002, 12, 300,-999.000,CPI,20110428
Flx1,ON-WPP02,FlxTwr,2002, 12, 330,-999.000,CPI,20110428
Flx1,ON-WPP02,FlxTwr,2002, 12, 400,-999.000,CPI,20110428
Flx1,ON-WPP02,FlxTwr,2002, 12, 430,-999.000,CPI,20110428
Flx1,ON-WPP02,FlxTwr,2002, 12, 500,-999.000,CPI,20110428
Flx1,ON-WPP02,FlxTwr,2002, 12, 530,-999.000,CPI,20110428
Flx1,ON-WPP02,FlxTwr,2002, 12, 600,-999.000,CPI,20110428
Flx1,ON-WPP02,FlxTwr,2002, 12, 630,-999.000,CPI,20110428
Flx1,ON-WPP02,FlxTwr,2002, 12, 700,-999.000,CPI,20110428
Flx1,ON-WPP02,FlxTwr,2002, 12, 730,-999.000,CPI,20110428
Flx1,ON-WPP02,FlxTwr,2002, 12, 800,-999.000,CPI,20110428
Flx1,ON-WPP02,FlxTwr,2002, 12, 830,-999.000,CPI,20110428
Flx1,ON-WPP02,FlxTwr,2002, 12, 900,-999.000,CPI,20110428
Flx1,ON-WPP02,FlxTwr,2002, 12, 930,-999.000,CPI,20110428
Flx1,ON-WPP02,FlxTwr,2002, 12,1000,-999.000,CPI,20110428
Flx1,ON-WPP02,FlxTwr,2002, 12,1030,-999.000,CPI,20110428
Flx1,ON-WPP02,FlxTwr,2002, 12,1100,-999.000,CPI,20110428
Flx1,ON-WPP02,FlxTwr,2002, 12,1130,-999.000,CPI,20110428
Flx1,ON-WPP02,FlxTwr,2002, 12,1200,-999.000,CPI,20110428
Flx1,ON-WPP02,FlxTwr,2002, 12,1230,-999.000,CPI,20110428
Flx1,ON-WPP02,FlxTwr,2002, 12,1300,-999.000,CPI,20110428
Flx1,ON-WPP02,FlxTwr,2002, 12,1330,-999.000,CPI,20110428
Flx1,ON-WPP02,FlxTwr,2002, 12,1400,-999.000,CPI,20110428
Flx1,ON-WPP02,FlxTwr,2002, 12,1430,-999.000,CPI,20110428
Flx1,ON-WPP02,FlxTwr,2002, 12,1500,-999.000,CPI,20110428
Flx1,ON-WPP02,FlxTwr,2002, 12,1530,-999.000,CPI,20110428
Flx1,ON-WPP02,FlxTwr,2002, 12,1600,-999.000,CPI,20110428
Flx1,ON-WPP02,FlxTwr,2002, 12,1630,-999.000,CPI,20110428
Flx1,ON-WPP02,FlxTwr,2002, 12,1700,-999.000,CPI,20110428
Flx1,ON-WPP02,FlxTwr,2002, 12,1730,-999.000,CPI,20110428
Flx1,ON-WPP02,FlxTwr,2002, 12,1800,-999.000,CPI,20110428
Flx1,ON-WPP02,FlxTwr,2002, 12,1830,-999.000,CPI,20110428
Flx1,ON-WPP02,FlxTwr,2002, 12,1900,-999.000,CPI,20110428
Flx1,ON-WPP02,FlxTwr,2002, 12,1930,-999.000,CPI,20110428
Flx1,ON-WPP02,FlxTwr,2002, 12,2000,-999.000,CPI,20110428
Flx1,ON-WPP02,FlxTwr,2002, 12,2030,-999.000,CPI,20110428
Flx1,ON-WPP02,FlxTwr,2002, 12,2100,-999.000,CPI,20110428
Flx1,ON-WPP02,FlxTwr,2002, 12,2130,-999.000,CPI,20110428
Flx1,ON-WPP02,FlxTwr,2002, 12,2200,-999.000,CPI,20110428
Flx1,ON-WPP02,FlxTwr,2002, 12,2230,-999.000,CPI,20110428
Flx1,ON-WPP02,FlxTwr,2002, 12,2300,-999.000,CPI,20110428
Flx1,ON-WPP02,FlxTwr,2002, 12,2330,-999.000,CPI,20110428
Flx1,ON-WPP02,FlxTwr,2002, 12,2400,-999.000,CPI,20110428
Flx1,ON-WPP02,FlxTwr,2002, 13,  30,-999.000,CPI,20110428
Flx1,ON-WPP02,FlxTwr,2002, 13, 100,-999.000,CPI,20110428
Flx1,ON-WPP02,FlxTwr,2002, 13, 130,-999.000,CPI,20110428
Flx1,ON-WPP02,FlxTwr,2002, 13, 200,-999.000,CPI,20110428
Flx1,ON-WPP02,FlxTwr,2002, 13, 230,-999.000,CPI,20110428
Flx1,ON-WPP02,FlxTwr,2002, 13, 300,-999.000,CPI,20110428
Flx1,ON-WPP02,FlxTwr,2002, 13, 330,-999.000,CPI,20110428
Flx1,ON-WPP02,FlxTwr,2002, 13, 400,-999.000,CPI,20110428
Flx1,ON-WPP02,FlxTwr,2002, 13, 430,-999.000,CPI,20110428
Flx1,ON-WPP02,FlxTwr,2002, 13, 500,-999.000,CPI,20110428
Flx1,ON-WPP02,FlxTwr,2002, 13, 530,-999.000,CPI,20110428
Flx1,ON-WPP02,FlxTwr,2002, 13, 600,-999.000,CPI,20110428
Flx1,ON-WPP02,FlxTwr,2002, 13, 630,-999.000,CPI,20110428
Flx1,ON-WPP02,FlxTwr,2002, 13, 700,-999.000,CPI,20110428
Flx1,ON-WPP02,FlxTwr,2002, 13, 730,-999.000,CPI,20110428
Flx1,ON-WPP02,FlxTwr,2002, 13, 800,-999.000,CPI,20110428
Flx1,ON-WPP02,FlxTwr,2002, 13, 830,-999.000,CPI,20110428
Flx1,ON-WPP02,FlxTwr,2002, 13, 900,-999.000,CPI,20110428
Flx1,ON-WPP02,FlxTwr,2002, 13, 930,-999.000,CPI,20110428
Flx1,ON-WPP02,FlxTwr,2002, 13,1000,-999.000,CPI,20110428
Flx1,ON-WPP02,FlxTwr,2002, 13,1030,-999.000,CPI,20110428
Flx1,ON-WPP02,FlxTwr,2002, 13,1100,-999.000,CPI,20110428
Flx1,ON-WPP02,FlxTwr,2002, 13,1130,-999.000,CPI,20110428
Flx1,ON-WPP02,FlxTwr,2002, 13,1200,-999.000,CPI,20110428
Flx1,ON-WPP02,FlxTwr,2002, 13,1230,-999.000,CPI,20110428
Flx1,ON-WPP02,FlxTwr,2002, 13,1300,-999.000,CPI,20110428
Flx1,ON-WPP02,FlxTwr,2002, 13,1330,-999.000,CPI,20110428
Flx1,ON-WPP02,FlxTwr,2002, 13,1400,-999.000,CPI,20110428
Flx1,ON-WPP02,FlxTwr,2002, 13,1430,-999.000,CPI,20110428
Flx1,ON-WPP02,FlxTwr,2002, 13,1500,-999.000,CPI,20110428
Flx1,ON-WPP02,FlxTwr,2002, 13,1530,-999.000,CPI,20110428
Flx1,ON-WPP02,FlxTwr,2002, 13,1600,-999.000,CPI,20110428
Flx1,ON-WPP02,FlxTwr,2002, 13,1630,-999.000,CPI,20110428
Flx1,ON-WPP02,FlxTwr,2002, 13,1700,-999.000,CPI,20110428
Flx1,ON-WPP02,FlxTwr,2002, 13,1730,-999.000,CPI,20110428
Flx1,ON-WPP02,FlxTwr,2002, 13,1800,-999.000,CPI,20110428
Flx1,ON-WPP02,FlxTwr,2002, 13,1830,-999.000,CPI,20110428
Flx1,ON-WPP02,FlxTwr,2002, 13,1900,-999.000,CPI,20110428
Flx1,ON-WPP02,FlxTwr,2002, 13,1930,-999.000,CPI,20110428
Flx1,ON-WPP02,FlxTwr,2002, 13,2000,-999.000,CPI,20110428
Flx1,ON-WPP02,FlxTwr,2002, 13,2030,-999.000,CPI,20110428
Flx1,ON-WPP02,FlxTwr,2002, 13,2100,-999.000,CPI,20110428
Flx1,ON-WPP02,FlxTwr,2002, 13,2130,-999.000,CPI,20110428
Flx1,ON-WPP02,FlxTwr,2002, 13,2200,-999.000,CPI,20110428
Flx1,ON-WPP02,FlxTwr,2002, 13,2230,-999.000,CPI,20110428
Flx1,ON-WPP02,FlxTwr,2002, 13,2300,-999.000,CPI,20110428
Flx1,ON-WPP02,FlxTwr,2002, 13,2330,-999.000,CPI,20110428
Flx1,ON-WPP02,FlxTwr,2002, 13,2400,-999.000,CPI,20110428
Flx1,ON-WPP02,FlxTwr,2002, 14,  30,-999.000,CPI,20110428
Flx1,ON-WPP02,FlxTwr,2002, 14, 100,-999.000,CPI,20110428
Flx1,ON-WPP02,FlxTwr,2002, 14, 130,-999.000,CPI,20110428
Flx1,ON-WPP02,FlxTwr,2002, 14, 200,-999.000,CPI,20110428
Flx1,ON-WPP02,FlxTwr,2002, 14, 230,-999.000,CPI,20110428
Flx1,ON-WPP02,FlxTwr,2002, 14, 300,-999.000,CPI,20110428
Flx1,ON-WPP02,FlxTwr,2002, 14, 330,-999.000,CPI,20110428
Flx1,ON-WPP02,FlxTwr,2002, 14, 400,-999.000,CPI,20110428
Flx1,ON-WPP02,FlxTwr,2002, 14, 430,-999.000,CPI,20110428
Flx1,ON-WPP02,FlxTwr,2002, 14, 500,-999.000,CPI,20110428
Flx1,ON-WPP02,FlxTwr,2002, 14, 530,-999.000,CPI,20110428
Flx1,ON-WPP02,FlxTwr,2002, 14, 600,-999.000,CPI,20110428
Flx1,ON-WPP02,FlxTwr,2002, 14, 630,-999.000,CPI,20110428
Flx1,ON-WPP02,FlxTwr,2002, 14, 700,-999.000,CPI,20110428
Flx1,ON-WPP02,FlxTwr,2002, 14, 730,-999.000,CPI,20110428
Flx1,ON-WPP02,FlxTwr,2002, 14, 800,-999.000,CPI,20110428
Flx1,ON-WPP02,FlxTwr,2002, 14, 830,-999.000,CPI,20110428
Flx1,ON-WPP02,FlxTwr,2002, 14, 900,-999.000,CPI,20110428
Flx1,ON-WPP02,FlxTwr,2002, 14, 930,-999.000,CPI,20110428
Flx1,ON-WPP02,FlxTwr,2002, 14,1000,-999.000,CPI,20110428
Flx1,ON-WPP02,FlxTwr,2002, 14,1030,-999.000,CPI,20110428
Flx1,ON-WPP02,FlxTwr,2002, 14,1100,-999.000,CPI,20110428
Flx1,ON-WPP02,FlxTwr,2002, 14,1130,-999.000,CPI,20110428
Flx1,ON-WPP02,FlxTwr,2002, 14,1200,-999.000,CPI,20110428
Flx1,ON-WPP02,FlxTwr,2002, 14,1230,-999.000,CPI,20110428
Flx1,ON-WPP02,FlxTwr,2002, 14,1300,-999.000,CPI,20110428
Flx1,ON-WPP02,FlxTwr,2002, 14,1330,-999.000,CPI,20110428
Flx1,ON-WPP02,FlxTwr,2002, 14,1400,-999.000,CPI,20110428
Flx1,ON-WPP02,FlxTwr,2002, 14,1430,-999.000,CPI,20110428
Flx1,ON-WPP02,FlxTwr,2002, 14,1500,-999.000,CPI,20110428
Flx1,ON-WPP02,FlxTwr,2002, 14,1530,-999.000,CPI,20110428
Flx1,ON-WPP02,FlxTwr,2002, 14,1600,-999.000,CPI,20110428
Flx1,ON-WPP02,FlxTwr,2002, 14,1630,-999.000,CPI,20110428
Flx1,ON-WPP02,FlxTwr,2002, 14,1700,-999.000,CPI,20110428
Flx1,ON-WPP02,FlxTwr,2002, 14,1730,-999.000,CPI,20110428
Flx1,ON-WPP02,FlxTwr,2002, 14,1800,-999.000,CPI,20110428
Flx1,ON-WPP02,FlxTwr,2002, 14,1830,-999.000,CPI,20110428
Flx1,ON-WPP02,FlxTwr,2002, 14,1900,-999.000,CPI,20110428
Flx1,ON-WPP02,FlxTwr,2002, 14,1930,-999.000,CPI,20110428
Flx1,ON-WPP02,FlxTwr,2002, 14,2000,-999.000,CPI,20110428
Flx1,ON-WPP02,FlxTwr,2002, 14,2030,-999.000,CPI,20110428
Flx1,ON-WPP02,FlxTwr,2002, 14,2100,-999.000,CPI,20110428
Flx1,ON-WPP02,FlxTwr,2002, 14,2130,-999.000,CPI,20110428
Flx1,ON-WPP02,FlxTwr,2002, 14,2200,-999.000,CPI,20110428
Flx1,ON-WPP02,FlxTwr,2002, 14,2230,-999.000,CPI,20110428
Flx1,ON-WPP02,FlxTwr,2002, 14,2300,-999.000,CPI,20110428
Flx1,ON-WPP02,FlxTwr,2002, 14,2330,-999.000,CPI,20110428
Flx1,ON-WPP02,FlxTwr,2002, 14,2400,-999.000,CPI,20110428
Flx1,ON-WPP02,FlxTwr,2002, 15,  30,-999.000,CPI,20110428
Flx1,ON-WPP02,FlxTwr,2002, 15, 100,-999.000,CPI,20110428
Flx1,ON-WPP02,FlxTwr,2002, 15, 130,-999.000,CPI,20110428
Flx1,ON-WPP02,FlxTwr,2002, 15, 200,-999.000,CPI,20110428
Flx1,ON-WPP02,FlxTwr,2002, 15, 230,-999.000,CPI,20110428
Flx1,ON-WPP02,FlxTwr,2002, 15, 300,-999.000,CPI,20110428
Flx1,ON-WPP02,FlxTwr,2002, 15, 330,-999.000,CPI,20110428
Flx1,ON-WPP02,FlxTwr,2002, 15, 400,-999.000,CPI,20110428
Flx1,ON-WPP02,FlxTwr,2002, 15, 430,-999.000,CPI,20110428
Flx1,ON-WPP02,FlxTwr,2002, 15, 500,-999.000,CPI,20110428
Flx1,ON-WPP02,FlxTwr,2002, 15, 530,-999.000,CPI,20110428
Flx1,ON-WPP02,FlxTwr,2002, 15, 600,-999.000,CPI,20110428
Flx1,ON-WPP02,FlxTwr,2002, 15, 630,-999.000,CPI,20110428
Flx1,ON-WPP02,FlxTwr,2002, 15, 700,-999.000,CPI,20110428
Flx1,ON-WPP02,FlxTwr,2002, 15, 730,-999.000,CPI,20110428
Flx1,ON-WPP02,FlxTwr,2002, 15, 800,-999.000,CPI,20110428
Flx1,ON-WPP02,FlxTwr,2002, 15, 830,-999.000,CPI,20110428
Flx1,ON-WPP02,FlxTwr,2002, 15, 900,-999.000,CPI,20110428
Flx1,ON-WPP02,FlxTwr,2002, 15, 930,-999.000,CPI,20110428
Flx1,ON-WPP02,FlxTwr,2002, 15,1000,-999.000,CPI,20110428
Flx1,ON-WPP02,FlxTwr,2002, 15,1030,-999.000,CPI,20110428
Flx1,ON-WPP02,FlxTwr,2002, 15,1100,-999.000,CPI,20110428
Flx1,ON-WPP02,FlxTwr,2002, 15,1130,-999.000,CPI,20110428
Flx1,ON-WPP02,FlxTwr,2002, 15,1200,-999.000,CPI,20110428
Flx1,ON-WPP02,FlxTwr,2002, 15,1230,-999.000,CPI,20110428
Flx1,ON-WPP02,FlxTwr,2002, 15,1300,-999.000,CPI,20110428
Flx1,ON-WPP02,FlxTwr,2002, 15,1330,-999.000,CPI,20110428
Flx1,ON-WPP02,FlxTwr,2002, 15,1400,-999.000,CPI,20110428
Flx1,ON-WPP02,FlxTwr,2002, 15,1430,-999.000,CPI,20110428
Flx1,ON-WPP02,FlxTwr,2002, 15,1500,-999.000,CPI,20110428
Flx1,ON-WPP02,FlxTwr,2002, 15,1530,-999.000,CPI,20110428
Flx1,ON-WPP02,FlxTwr,2002, 15,1600,-999.000,CPI,20110428
Flx1,ON-WPP02,FlxTwr,2002, 15,1630,-999.000,CPI,20110428
Flx1,ON-WPP02,FlxTwr,2002, 15,1700,-999.000,CPI,20110428
Flx1,ON-WPP02,FlxTwr,2002, 15,1730,-999.000,CPI,20110428
Flx1,ON-WPP02,FlxTwr,2002, 15,1800,-999.000,CPI,20110428
Flx1,ON-WPP02,FlxTwr,2002, 15,1830,-999.000,CPI,20110428
Flx1,ON-WPP02,FlxTwr,2002, 15,1900,-999.000,CPI,20110428
Flx1,ON-WPP02,FlxTwr,2002, 15,1930,-999.000,CPI,20110428
Flx1,ON-WPP02,FlxTwr,2002, 15,2000,-999.000,CPI,20110428
Flx1,ON-WPP02,FlxTwr,2002, 15,2030,-999.000,CPI,20110428
Flx1,ON-WPP02,FlxTwr,2002, 15,2100,-999.000,CPI,20110428
Flx1,ON-WPP02,FlxTwr,2002, 15,2130,-999.000,CPI,20110428
Flx1,ON-WPP02,FlxTwr,2002, 15,2200,-999.000,CPI,20110428
Flx1,ON-WPP02,FlxTwr,2002, 15,2230,-999.000,CPI,20110428
Flx1,ON-WPP02,FlxTwr,2002, 15,2300,-999.000,CPI,20110428
Flx1,ON-WPP02,FlxTwr,2002, 15,2330,-999.000,CPI,20110428
Flx1,ON-WPP02,FlxTwr,2002, 15,2400,-999.000,CPI,20110428
Flx1,ON-WPP02,FlxTwr,2002, 16,  30,-999.000,CPI,20110428
Flx1,ON-WPP02,FlxTwr,2002, 16, 100,-999.000,CPI,20110428
Flx1,ON-WPP02,FlxTwr,2002, 16, 130,-999.000,CPI,20110428
Flx1,ON-WPP02,FlxTwr,2002, 16, 200,-999.000,CPI,20110428
Flx1,ON-WPP02,FlxTwr,2002, 16, 230,-999.000,CPI,20110428
Flx1,ON-WPP02,FlxTwr,2002, 16, 300,-999.000,CPI,20110428
Flx1,ON-WPP02,FlxTwr,2002, 16, 330,-999.000,CPI,20110428
Flx1,ON-WPP02,FlxTwr,2002, 16, 400,-999.000,CPI,20110428
Flx1,ON-WPP02,FlxTwr,2002, 16, 430,-999.000,CPI,20110428
Flx1,ON-WPP02,FlxTwr,2002, 16, 500,-999.000,CPI,20110428
Flx1,ON-WPP02,FlxTwr,2002, 16, 530,-999.000,CPI,20110428
Flx1,ON-WPP02,FlxTwr,2002, 16, 600,-999.000,CPI,20110428
Flx1,ON-WPP02,FlxTwr,2002, 16, 630,-999.000,CPI,20110428
Flx1,ON-WPP02,FlxTwr,2002, 16, 700,-999.000,CPI,20110428
Flx1,ON-WPP02,FlxTwr,2002, 16, 730,-999.000,CPI,20110428
Flx1,ON-WPP02,FlxTwr,2002, 16, 800,-999.000,CPI,20110428
Flx1,ON-WPP02,FlxTwr,2002, 16, 830,-999.000,CPI,20110428
Flx1,ON-WPP02,FlxTwr,2002, 16, 900,-999.000,CPI,20110428
Flx1,ON-WPP02,FlxTwr,2002, 16, 930,-999.000,CPI,20110428
Flx1,ON-WPP02,FlxTwr,2002, 16,1000,-999.000,CPI,20110428
Flx1,ON-WPP02,FlxTwr,2002, 16,1030,-999.000,CPI,20110428
Flx1,ON-WPP02,FlxTwr,2002, 16,1100,-999.000,CPI,20110428
Flx1,ON-WPP02,FlxTwr,2002, 16,1130,-999.000,CPI,20110428
Flx1,ON-WPP02,FlxTwr,2002, 16,1200,-999.000,CPI,20110428
Flx1,ON-WPP02,FlxTwr,2002, 16,1230,-999.000,CPI,20110428
Flx1,ON-WPP02,FlxTwr,2002, 16,1300,-999.000,CPI,20110428
Flx1,ON-WPP02,FlxTwr,2002, 16,1330,-999.000,CPI,20110428
Flx1,ON-WPP02,FlxTwr,2002, 16,1400,-999.000,CPI,20110428
Flx1,ON-WPP02,FlxTwr,2002, 16,1430,-999.000,CPI,20110428
Flx1,ON-WPP02,FlxTwr,2002, 16,1500,-999.000,CPI,20110428
Flx1,ON-WPP02,FlxTwr,2002, 16,1530,-999.000,CPI,20110428
Flx1,ON-WPP02,FlxTwr,2002, 16,1600,-999.000,CPI,20110428
Flx1,ON-WPP02,FlxTwr,2002, 16,1630,-999.000,CPI,20110428
Flx1,ON-WPP02,FlxTwr,2002, 16,1700,-999.000,CPI,20110428
Flx1,ON-WPP02,FlxTwr,2002, 16,1730,-999.000,CPI,20110428
Flx1,ON-WPP02,FlxTwr,2002, 16,1800,-999.000,CPI,20110428
Flx1,ON-WPP02,FlxTwr,2002, 16,1830,-999.000,CPI,20110428
Flx1,ON-WPP02,FlxTwr,2002, 16,1900,-999.000,CPI,20110428
Flx1,ON-WPP02,FlxTwr,2002, 16,1930,-999.000,CPI,20110428
Flx1,ON-WPP02,FlxTwr,2002, 16,2000,-999.000,CPI,20110428
Flx1,ON-WPP02,FlxTwr,2002, 16,2030,-999.000,CPI,20110428
Flx1,ON-WPP02,FlxTwr,2002, 16,2100,-999.000,CPI,20110428
Flx1,ON-WPP02,FlxTwr,2002, 16,2130,-999.000,CPI,20110428
Flx1,ON-WPP02,FlxTwr,2002, 16,2200,-999.000,CPI,20110428
Flx1,ON-WPP02,FlxTwr,2002, 16,2230,-999.000,CPI,20110428
Flx1,ON-WPP02,FlxTwr,2002, 16,2300,-999.000,CPI,20110428
Flx1,ON-WPP02,FlxTwr,2002, 16,2330,-999.000,CPI,20110428
Flx1,ON-WPP02,FlxTwr,2002, 16,2400,-999.000,CPI,20110428
Flx1,ON-WPP02,FlxTwr,2002, 17,  30,-999.000,CPI,20110428
Flx1,ON-WPP02,FlxTwr,2002, 17, 100,-999.000,CPI,20110428
Flx1,ON-WPP02,FlxTwr,2002, 17, 130,-999.000,CPI,20110428
Flx1,ON-WPP02,FlxTwr,2002, 17, 200,-999.000,CPI,20110428
Flx1,ON-WPP02,FlxTwr,2002, 17, 230,-999.000,CPI,20110428
Flx1,ON-WPP02,FlxTwr,2002, 17, 300,-999.000,CPI,20110428
Flx1,ON-WPP02,FlxTwr,2002, 17, 330,-999.000,CPI,20110428
Flx1,ON-WPP02,FlxTwr,2002, 17, 400,-999.000,CPI,20110428
Flx1,ON-WPP02,FlxTwr,2002, 17, 430,-999.000,CPI,20110428
Flx1,ON-WPP02,FlxTwr,2002, 17, 500,-999.000,CPI,20110428
Flx1,ON-WPP02,FlxTwr,2002, 17, 530,-999.000,CPI,20110428
Flx1,ON-WPP02,FlxTwr,2002, 17, 600,-999.000,CPI,20110428
Flx1,ON-WPP02,FlxTwr,2002, 17, 630,-999.000,CPI,20110428
Flx1,ON-WPP02,FlxTwr,2002, 17, 700,-999.000,CPI,20110428
Flx1,ON-WPP02,FlxTwr,2002, 17, 730,-999.000,CPI,20110428
Flx1,ON-WPP02,FlxTwr,2002, 17, 800,-999.000,CPI,20110428
Flx1,ON-WPP02,FlxTwr,2002, 17, 830,-999.000,CPI,20110428
Flx1,ON-WPP02,FlxTwr,2002, 17, 900,-999.000,CPI,20110428
Flx1,ON-WPP02,FlxTwr,2002, 17, 930,-999.000,CPI,20110428
Flx1,ON-WPP02,FlxTwr,2002, 17,1000,-999.000,CPI,20110428
Flx1,ON-WPP02,FlxTwr,2002, 17,1030,-999.000,CPI,20110428
Flx1,ON-WPP02,FlxTwr,2002, 17,1100,-999.000,CPI,20110428
Flx1,ON-WPP02,FlxTwr,2002, 17,1130,-999.000,CPI,20110428
Flx1,ON-WPP02,FlxTwr,2002, 17,1200,-999.000,CPI,20110428
Flx1,ON-WPP02,FlxTwr,2002, 17,1230,-999.000,CPI,20110428
Flx1,ON-WPP02,FlxTwr,2002, 17,1300,-999.000,CPI,20110428
Flx1,ON-WPP02,FlxTwr,2002, 17,1330,-999.000,CPI,20110428
Flx1,ON-WPP02,FlxTwr,2002, 17,1400,-999.000,CPI,20110428
Flx1,ON-WPP02,FlxTwr,2002, 17,1430,-999.000,CPI,20110428
Flx1,ON-WPP02,FlxTwr,2002, 17,1500,-999.000,CPI,20110428
Flx1,ON-WPP02,FlxTwr,2002, 17,1530,-999.000,CPI,20110428
Flx1,ON-WPP02,FlxTwr,2002, 17,1600,-999.000,CPI,20110428
Flx1,ON-WPP02,FlxTwr,2002, 17,1630,-999.000,CPI,20110428
Flx1,ON-WPP02,FlxTwr,2002, 17,1700,-999.000,CPI,20110428
Flx1,ON-WPP02,FlxTwr,2002, 17,1730,-999.000,CPI,20110428
Flx1,ON-WPP02,FlxTwr,2002, 17,1800,-999.000,CPI,20110428
Flx1,ON-WPP02,FlxTwr,2002, 17,1830,-999.000,CPI,20110428
Flx1,ON-WPP02,FlxTwr,2002, 17,1900,-999.000,CPI,20110428
Flx1,ON-WPP02,FlxTwr,2002, 17,1930,-999.000,CPI,20110428
Flx1,ON-WPP02,FlxTwr,2002, 17,2000,-999.000,CPI,20110428
Flx1,ON-WPP02,FlxTwr,2002, 17,2030,-999.000,CPI,20110428
Flx1,ON-WPP02,FlxTwr,2002, 17,2100,-999.000,CPI,20110428
Flx1,ON-WPP02,FlxTwr,2002, 17,2130,-999.000,CPI,20110428
Flx1,ON-WPP02,FlxTwr,2002, 17,2200,-999.000,CPI,20110428
Flx1,ON-WPP02,FlxTwr,2002, 17,2230,-999.000,CPI,20110428
Flx1,ON-WPP02,FlxTwr,2002, 17,2300,-999.000,CPI,20110428
Flx1,ON-WPP02,FlxTwr,2002, 17,2330,-999.000,CPI,20110428
Flx1,ON-WPP02,FlxTwr,2002, 17,2400,-999.000,CPI,20110428
Flx1,ON-WPP02,FlxTwr,2002, 18,  30,-999.000,CPI,20110428
Flx1,ON-WPP02,FlxTwr,2002, 18, 100,-999.000,CPI,20110428
Flx1,ON-WPP02,FlxTwr,2002, 18, 130,-999.000,CPI,20110428
Flx1,ON-WPP02,FlxTwr,2002, 18, 200,-999.000,CPI,20110428
Flx1,ON-WPP02,FlxTwr,2002, 18, 230,-999.000,CPI,20110428
Flx1,ON-WPP02,FlxTwr,2002, 18, 300,-999.000,CPI,20110428
Flx1,ON-WPP02,FlxTwr,2002, 18, 330,-999.000,CPI,20110428
Flx1,ON-WPP02,FlxTwr,2002, 18, 400,-999.000,CPI,20110428
Flx1,ON-WPP02,FlxTwr,2002, 18, 430,-999.000,CPI,20110428
Flx1,ON-WPP02,FlxTwr,2002, 18, 500,-999.000,CPI,20110428
Flx1,ON-WPP02,FlxTwr,2002, 18, 530,-999.000,CPI,20110428
Flx1,ON-WPP02,FlxTwr,2002, 18, 600,-999.000,CPI,20110428
Flx1,ON-WPP02,FlxTwr,2002, 18, 630,-999.000,CPI,20110428
Flx1,ON-WPP02,FlxTwr,2002, 18, 700,-999.000,CPI,20110428
Flx1,ON-WPP02,FlxTwr,2002, 18, 730,-999.000,CPI,20110428
Flx1,ON-WPP02,FlxTwr,2002, 18, 800,-999.000,CPI,20110428
Flx1,ON-WPP02,FlxTwr,2002, 18, 830,-999.000,CPI,20110428
Flx1,ON-WPP02,FlxTwr,2002, 18, 900,-999.000,CPI,20110428
Flx1,ON-WPP02,FlxTwr,2002, 18, 930,-999.000,CPI,20110428
Flx1,ON-WPP02,FlxTwr,2002, 18,1000,-999.000,CPI,20110428
Flx1,ON-WPP02,FlxTwr,2002, 18,1030,-999.000,CPI,20110428
Flx1,ON-WPP02,FlxTwr,2002, 18,1100,-999.000,CPI,20110428
Flx1,ON-WPP02,FlxTwr,2002, 18,1130,-999.000,CPI,20110428
Flx1,ON-WPP02,FlxTwr,2002, 18,1200,-999.000,CPI,20110428
Flx1,ON-WPP02,FlxTwr,2002, 18,1230,-999.000,CPI,20110428
Flx1,ON-WPP02,FlxTwr,2002, 18,1300,-999.000,CPI,20110428
Flx1,ON-WPP02,FlxTwr,2002, 18,1330,-999.000,CPI,20110428
Flx1,ON-WPP02,FlxTwr,2002, 18,1400,-999.000,CPI,20110428
Flx1,ON-WPP02,FlxTwr,2002, 18,1430,-999.000,CPI,20110428
Flx1,ON-WPP02,FlxTwr,2002, 18,1500,-999.000,CPI,20110428
Flx1,ON-WPP02,FlxTwr,2002, 18,1530,-999.000,CPI,20110428
Flx1,ON-WPP02,FlxTwr,2002, 18,1600,-999.000,CPI,20110428
Flx1,ON-WPP02,FlxTwr,2002, 18,1630,-999.000,CPI,20110428
Flx1,ON-WPP02,FlxTwr,2002, 18,1700,-999.000,CPI,20110428
Flx1,ON-WPP02,FlxTwr,2002, 18,1730,-999.000,CPI,20110428
Flx1,ON-WPP02,FlxTwr,2002, 18,1800,-999.000,CPI,20110428
Flx1,ON-WPP02,FlxTwr,2002, 18,1830,-999.000,CPI,20110428
Flx1,ON-WPP02,FlxTwr,2002, 18,1900,-999.000,CPI,20110428
Flx1,ON-WPP02,FlxTwr,2002, 18,1930,-999.000,CPI,20110428
Flx1,ON-WPP02,FlxTwr,2002, 18,2000,-999.000,CPI,20110428
Flx1,ON-WPP02,FlxTwr,2002, 18,2030,-999.000,CPI,20110428
Flx1,ON-WPP02,FlxTwr,2002, 18,2100,-999.000,CPI,20110428
Flx1,ON-WPP02,FlxTwr,2002, 18,2130,-999.000,CPI,20110428
Flx1,ON-WPP02,FlxTwr,2002, 18,2200,-999.000,CPI,20110428
Flx1,ON-WPP02,FlxTwr,2002, 18,2230,-999.000,CPI,20110428
Flx1,ON-WPP02,FlxTwr,2002, 18,2300,-999.000,CPI,20110428
Flx1,ON-WPP02,FlxTwr,2002, 18,2330,-999.000,CPI,20110428
Flx1,ON-WPP02,FlxTwr,2002, 18,2400,-999.000,CPI,20110428
Flx1,ON-WPP02,FlxTwr,2002, 19,  30,-999.000,CPI,20110428
Flx1,ON-WPP02,FlxTwr,2002, 19, 100,-999.000,CPI,20110428
Flx1,ON-WPP02,FlxTwr,2002, 19, 130,-999.000,CPI,20110428
Flx1,ON-WPP02,FlxTwr,2002, 19, 200,-999.000,CPI,20110428
Flx1,ON-WPP02,FlxTwr,2002, 19, 230,-999.000,CPI,20110428
Flx1,ON-WPP02,FlxTwr,2002, 19, 300,-999.000,CPI,20110428
Flx1,ON-WPP02,FlxTwr,2002, 19, 330,-999.000,CPI,20110428
Flx1,ON-WPP02,FlxTwr,2002, 19, 400,-999.000,CPI,20110428
Flx1,ON-WPP02,FlxTwr,2002, 19, 430,-999.000,CPI,20110428
Flx1,ON-WPP02,FlxTwr,2002, 19, 500,-999.000,CPI,20110428
Flx1,ON-WPP02,FlxTwr,2002, 19, 530,-999.000,CPI,20110428
Flx1,ON-WPP02,FlxTwr,2002, 19, 600,-999.000,CPI,20110428
Flx1,ON-WPP02,FlxTwr,2002, 19, 630,-999.000,CPI,20110428
Flx1,ON-WPP02,FlxTwr,2002, 19, 700,-999.000,CPI,20110428
Flx1,ON-WPP02,FlxTwr,2002, 19, 730,-999.000,CPI,20110428
Flx1,ON-WPP02,FlxTwr,2002, 19, 800,-999.000,CPI,20110428
Flx1,ON-WPP02,FlxTwr,2002, 19, 830,-999.000,CPI,20110428
Flx1,ON-WPP02,FlxTwr,2002, 19, 900,-999.000,CPI,20110428
Flx1,ON-WPP02,FlxTwr,2002, 19, 930,-999.000,CPI,20110428
Flx1,ON-WPP02,FlxTwr,2002, 19,1000,-999.000,CPI,20110428
Flx1,ON-WPP02,FlxTwr,2002, 19,1030,-999.000,CPI,20110428
Flx1,ON-WPP02,FlxTwr,2002, 19,1100,-999.000,CPI,20110428
Flx1,ON-WPP02,FlxTwr,2002, 19,1130,-999.000,CPI,20110428
Flx1,ON-WPP02,FlxTwr,2002, 19,1200,-999.000,CPI,20110428
Flx1,ON-WPP02,FlxTwr,2002, 19,1230,-999.000,CPI,20110428
Flx1,ON-WPP02,FlxTwr,2002, 19,1300,-999.000,CPI,20110428
Flx1,ON-WPP02,FlxTwr,2002, 19,1330,-999.000,CPI,20110428
Flx1,ON-WPP02,FlxTwr,2002, 19,1400,-999.000,CPI,20110428
Flx1,ON-WPP02,FlxTwr,2002, 19,1430,-999.000,CPI,20110428
Flx1,ON-WPP02,FlxTwr,2002, 19,1500,-999.000,CPI,20110428
Flx1,ON-WPP02,FlxTwr,2002, 19,1530,-999.000,CPI,20110428
Flx1,ON-WPP02,FlxTwr,2002, 19,1600,-999.000,CPI,20110428
Flx1,ON-WPP02,FlxTwr,2002, 19,1630,-999.000,CPI,20110428
Flx1,ON-WPP02,FlxTwr,2002, 19,1700,-999.000,CPI,20110428
Flx1,ON-WPP02,FlxTwr,2002, 19,1730,-999.000,CPI,20110428
Flx1,ON-WPP02,FlxTwr,2002, 19,1800,-999.000,CPI,20110428
Flx1,ON-WPP02,FlxTwr,2002, 19,1830,-999.000,CPI,20110428
Flx1,ON-WPP02,FlxTwr,2002, 19,1900,-999.000,CPI,20110428
Flx1,ON-WPP02,FlxTwr,2002, 19,1930,-999.000,CPI,20110428
Flx1,ON-WPP02,FlxTwr,2002, 19,2000,-999.000,CPI,20110428
Flx1,ON-WPP02,FlxTwr,2002, 19,2030,-999.000,CPI,20110428
Flx1,ON-WPP02,FlxTwr,2002, 19,2100,-999.000,CPI,20110428
Flx1,ON-WPP02,FlxTwr,2002, 19,2130,-999.000,CPI,20110428
Flx1,ON-WPP02,FlxTwr,2002, 19,2200,-999.000,CPI,20110428
Flx1,ON-WPP02,FlxTwr,2002, 19,2230,-999.000,CPI,20110428
Flx1,ON-WPP02,FlxTwr,2002, 19,2300,-999.000,CPI,20110428
Flx1,ON-WPP02,FlxTwr,2002, 19,2330,-999.000,CPI,20110428
Flx1,ON-WPP02,FlxTwr,2002, 19,2400,-999.000,CPI,20110428
Flx1,ON-WPP02,FlxTwr,2002, 20,  30,-999.000,CPI,20110428
Flx1,ON-WPP02,FlxTwr,2002, 20, 100,-999.000,CPI,20110428
Flx1,ON-WPP02,FlxTwr,2002, 20, 130,-999.000,CPI,20110428
Flx1,ON-WPP02,FlxTwr,2002, 20, 200,-999.000,CPI,20110428
Flx1,ON-WPP02,FlxTwr,2002, 20, 230,-999.000,CPI,20110428
Flx1,ON-WPP02,FlxTwr,2002, 20, 300,-999.000,CPI,20110428
Flx1,ON-WPP02,FlxTwr,2002, 20, 330,-999.000,CPI,20110428
Flx1,ON-WPP02,FlxTwr,2002, 20, 400,-999.000,CPI,20110428
Flx1,ON-WPP02,FlxTwr,2002, 20, 430,-999.000,CPI,20110428
Flx1,ON-WPP02,FlxTwr,2002, 20, 500,-999.000,CPI,20110428
Flx1,ON-WPP02,FlxTwr,2002, 20, 530,-999.000,CPI,20110428
Flx1,ON-WPP02,FlxTwr,2002, 20, 600,-999.000,CPI,20110428
Flx1,ON-WPP02,FlxTwr,2002, 20, 630,-999.000,CPI,20110428
Flx1,ON-WPP02,FlxTwr,2002, 20, 700,-999.000,CPI,20110428
Flx1,ON-WPP02,FlxTwr,2002, 20, 730,-999.000,CPI,20110428
Flx1,ON-WPP02,FlxTwr,2002, 20, 800,-999.000,CPI,20110428
Flx1,ON-WPP02,FlxTwr,2002, 20, 830,-999.000,CPI,20110428
Flx1,ON-WPP02,FlxTwr,2002, 20, 900,-999.000,CPI,20110428
Flx1,ON-WPP02,FlxTwr,2002, 20, 930,-999.000,CPI,20110428
Flx1,ON-WPP02,FlxTwr,2002, 20,1000,-999.000,CPI,20110428
Flx1,ON-WPP02,FlxTwr,2002, 20,1030,-999.000,CPI,20110428
Flx1,ON-WPP02,FlxTwr,2002, 20,1100,-999.000,CPI,20110428
Flx1,ON-WPP02,FlxTwr,2002, 20,1130,-999.000,CPI,20110428
Flx1,ON-WPP02,FlxTwr,2002, 20,1200,-999.000,CPI,20110428
Flx1,ON-WPP02,FlxTwr,2002, 20,1230,-999.000,CPI,20110428
Flx1,ON-WPP02,FlxTwr,2002, 20,1300,-999.000,CPI,20110428
Flx1,ON-WPP02,FlxTwr,2002, 20,1330,-999.000,CPI,20110428
Flx1,ON-WPP02,FlxTwr,2002, 20,1400,-999.000,CPI,20110428
Flx1,ON-WPP02,FlxTwr,2002, 20,1430,-999.000,CPI,20110428
Flx1,ON-WPP02,FlxTwr,2002, 20,1500,-999.000,CPI,20110428
Flx1,ON-WPP02,FlxTwr,2002, 20,1530,-999.000,CPI,20110428
Flx1,ON-WPP02,FlxTwr,2002, 20,1600,-999.000,CPI,20110428
Flx1,ON-WPP02,FlxTwr,2002, 20,1630,-999.000,CPI,20110428
Flx1,ON-WPP02,FlxTwr,2002, 20,1700,-999.000,CPI,20110428
Flx1,ON-WPP02,FlxTwr,2002, 20,1730,-999.000,CPI,20110428
Flx1,ON-WPP02,FlxTwr,2002, 20,1800,-999.000,CPI,20110428
Flx1,ON-WPP02,FlxTwr,2002, 20,1830,-999.000,CPI,20110428
Flx1,ON-WPP02,FlxTwr,2002, 20,1900,-999.000,CPI,20110428
Flx1,ON-WPP02,FlxTwr,2002, 20,1930,-999.000,CPI,20110428
Flx1,ON-WPP02,FlxTwr,2002, 20,2000,-999.000,CPI,20110428
Flx1,ON-WPP02,FlxTwr,2002, 20,2030,-999.000,CPI,20110428
Flx1,ON-WPP02,FlxTwr,2002, 20,2100,-999.000,CPI,20110428
Flx1,ON-WPP02,FlxTwr,2002, 20,2130,-999.000,CPI,20110428
Flx1,ON-WPP02,FlxTwr,2002, 20,2200,-999.000,CPI,20110428
Flx1,ON-WPP02,FlxTwr,2002, 20,2230,-999.000,CPI,20110428
Flx1,ON-WPP02,FlxTwr,2002, 20,2300,-999.000,CPI,20110428
Flx1,ON-WPP02,FlxTwr,2002, 20,2330,-999.000,CPI,20110428
Flx1,ON-WPP02,FlxTwr,2002, 20,2400,-999.000,CPI,20110428
Flx1,ON-WPP02,FlxTwr,2002, 21,  30,-999.000,CPI,20110428
Flx1,ON-WPP02,FlxTwr,2002, 21, 100,-999.000,CPI,20110428
Flx1,ON-WPP02,FlxTwr,2002, 21, 130,-999.000,CPI,20110428
Flx1,ON-WPP02,FlxTwr,2002, 21, 200,-999.000,CPI,20110428
Flx1,ON-WPP02,FlxTwr,2002, 21, 230,-999.000,CPI,20110428
Flx1,ON-WPP02,FlxTwr,2002, 21, 300,-999.000,CPI,20110428
Flx1,ON-WPP02,FlxTwr,2002, 21, 330,-999.000,CPI,20110428
Flx1,ON-WPP02,FlxTwr,2002, 21, 400,-999.000,CPI,20110428
Flx1,ON-WPP02,FlxTwr,2002, 21, 430,-999.000,CPI,20110428
Flx1,ON-WPP02,FlxTwr,2002, 21, 500,-999.000,CPI,20110428
Flx1,ON-WPP02,FlxTwr,2002, 21, 530,-999.000,CPI,20110428
Flx1,ON-WPP02,FlxTwr,2002, 21, 600,-999.000,CPI,20110428
Flx1,ON-WPP02,FlxTwr,2002, 21, 630,-999.000,CPI,20110428
Flx1,ON-WPP02,FlxTwr,2002, 21, 700,-999.000,CPI,20110428
Flx1,ON-WPP02,FlxTwr,2002, 21, 730,-999.000,CPI,20110428
Flx1,ON-WPP02,FlxTwr,2002, 21, 800,-999.000,CPI,20110428
Flx1,ON-WPP02,FlxTwr,2002, 21, 830,-999.000,CPI,20110428
Flx1,ON-WPP02,FlxTwr,2002, 21, 900,-999.000,CPI,20110428
Flx1,ON-WPP02,FlxTwr,2002, 21, 930,-999.000,CPI,20110428
Flx1,ON-WPP02,FlxTwr,2002, 21,1000,-999.000,CPI,20110428
Flx1,ON-WPP02,FlxTwr,2002, 21,1030,-999.000,CPI,20110428
Flx1,ON-WPP02,FlxTwr,2002, 21,1100,-999.000,CPI,20110428
Flx1,ON-WPP02,FlxTwr,2002, 21,1130,-999.000,CPI,20110428
Flx1,ON-WPP02,FlxTwr,2002, 21,1200,-999.000,CPI,20110428
Flx1,ON-WPP02,FlxTwr,2002, 21,1230,-999.000,CPI,20110428
Flx1,ON-WPP02,FlxTwr,2002, 21,1300,-999.000,CPI,20110428
Flx1,ON-WPP02,FlxTwr,2002, 21,1330,-999.000,CPI,20110428
Flx1,ON-WPP02,FlxTwr,2002, 21,1400,-999.000,CPI,20110428
Flx1,ON-WPP02,FlxTwr,2002, 21,1430,-999.000,CPI,20110428
Flx1,ON-WPP02,FlxTwr,2002, 21,1500,-999.000,CPI,20110428
Flx1,ON-WPP02,FlxTwr,2002, 21,1530,-999.000,CPI,20110428
Flx1,ON-WPP02,FlxTwr,2002, 21,1600,-999.000,CPI,20110428
Flx1,ON-WPP02,FlxTwr,2002, 21,1630,-999.000,CPI,20110428
Flx1,ON-WPP02,FlxTwr,2002, 21,1700,-999.000,CPI,20110428
Flx1,ON-WPP02,FlxTwr,2002, 21,1730,-999.000,CPI,20110428
Flx1,ON-WPP02,FlxTwr,2002, 21,1800,-999.000,CPI,20110428
Flx1,ON-WPP02,FlxTwr,2002, 21,1830,-999.000,CPI,20110428
Flx1,ON-WPP02,FlxTwr,2002, 21,1900,-999.000,CPI,20110428
Flx1,ON-WPP02,FlxTwr,2002, 21,1930,-999.000,CPI,20110428
Flx1,ON-WPP02,FlxTwr,2002, 21,2000,-999.000,CPI,20110428
Flx1,ON-WPP02,FlxTwr,2002, 21,2030,-999.000,CPI,20110428
Flx1,ON-WPP02,FlxTwr,2002, 21,2100,-999.000,CPI,20110428
Flx1,ON-WPP02,FlxTwr,2002, 21,2130,-999.000,CPI,20110428
Flx1,ON-WPP02,FlxTwr,2002, 21,2200,-999.000,CPI,20110428
Flx1,ON-WPP02,FlxTwr,2002, 21,2230,-999.000,CPI,20110428
Flx1,ON-WPP02,FlxTwr,2002, 21,2300,-999.000,CPI,20110428
Flx1,ON-WPP02,FlxTwr,2002, 21,2330,-999.000,CPI,20110428
Flx1,ON-WPP02,FlxTwr,2002, 21,2400,-999.000,CPI,20110428
Flx1,ON-WPP02,FlxTwr,2002, 22,  30,-999.000,CPI,20110428
Flx1,ON-WPP02,FlxTwr,2002, 22, 100,-999.000,CPI,20110428
Flx1,ON-WPP02,FlxTwr,2002, 22, 130,-999.000,CPI,20110428
Flx1,ON-WPP02,FlxTwr,2002, 22, 200,-999.000,CPI,20110428
Flx1,ON-WPP02,FlxTwr,2002, 22, 230,-999.000,CPI,20110428
Flx1,ON-WPP02,FlxTwr,2002, 22, 300,-999.000,CPI,20110428
Flx1,ON-WPP02,FlxTwr,2002, 22, 330,-999.000,CPI,20110428
Flx1,ON-WPP02,FlxTwr,2002, 22, 400,-999.000,CPI,20110428
Flx1,ON-WPP02,FlxTwr,2002, 22, 430,-999.000,CPI,20110428
Flx1,ON-WPP02,FlxTwr,2002, 22, 500,-999.000,CPI,20110428
Flx1,ON-WPP02,FlxTwr,2002, 22, 530,-999.000,CPI,20110428
Flx1,ON-WPP02,FlxTwr,2002, 22, 600,-999.000,CPI,20110428
Flx1,ON-WPP02,FlxTwr,2002, 22, 630,-999.000,CPI,20110428
Flx1,ON-WPP02,FlxTwr,2002, 22, 700,-999.000,CPI,20110428
Flx1,ON-WPP02,FlxTwr,2002, 22, 730,-999.000,CPI,20110428
Flx1,ON-WPP02,FlxTwr,2002, 22, 800,-999.000,CPI,20110428
Flx1,ON-WPP02,FlxTwr,2002, 22, 830,-999.000,CPI,20110428
Flx1,ON-WPP02,FlxTwr,2002, 22, 900,-999.000,CPI,20110428
Flx1,ON-WPP02,FlxTwr,2002, 22, 930,-999.000,CPI,20110428
Flx1,ON-WPP02,FlxTwr,2002, 22,1000,-999.000,CPI,20110428
Flx1,ON-WPP02,FlxTwr,2002, 22,1030,-999.000,CPI,20110428
Flx1,ON-WPP02,FlxTwr,2002, 22,1100,-999.000,CPI,20110428
Flx1,ON-WPP02,FlxTwr,2002, 22,1130,-999.000,CPI,20110428
Flx1,ON-WPP02,FlxTwr,2002, 22,1200,-999.000,CPI,20110428
Flx1,ON-WPP02,FlxTwr,2002, 22,1230,-999.000,CPI,20110428
Flx1,ON-WPP02,FlxTwr,2002, 22,1300,-999.000,CPI,20110428
Flx1,ON-WPP02,FlxTwr,2002, 22,1330,-999.000,CPI,20110428
Flx1,ON-WPP02,FlxTwr,2002, 22,1400,-999.000,CPI,20110428
Flx1,ON-WPP02,FlxTwr,2002, 22,1430,-999.000,CPI,20110428
Flx1,ON-WPP02,FlxTwr,2002, 22,1500,-999.000,CPI,20110428
Flx1,ON-WPP02,FlxTwr,2002, 22,1530,-999.000,CPI,20110428
Flx1,ON-WPP02,FlxTwr,2002, 22,1600,-999.000,CPI,20110428
Flx1,ON-WPP02,FlxTwr,2002, 22,1630,-999.000,CPI,20110428
Flx1,ON-WPP02,FlxTwr,2002, 22,1700,-999.000,CPI,20110428
Flx1,ON-WPP02,FlxTwr,2002, 22,1730,-999.000,CPI,20110428
Flx1,ON-WPP02,FlxTwr,2002, 22,1800,-999.000,CPI,20110428
Flx1,ON-WPP02,FlxTwr,2002, 22,1830,-999.000,CPI,20110428
Flx1,ON-WPP02,FlxTwr,2002, 22,1900,-999.000,CPI,20110428
Flx1,ON-WPP02,FlxTwr,2002, 22,1930,-999.000,CPI,20110428
Flx1,ON-WPP02,FlxTwr,2002, 22,2000,-999.000,CPI,20110428
Flx1,ON-WPP02,FlxTwr,2002, 22,2030,-999.000,CPI,20110428
Flx1,ON-WPP02,FlxTwr,2002, 22,2100,-999.000,CPI,20110428
Flx1,ON-WPP02,FlxTwr,2002, 22,2130,-999.000,CPI,20110428
Flx1,ON-WPP02,FlxTwr,2002, 22,2200,-999.000,CPI,20110428
Flx1,ON-WPP02,FlxTwr,2002, 22,2230,-999.000,CPI,20110428
Flx1,ON-WPP02,FlxTwr,2002, 22,2300,-999.000,CPI,20110428
Flx1,ON-WPP02,FlxTwr,2002, 22,2330,-999.000,CPI,20110428
Flx1,ON-WPP02,FlxTwr,2002, 22,2400,-999.000,CPI,20110428
Flx1,ON-WPP02,FlxTwr,2002, 23,  30,-999.000,CPI,20110428
Flx1,ON-WPP02,FlxTwr,2002, 23, 100,-999.000,CPI,20110428
Flx1,ON-WPP02,FlxTwr,2002, 23, 130,-999.000,CPI,20110428
Flx1,ON-WPP02,FlxTwr,2002, 23, 200,-999.000,CPI,20110428
Flx1,ON-WPP02,FlxTwr,2002, 23, 230,-999.000,CPI,20110428
Flx1,ON-WPP02,FlxTwr,2002, 23, 300,-999.000,CPI,20110428
Flx1,ON-WPP02,FlxTwr,2002, 23, 330,-999.000,CPI,20110428
Flx1,ON-WPP02,FlxTwr,2002, 23, 400,-999.000,CPI,20110428
Flx1,ON-WPP02,FlxTwr,2002, 23, 430,-999.000,CPI,20110428
Flx1,ON-WPP02,FlxTwr,2002, 23, 500,-999.000,CPI,20110428
Flx1,ON-WPP02,FlxTwr,2002, 23, 530,-999.000,CPI,20110428
Flx1,ON-WPP02,FlxTwr,2002, 23, 600,-999.000,CPI,20110428
Flx1,ON-WPP02,FlxTwr,2002, 23, 630,-999.000,CPI,20110428
Flx1,ON-WPP02,FlxTwr,2002, 23, 700,-999.000,CPI,20110428
Flx1,ON-WPP02,FlxTwr,2002, 23, 730,-999.000,CPI,20110428
Flx1,ON-WPP02,FlxTwr,2002, 23, 800,-999.000,CPI,20110428
Flx1,ON-WPP02,FlxTwr,2002, 23, 830,-999.000,CPI,20110428
Flx1,ON-WPP02,FlxTwr,2002, 23, 900,-999.000,CPI,20110428
Flx1,ON-WPP02,FlxTwr,2002, 23, 930,-999.000,CPI,20110428
Flx1,ON-WPP02,FlxTwr,2002, 23,1000,-999.000,CPI,20110428
Flx1,ON-WPP02,FlxTwr,2002, 23,1030,-999.000,CPI,20110428
Flx1,ON-WPP02,FlxTwr,2002, 23,1100,-999.000,CPI,20110428
Flx1,ON-WPP02,FlxTwr,2002, 23,1130,-999.000,CPI,20110428
Flx1,ON-WPP02,FlxTwr,2002, 23,1200,-999.000,CPI,20110428
Flx1,ON-WPP02,FlxTwr,2002, 23,1230,-999.000,CPI,20110428
Flx1,ON-WPP02,FlxTwr,2002, 23,1300,-999.000,CPI,20110428
Flx1,ON-WPP02,FlxTwr,2002, 23,1330,-999.000,CPI,20110428
Flx1,ON-WPP02,FlxTwr,2002, 23,1400,-999.000,CPI,20110428
Flx1,ON-WPP02,FlxTwr,2002, 23,1430,-999.000,CPI,20110428
Flx1,ON-WPP02,FlxTwr,2002, 23,1500,-999.000,CPI,20110428
Flx1,ON-WPP02,FlxTwr,2002, 23,1530,-999.000,CPI,20110428
Flx1,ON-WPP02,FlxTwr,2002, 23,1600,-999.000,CPI,20110428
Flx1,ON-WPP02,FlxTwr,2002, 23,1630,-999.000,CPI,20110428
Flx1,ON-WPP02,FlxTwr,2002, 23,1700,-999.000,CPI,20110428
Flx1,ON-WPP02,FlxTwr,2002, 23,1730,-999.000,CPI,20110428
Flx1,ON-WPP02,FlxTwr,2002, 23,1800,-999.000,CPI,20110428
Flx1,ON-WPP02,FlxTwr,2002, 23,1830,-999.000,CPI,20110428
Flx1,ON-WPP02,FlxTwr,2002, 23,1900,-999.000,CPI,20110428
Flx1,ON-WPP02,FlxTwr,2002, 23,1930,-999.000,CPI,20110428
Flx1,ON-WPP02,FlxTwr,2002, 23,2000,-999.000,CPI,20110428
Flx1,ON-WPP02,FlxTwr,2002, 23,2030,-999.000,CPI,20110428
Flx1,ON-WPP02,FlxTwr,2002, 23,2100,-999.000,CPI,20110428
Flx1,ON-WPP02,FlxTwr,2002, 23,2130,-999.000,CPI,20110428
Flx1,ON-WPP02,FlxTwr,2002, 23,2200,-999.000,CPI,20110428
Flx1,ON-WPP02,FlxTwr,2002, 23,2230,-999.000,CPI,20110428
Flx1,ON-WPP02,FlxTwr,2002, 23,2300,-999.000,CPI,20110428
Flx1,ON-WPP02,FlxTwr,2002, 23,2330,-999.000,CPI,20110428
Flx1,ON-WPP02,FlxTwr,2002, 23,2400,-999.000,CPI,20110428
Flx1,ON-WPP02,FlxTwr,2002, 24,  30,-999.000,CPI,20110428
Flx1,ON-WPP02,FlxTwr,2002, 24, 100,-999.000,CPI,20110428
Flx1,ON-WPP02,FlxTwr,2002, 24, 130,-999.000,CPI,20110428
Flx1,ON-WPP02,FlxTwr,2002, 24, 200,-999.000,CPI,20110428
Flx1,ON-WPP02,FlxTwr,2002, 24, 230,-999.000,CPI,20110428
Flx1,ON-WPP02,FlxTwr,2002, 24, 300,-999.000,CPI,20110428
Flx1,ON-WPP02,FlxTwr,2002, 24, 330,-999.000,CPI,20110428
Flx1,ON-WPP02,FlxTwr,2002, 24, 400,-999.000,CPI,20110428
Flx1,ON-WPP02,FlxTwr,2002, 24, 430,-999.000,CPI,20110428
Flx1,ON-WPP02,FlxTwr,2002, 24, 500,-999.000,CPI,20110428
Flx1,ON-WPP02,FlxTwr,2002, 24, 530,-999.000,CPI,20110428
Flx1,ON-WPP02,FlxTwr,2002, 24, 600,-999.000,CPI,20110428
Flx1,ON-WPP02,FlxTwr,2002, 24, 630,-999.000,CPI,20110428
Flx1,ON-WPP02,FlxTwr,2002, 24, 700,-999.000,CPI,20110428
Flx1,ON-WPP02,FlxTwr,2002, 24, 730,-999.000,CPI,20110428
Flx1,ON-WPP02,FlxTwr,2002, 24, 800,-999.000,CPI,20110428
Flx1,ON-WPP02,FlxTwr,2002, 24, 830,-999.000,CPI,20110428
Flx1,ON-WPP02,FlxTwr,2002, 24, 900,-999.000,CPI,20110428
Flx1,ON-WPP02,FlxTwr,2002, 24, 930,-999.000,CPI,20110428
Flx1,ON-WPP02,FlxTwr,2002, 24,1000,-999.000,CPI,20110428
Flx1,ON-WPP02,FlxTwr,2002, 24,1030,-999.000,CPI,20110428
Flx1,ON-WPP02,FlxTwr,2002, 24,1100,-999.000,CPI,20110428
Flx1,ON-WPP02,FlxTwr,2002, 24,1130,-999.000,CPI,20110428
Flx1,ON-WPP02,FlxTwr,2002, 24,1200,-999.000,CPI,20110428
Flx1,ON-WPP02,FlxTwr,2002, 24,1230,-999.000,CPI,20110428
Flx1,ON-WPP02,FlxTwr,2002, 24,1300,-999.000,CPI,20110428
Flx1,ON-WPP02,FlxTwr,2002, 24,1330,-999.000,CPI,20110428
Flx1,ON-WPP02,FlxTwr,2002, 24,1400,-999.000,CPI,20110428
Flx1,ON-WPP02,FlxTwr,2002, 24,1430,-999.000,CPI,20110428
Flx1,ON-WPP02,FlxTwr,2002, 24,1500,-999.000,CPI,20110428
Flx1,ON-WPP02,FlxTwr,2002, 24,1530,-999.000,CPI,20110428
Flx1,ON-WPP02,FlxTwr,2002, 24,1600,-999.000,CPI,20110428
Flx1,ON-WPP02,FlxTwr,2002, 24,1630,-999.000,CPI,20110428
Flx1,ON-WPP02,FlxTwr,2002, 24,1700,-999.000,CPI,20110428
Flx1,ON-WPP02,FlxTwr,2002, 24,1730,-999.000,CPI,20110428
Flx1,ON-WPP02,FlxTwr,2002, 24,1800,-999.000,CPI,20110428
Flx1,ON-WPP02,FlxTwr,2002, 24,1830,-999.000,CPI,20110428
Flx1,ON-WPP02,FlxTwr,2002, 24,1900,-999.000,CPI,20110428
Flx1,ON-WPP02,FlxTwr,2002, 24,1930,-999.000,CPI,20110428
Flx1,ON-WPP02,FlxTwr,2002, 24,2000,-999.000,CPI,20110428
Flx1,ON-WPP02,FlxTwr,2002, 24,2030,-999.000,CPI,20110428
Flx1,ON-WPP02,FlxTwr,2002, 24,2100,-999.000,CPI,20110428
Flx1,ON-WPP02,FlxTwr,2002, 24,2130,-999.000,CPI,20110428
Flx1,ON-WPP02,FlxTwr,2002, 24,2200,-999.000,CPI,20110428
Flx1,ON-WPP02,FlxTwr,2002, 24,2230,-999.000,CPI,20110428
Flx1,ON-WPP02,FlxTwr,2002, 24,2300,-999.000,CPI,20110428
Flx1,ON-WPP02,FlxTwr,2002, 24,2330,-999.000,CPI,20110428
Flx1,ON-WPP02,FlxTwr,2002, 24,2400,-999.000,CPI,20110428
Flx1,ON-WPP02,FlxTwr,2002, 25,  30,-999.000,CPI,20110428
Flx1,ON-WPP02,FlxTwr,2002, 25, 100,-999.000,CPI,20110428
Flx1,ON-WPP02,FlxTwr,2002, 25, 130,-999.000,CPI,20110428
Flx1,ON-WPP02,FlxTwr,2002, 25, 200,-999.000,CPI,20110428
Flx1,ON-WPP02,FlxTwr,2002, 25, 230,-999.000,CPI,20110428
Flx1,ON-WPP02,FlxTwr,2002, 25, 300,-999.000,CPI,20110428
Flx1,ON-WPP02,FlxTwr,2002, 25, 330,-999.000,CPI,20110428
Flx1,ON-WPP02,FlxTwr,2002, 25, 400,-999.000,CPI,20110428
Flx1,ON-WPP02,FlxTwr,2002, 25, 430,-999.000,CPI,20110428
Flx1,ON-WPP02,FlxTwr,2002, 25, 500,-999.000,CPI,20110428
Flx1,ON-WPP02,FlxTwr,2002, 25, 530,-999.000,CPI,20110428
Flx1,ON-WPP02,FlxTwr,2002, 25, 600,-999.000,CPI,20110428
Flx1,ON-WPP02,FlxTwr,2002, 25, 630,-999.000,CPI,20110428
Flx1,ON-WPP02,FlxTwr,2002, 25, 700,-999.000,CPI,20110428
Flx1,ON-WPP02,FlxTwr,2002, 25, 730,-999.000,CPI,20110428
Flx1,ON-WPP02,FlxTwr,2002, 25, 800,-999.000,CPI,20110428
Flx1,ON-WPP02,FlxTwr,2002, 25, 830,-999.000,CPI,20110428
Flx1,ON-WPP02,FlxTwr,2002, 25, 900,-999.000,CPI,20110428
Flx1,ON-WPP02,FlxTwr,2002, 25, 930,-999.000,CPI,20110428
Flx1,ON-WPP02,FlxTwr,2002, 25,1000,-999.000,CPI,20110428
Flx1,ON-WPP02,FlxTwr,2002, 25,1030,-999.000,CPI,20110428
Flx1,ON-WPP02,FlxTwr,2002, 25,1100,-999.000,CPI,20110428
Flx1,ON-WPP02,FlxTwr,2002, 25,1130,-999.000,CPI,20110428
Flx1,ON-WPP02,FlxTwr,2002, 25,1200,-999.000,CPI,20110428
Flx1,ON-WPP02,FlxTwr,2002, 25,1230,-999.000,CPI,20110428
Flx1,ON-WPP02,FlxTwr,2002, 25,1300,-999.000,CPI,20110428
Flx1,ON-WPP02,FlxTwr,2002, 25,1330,-999.000,CPI,20110428
Flx1,ON-WPP02,FlxTwr,2002, 25,1400,-999.000,CPI,20110428
Flx1,ON-WPP02,FlxTwr,2002, 25,1430,-999.000,CPI,20110428
Flx1,ON-WPP02,FlxTwr,2002, 25,1500,-999.000,CPI,20110428
Flx1,ON-WPP02,FlxTwr,2002, 25,1530,-999.000,CPI,20110428
Flx1,ON-WPP02,FlxTwr,2002, 25,1600,-999.000,CPI,20110428
Flx1,ON-WPP02,FlxTwr,2002, 25,1630,-999.000,CPI,20110428
Flx1,ON-WPP02,FlxTwr,2002, 25,1700,-999.000,CPI,20110428
Flx1,ON-WPP02,FlxTwr,2002, 25,1730,-999.000,CPI,20110428
Flx1,ON-WPP02,FlxTwr,2002, 25,1800,-999.000,CPI,20110428
Flx1,ON-WPP02,FlxTwr,2002, 25,1830,-999.000,CPI,20110428
Flx1,ON-WPP02,FlxTwr,2002, 25,1900,-999.000,CPI,20110428
Flx1,ON-WPP02,FlxTwr,2002, 25,1930,-999.000,CPI,20110428
Flx1,ON-WPP02,FlxTwr,2002, 25,2000,-999.000,CPI,20110428
Flx1,ON-WPP02,FlxTwr,2002, 25,2030,-999.000,CPI,20110428
Flx1,ON-WPP02,FlxTwr,2002, 25,2100,-999.000,CPI,20110428
Flx1,ON-WPP02,FlxTwr,2002, 25,2130,-999.000,CPI,20110428
Flx1,ON-WPP02,FlxTwr,2002, 25,2200,-999.000,CPI,20110428
Flx1,ON-WPP02,FlxTwr,2002, 25,2230,-999.000,CPI,20110428
Flx1,ON-WPP02,FlxTwr,2002, 25,2300,-999.000,CPI,20110428
Flx1,ON-WPP02,FlxTwr,2002, 25,2330,-999.000,CPI,20110428
Flx1,ON-WPP02,FlxTwr,2002, 25,2400,-999.000,CPI,20110428
Flx1,ON-WPP02,FlxTwr,2002, 26,  30,-999.000,CPI,20110428
Flx1,ON-WPP02,FlxTwr,2002, 26, 100,-999.000,CPI,20110428
Flx1,ON-WPP02,FlxTwr,2002, 26, 130,-999.000,CPI,20110428
Flx1,ON-WPP02,FlxTwr,2002, 26, 200,-999.000,CPI,20110428
Flx1,ON-WPP02,FlxTwr,2002, 26, 230,-999.000,CPI,20110428
Flx1,ON-WPP02,FlxTwr,2002, 26, 300,-999.000,CPI,20110428
Flx1,ON-WPP02,FlxTwr,2002, 26, 330,-999.000,CPI,20110428
Flx1,ON-WPP02,FlxTwr,2002, 26, 400,-999.000,CPI,20110428
Flx1,ON-WPP02,FlxTwr,2002, 26, 430,-999.000,CPI,20110428
Flx1,ON-WPP02,FlxTwr,2002, 26, 500,-999.000,CPI,20110428
Flx1,ON-WPP02,FlxTwr,2002, 26, 530,-999.000,CPI,20110428
Flx1,ON-WPP02,FlxTwr,2002, 26, 600,-999.000,CPI,20110428
Flx1,ON-WPP02,FlxTwr,2002, 26, 630,-999.000,CPI,20110428
Flx1,ON-WPP02,FlxTwr,2002, 26, 700,-999.000,CPI,20110428
Flx1,ON-WPP02,FlxTwr,2002, 26, 730,-999.000,CPI,20110428
Flx1,ON-WPP02,FlxTwr,2002, 26, 800,-999.000,CPI,20110428
Flx1,ON-WPP02,FlxTwr,2002, 26, 830,-999.000,CPI,20110428
Flx1,ON-WPP02,FlxTwr,2002, 26, 900,-999.000,CPI,20110428
Flx1,ON-WPP02,FlxTwr,2002, 26, 930,-999.000,CPI,20110428
Flx1,ON-WPP02,FlxTwr,2002, 26,1000,-999.000,CPI,20110428
Flx1,ON-WPP02,FlxTwr,2002, 26,1030,-999.000,CPI,20110428
Flx1,ON-WPP02,FlxTwr,2002, 26,1100,-999.000,CPI,20110428
Flx1,ON-WPP02,FlxTwr,2002, 26,1130,-999.000,CPI,20110428
Flx1,ON-WPP02,FlxTwr,2002, 26,1200,-999.000,CPI,20110428
Flx1,ON-WPP02,FlxTwr,2002, 26,1230,-999.000,CPI,20110428
Flx1,ON-WPP02,FlxTwr,2002, 26,1300,-999.000,CPI,20110428
Flx1,ON-WPP02,FlxTwr,2002, 26,1330,-999.000,CPI,20110428
Flx1,ON-WPP02,FlxTwr,2002, 26,1400,-999.000,CPI,20110428
Flx1,ON-WPP02,FlxTwr,2002, 26,1430,-999.000,CPI,20110428
Flx1,ON-WPP02,FlxTwr,2002, 26,1500,-999.000,CPI,20110428
Flx1,ON-WPP02,FlxTwr,2002, 26,1530,-999.000,CPI,20110428
Flx1,ON-WPP02,FlxTwr,2002, 26,1600,-999.000,CPI,20110428
Flx1,ON-WPP02,FlxTwr,2002, 26,1630,-999.000,CPI,20110428
Flx1,ON-WPP02,FlxTwr,2002, 26,1700,-999.000,CPI,20110428
Flx1,ON-WPP02,FlxTwr,2002, 26,1730,-999.000,CPI,20110428
Flx1,ON-WPP02,FlxTwr,2002, 26,1800,-999.000,CPI,20110428
Flx1,ON-WPP02,FlxTwr,2002, 26,1830,-999.000,CPI,20110428
Flx1,ON-WPP02,FlxTwr,2002, 26,1900,-999.000,CPI,20110428
Flx1,ON-WPP02,FlxTwr,2002, 26,1930,-999.000,CPI,20110428
Flx1,ON-WPP02,FlxTwr,2002, 26,2000,-999.000,CPI,20110428
Flx1,ON-WPP02,FlxTwr,2002, 26,2030,-999.000,CPI,20110428
Flx1,ON-WPP02,FlxTwr,2002, 26,2100,-999.000,CPI,20110428
Flx1,ON-WPP02,FlxTwr,2002, 26,2130,-999.000,CPI,20110428
Flx1,ON-WPP02,FlxTwr,2002, 26,2200,-999.000,CPI,20110428
Flx1,ON-WPP02,FlxTwr,2002, 26,2230,-999.000,CPI,20110428
Flx1,ON-WPP02,FlxTwr,2002, 26,2300,-999.000,CPI,20110428
Flx1,ON-WPP02,FlxTwr,2002, 26,2330,-999.000,CPI,20110428
Flx1,ON-WPP02,FlxTwr,2002, 26,2400,-999.000,CPI,20110428
Flx1,ON-WPP02,FlxTwr,2002, 27,  30,-999.000,CPI,20110428
Flx1,ON-WPP02,FlxTwr,2002, 27, 100,-999.000,CPI,20110428
Flx1,ON-WPP02,FlxTwr,2002, 27, 130,-999.000,CPI,20110428
Flx1,ON-WPP02,FlxTwr,2002, 27, 200,-999.000,CPI,20110428
Flx1,ON-WPP02,FlxTwr,2002, 27, 230,-999.000,CPI,20110428
Flx1,ON-WPP02,FlxTwr,2002, 27, 300,-999.000,CPI,20110428
Flx1,ON-WPP02,FlxTwr,2002, 27, 330,-999.000,CPI,20110428
Flx1,ON-WPP02,FlxTwr,2002, 27, 400,-999.000,CPI,20110428
Flx1,ON-WPP02,FlxTwr,2002, 27, 430,-999.000,CPI,20110428
Flx1,ON-WPP02,FlxTwr,2002, 27, 500,-999.000,CPI,20110428
Flx1,ON-WPP02,FlxTwr,2002, 27, 530,-999.000,CPI,20110428
Flx1,ON-WPP02,FlxTwr,2002, 27, 600,-999.000,CPI,20110428
Flx1,ON-WPP02,FlxTwr,2002, 27, 630,-999.000,CPI,20110428
Flx1,ON-WPP02,FlxTwr,2002, 27, 700,-999.000,CPI,20110428
Flx1,ON-WPP02,FlxTwr,2002, 27, 730,-999.000,CPI,20110428
Flx1,ON-WPP02,FlxTwr,2002, 27, 800,-999.000,CPI,20110428
Flx1,ON-WPP02,FlxTwr,2002, 27, 830,-999.000,CPI,20110428
Flx1,ON-WPP02,FlxTwr,2002, 27, 900,-999.000,CPI,20110428
Flx1,ON-WPP02,FlxTwr,2002, 27, 930,-999.000,CPI,20110428
Flx1,ON-WPP02,FlxTwr,2002, 27,1000,-999.000,CPI,20110428
Flx1,ON-WPP02,FlxTwr,2002, 27,1030,-999.000,CPI,20110428
Flx1,ON-WPP02,FlxTwr,2002, 27,1100,-999.000,CPI,20110428
Flx1,ON-WPP02,FlxTwr,2002, 27,1130,-999.000,CPI,20110428
Flx1,ON-WPP02,FlxTwr,2002, 27,1200,-999.000,CPI,20110428
Flx1,ON-WPP02,FlxTwr,2002, 27,1230,-999.000,CPI,20110428
Flx1,ON-WPP02,FlxTwr,2002, 27,1300,-999.000,CPI,20110428
Flx1,ON-WPP02,FlxTwr,2002, 27,1330,-999.000,CPI,20110428
Flx1,ON-WPP02,FlxTwr,2002, 27,1400,-999.000,CPI,20110428
Flx1,ON-WPP02,FlxTwr,2002, 27,1430,-999.000,CPI,20110428
Flx1,ON-WPP02,FlxTwr,2002, 27,1500,-999.000,CPI,20110428
Flx1,ON-WPP02,FlxTwr,2002, 27,1530,-999.000,CPI,20110428
Flx1,ON-WPP02,FlxTwr,2002, 27,1600,-999.000,CPI,20110428
Flx1,ON-WPP02,FlxTwr,2002, 27,1630,-999.000,CPI,20110428
Flx1,ON-WPP02,FlxTwr,2002, 27,1700,-999.000,CPI,20110428
Flx1,ON-WPP02,FlxTwr,2002, 27,1730,-999.000,CPI,20110428
Flx1,ON-WPP02,FlxTwr,2002, 27,1800,-999.000,CPI,20110428
Flx1,ON-WPP02,FlxTwr,2002, 27,1830,-999.000,CPI,20110428
Flx1,ON-WPP02,FlxTwr,2002, 27,1900,-999.000,CPI,20110428
Flx1,ON-WPP02,FlxTwr,2002, 27,1930,-999.000,CPI,20110428
Flx1,ON-WPP02,FlxTwr,2002, 27,2000,-999.000,CPI,20110428
Flx1,ON-WPP02,FlxTwr,2002, 27,2030,-999.000,CPI,20110428
Flx1,ON-WPP02,FlxTwr,2002, 27,2100,-999.000,CPI,20110428
Flx1,ON-WPP02,FlxTwr,2002, 27,2130,-999.000,CPI,20110428
Flx1,ON-WPP02,FlxTwr,2002, 27,2200,-999.000,CPI,20110428
Flx1,ON-WPP02,FlxTwr,2002, 27,2230,-999.000,CPI,20110428
Flx1,ON-WPP02,FlxTwr,2002, 27,2300,-999.000,CPI,20110428
Flx1,ON-WPP02,FlxTwr,2002, 27,2330,-999.000,CPI,20110428
Flx1,ON-WPP02,FlxTwr,2002, 27,2400,-999.000,CPI,20110428
Flx1,ON-WPP02,FlxTwr,2002, 28,  30,-999.000,CPI,20110428
Flx1,ON-WPP02,FlxTwr,2002, 28, 100,-999.000,CPI,20110428
Flx1,ON-WPP02,FlxTwr,2002, 28, 130,-999.000,CPI,20110428
Flx1,ON-WPP02,FlxTwr,2002, 28, 200,-999.000,CPI,20110428
Flx1,ON-WPP02,FlxTwr,2002, 28, 230,-999.000,CPI,20110428
Flx1,ON-WPP02,FlxTwr,2002, 28, 300,-999.000,CPI,20110428
Flx1,ON-WPP02,FlxTwr,2002, 28, 330,-999.000,CPI,20110428
Flx1,ON-WPP02,FlxTwr,2002, 28, 400,-999.000,CPI,20110428
Flx1,ON-WPP02,FlxTwr,2002, 28, 430,-999.000,CPI,20110428
Flx1,ON-WPP02,FlxTwr,2002, 28, 500,-999.000,CPI,20110428
Flx1,ON-WPP02,FlxTwr,2002, 28, 530,-999.000,CPI,20110428
Flx1,ON-WPP02,FlxTwr,2002, 28, 600,-999.000,CPI,20110428
Flx1,ON-WPP02,FlxTwr,2002, 28, 630,-999.000,CPI,20110428
Flx1,ON-WPP02,FlxTwr,2002, 28, 700,-999.000,CPI,20110428
Flx1,ON-WPP02,FlxTwr,2002, 28, 730,-999.000,CPI,20110428
Flx1,ON-WPP02,FlxTwr,2002, 28, 800,-999.000,CPI,20110428
Flx1,ON-WPP02,FlxTwr,2002, 28, 830,-999.000,CPI,20110428
Flx1,ON-WPP02,FlxTwr,2002, 28, 900,-999.000,CPI,20110428
Flx1,ON-WPP02,FlxTwr,2002, 28, 930,-999.000,CPI,20110428
Flx1,ON-WPP02,FlxTwr,2002, 28,1000,-999.000,CPI,20110428
Flx1,ON-WPP02,FlxTwr,2002, 28,1030,-999.000,CPI,20110428
Flx1,ON-WPP02,FlxTwr,2002, 28,1100,-999.000,CPI,20110428
Flx1,ON-WPP02,FlxTwr,2002, 28,1130,-999.000,CPI,20110428
Flx1,ON-WPP02,FlxTwr,2002, 28,1200,-999.000,CPI,20110428
Flx1,ON-WPP02,FlxTwr,2002, 28,1230,-999.000,CPI,20110428
Flx1,ON-WPP02,FlxTwr,2002, 28,1300,-999.000,CPI,20110428
Flx1,ON-WPP02,FlxTwr,2002, 28,1330,-999.000,CPI,20110428
Flx1,ON-WPP02,FlxTwr,2002, 28,1400,-999.000,CPI,20110428
Flx1,ON-WPP02,FlxTwr,2002, 28,1430,-999.000,CPI,20110428
Flx1,ON-WPP02,FlxTwr,2002, 28,1500,-999.000,CPI,20110428
Flx1,ON-WPP02,FlxTwr,2002, 28,1530,-999.000,CPI,20110428
Flx1,ON-WPP02,FlxTwr,2002, 28,1600,-999.000,CPI,20110428
Flx1,ON-WPP02,FlxTwr,2002, 28,1630,-999.000,CPI,20110428
Flx1,ON-WPP02,FlxTwr,2002, 28,1700,-999.000,CPI,20110428
Flx1,ON-WPP02,FlxTwr,2002, 28,1730,-999.000,CPI,20110428
Flx1,ON-WPP02,FlxTwr,2002, 28,1800,-999.000,CPI,20110428
Flx1,ON-WPP02,FlxTwr,2002, 28,1830,-999.000,CPI,20110428
Flx1,ON-WPP02,FlxTwr,2002, 28,1900,-999.000,CPI,20110428
Flx1,ON-WPP02,FlxTwr,2002, 28,1930,-999.000,CPI,20110428
Flx1,ON-WPP02,FlxTwr,2002, 28,2000,-999.000,CPI,20110428
Flx1,ON-WPP02,FlxTwr,2002, 28,2030,-999.000,CPI,20110428
Flx1,ON-WPP02,FlxTwr,2002, 28,2100,-999.000,CPI,20110428
Flx1,ON-WPP02,FlxTwr,2002, 28,2130,-999.000,CPI,20110428
Flx1,ON-WPP02,FlxTwr,2002, 28,2200,-999.000,CPI,20110428
Flx1,ON-WPP02,FlxTwr,2002, 28,2230,-999.000,CPI,20110428
Flx1,ON-WPP02,FlxTwr,2002, 28,2300,-999.000,CPI,20110428
Flx1,ON-WPP02,FlxTwr,2002, 28,2330,-999.000,CPI,20110428
Flx1,ON-WPP02,FlxTwr,2002, 28,2400,-999.000,CPI,20110428
Flx1,ON-WPP02,FlxTwr,2002, 29,  30,-999.000,CPI,20110428
Flx1,ON-WPP02,FlxTwr,2002, 29, 100,-999.000,CPI,20110428
Flx1,ON-WPP02,FlxTwr,2002, 29, 130,-999.000,CPI,20110428
Flx1,ON-WPP02,FlxTwr,2002, 29, 200,-999.000,CPI,20110428
Flx1,ON-WPP02,FlxTwr,2002, 29, 230,-999.000,CPI,20110428
Flx1,ON-WPP02,FlxTwr,2002, 29, 300,-999.000,CPI,20110428
Flx1,ON-WPP02,FlxTwr,2002, 29, 330,-999.000,CPI,20110428
Flx1,ON-WPP02,FlxTwr,2002, 29, 400,-999.000,CPI,20110428
Flx1,ON-WPP02,FlxTwr,2002, 29, 430,-999.000,CPI,20110428
Flx1,ON-WPP02,FlxTwr,2002, 29, 500,-999.000,CPI,20110428
Flx1,ON-WPP02,FlxTwr,2002, 29, 530,-999.000,CPI,20110428
Flx1,ON-WPP02,FlxTwr,2002, 29, 600,-999.000,CPI,20110428
Flx1,ON-WPP02,FlxTwr,2002, 29, 630,-999.000,CPI,20110428
Flx1,ON-WPP02,FlxTwr,2002, 29, 700,-999.000,CPI,20110428
Flx1,ON-WPP02,FlxTwr,2002, 29, 730,-999.000,CPI,20110428
Flx1,ON-WPP02,FlxTwr,2002, 29, 800,-999.000,CPI,20110428
Flx1,ON-WPP02,FlxTwr,2002, 29, 830,-999.000,CPI,20110428
Flx1,ON-WPP02,FlxTwr,2002, 29, 900,-999.000,CPI,20110428
Flx1,ON-WPP02,FlxTwr,2002, 29, 930,-999.000,CPI,20110428
Flx1,ON-WPP02,FlxTwr,2002, 29,1000,-999.000,CPI,20110428
Flx1,ON-WPP02,FlxTwr,2002, 29,1030,-999.000,CPI,20110428
Flx1,ON-WPP02,FlxTwr,2002, 29,1100,-999.000,CPI,20110428
Flx1,ON-WPP02,FlxTwr,2002, 29,1130,-999.000,CPI,20110428
Flx1,ON-WPP02,FlxTwr,2002, 29,1200,-999.000,CPI,20110428
Flx1,ON-WPP02,FlxTwr,2002, 29,1230,-999.000,CPI,20110428
Flx1,ON-WPP02,FlxTwr,2002, 29,1300,-999.000,CPI,20110428
Flx1,ON-WPP02,FlxTwr,2002, 29,1330,-999.000,CPI,20110428
Flx1,ON-WPP02,FlxTwr,2002, 29,1400,-999.000,CPI,20110428
Flx1,ON-WPP02,FlxTwr,2002, 29,1430,-999.000,CPI,20110428
Flx1,ON-WPP02,FlxTwr,2002, 29,1500,-999.000,CPI,20110428
Flx1,ON-WPP02,FlxTwr,2002, 29,1530,-999.000,CPI,20110428
Flx1,ON-WPP02,FlxTwr,2002, 29,1600,-999.000,CPI,20110428
Flx1,ON-WPP02,FlxTwr,2002, 29,1630,-999.000,CPI,20110428
Flx1,ON-WPP02,FlxTwr,2002, 29,1700,-999.000,CPI,20110428
Flx1,ON-WPP02,FlxTwr,2002, 29,1730,-999.000,CPI,20110428
Flx1,ON-WPP02,FlxTwr,2002, 29,1800,-999.000,CPI,20110428
Flx1,ON-WPP02,FlxTwr,2002, 29,1830,-999.000,CPI,20110428
Flx1,ON-WPP02,FlxTwr,2002, 29,1900,-999.000,CPI,20110428
Flx1,ON-WPP02,FlxTwr,2002, 29,1930,-999.000,CPI,20110428
Flx1,ON-WPP02,FlxTwr,2002, 29,2000,-999.000,CPI,20110428
Flx1,ON-WPP02,FlxTwr,2002, 29,2030,-999.000,CPI,20110428
Flx1,ON-WPP02,FlxTwr,2002, 29,2100,-999.000,CPI,20110428
Flx1,ON-WPP02,FlxTwr,2002, 29,2130,-999.000,CPI,20110428
Flx1,ON-WPP02,FlxTwr,2002, 29,2200,-999.000,CPI,20110428
Flx1,ON-WPP02,FlxTwr,2002, 29,2230,-999.000,CPI,20110428
Flx1,ON-WPP02,FlxTwr,2002, 29,2300,-999.000,CPI,20110428
Flx1,ON-WPP02,FlxTwr,2002, 29,2330,-999.000,CPI,20110428
Flx1,ON-WPP02,FlxTwr,2002, 29,2400,-999.000,CPI,20110428
Flx1,ON-WPP02,FlxTwr,2002, 30,  30,-999.000,CPI,20110428
Flx1,ON-WPP02,FlxTwr,2002, 30, 100,-999.000,CPI,20110428
Flx1,ON-WPP02,FlxTwr,2002, 30, 130,-999.000,CPI,20110428
Flx1,ON-WPP02,FlxTwr,2002, 30, 200,-999.000,CPI,20110428
Flx1,ON-WPP02,FlxTwr,2002, 30, 230,-999.000,CPI,20110428
Flx1,ON-WPP02,FlxTwr,2002, 30, 300,-999.000,CPI,20110428
Flx1,ON-WPP02,FlxTwr,2002, 30, 330,-999.000,CPI,20110428
Flx1,ON-WPP02,FlxTwr,2002, 30, 400,-999.000,CPI,20110428
Flx1,ON-WPP02,FlxTwr,2002, 30, 430,-999.000,CPI,20110428
Flx1,ON-WPP02,FlxTwr,2002, 30, 500,-999.000,CPI,20110428
Flx1,ON-WPP02,FlxTwr,2002, 30, 530,-999.000,CPI,20110428
Flx1,ON-WPP02,FlxTwr,2002, 30, 600,-999.000,CPI,20110428
Flx1,ON-WPP02,FlxTwr,2002, 30, 630,-999.000,CPI,20110428
Flx1,ON-WPP02,FlxTwr,2002, 30, 700,-999.000,CPI,20110428
Flx1,ON-WPP02,FlxTwr,2002, 30, 730,-999.000,CPI,20110428
Flx1,ON-WPP02,FlxTwr,2002, 30, 800,-999.000,CPI,20110428
Flx1,ON-WPP02,FlxTwr,2002, 30, 830,-999.000,CPI,20110428
Flx1,ON-WPP02,FlxTwr,2002, 30, 900,-999.000,CPI,20110428
Flx1,ON-WPP02,FlxTwr,2002, 30, 930,-999.000,CPI,20110428
Flx1,ON-WPP02,FlxTwr,2002, 30,1000,-999.000,CPI,20110428
Flx1,ON-WPP02,FlxTwr,2002, 30,1030,-999.000,CPI,20110428
Flx1,ON-WPP02,FlxTwr,2002, 30,1100,-999.000,CPI,20110428
Flx1,ON-WPP02,FlxTwr,2002, 30,1130,-999.000,CPI,20110428
Flx1,ON-WPP02,FlxTwr,2002, 30,1200,-999.000,CPI,20110428
Flx1,ON-WPP02,FlxTwr,2002, 30,1230,-999.000,CPI,20110428
Flx1,ON-WPP02,FlxTwr,2002, 30,1300,-999.000,CPI,20110428
Flx1,ON-WPP02,FlxTwr,2002, 30,1330,-999.000,CPI,20110428
Flx1,ON-WPP02,FlxTwr,2002, 30,1400,-999.000,CPI,20110428
Flx1,ON-WPP02,FlxTwr,2002, 30,1430,-999.000,CPI,20110428
Flx1,ON-WPP02,FlxTwr,2002, 30,1500,-999.000,CPI,20110428
Flx1,ON-WPP02,FlxTwr,2002, 30,1530,-999.000,CPI,20110428
Flx1,ON-WPP02,FlxTwr,2002, 30,1600,-999.000,CPI,20110428
Flx1,ON-WPP02,FlxTwr,2002, 30,1630,-999.000,CPI,20110428
Flx1,ON-WPP02,FlxTwr,2002, 30,1700,-999.000,CPI,20110428
Flx1,ON-WPP02,FlxTwr,2002, 30,1730,-999.000,CPI,20110428
Flx1,ON-WPP02,FlxTwr,2002, 30,1800,-999.000,CPI,20110428
Flx1,ON-WPP02,FlxTwr,2002, 30,1830,-999.000,CPI,20110428
Flx1,ON-WPP02,FlxTwr,2002, 30,1900,-999.000,CPI,20110428
Flx1,ON-WPP02,FlxTwr,2002, 30,1930,-999.000,CPI,20110428
Flx1,ON-WPP02,FlxTwr,2002, 30,2000,-999.000,CPI,20110428
Flx1,ON-WPP02,FlxTwr,2002, 30,2030,-999.000,CPI,20110428
Flx1,ON-WPP02,FlxTwr,2002, 30,2100,-999.000,CPI,20110428
Flx1,ON-WPP02,FlxTwr,2002, 30,2130,-999.000,CPI,20110428
Flx1,ON-WPP02,FlxTwr,2002, 30,2200,-999.000,CPI,20110428
Flx1,ON-WPP02,FlxTwr,2002, 30,2230,-999.000,CPI,20110428
Flx1,ON-WPP02,FlxTwr,2002, 30,2300,-999.000,CPI,20110428
Flx1,ON-WPP02,FlxTwr,2002, 30,2330,-999.000,CPI,20110428
Flx1,ON-WPP02,FlxTwr,2002, 30,2400,-999.000,CPI,20110428
Flx1,ON-WPP02,FlxTwr,2002, 31,  30,-999.000,CPI,20110428
Flx1,ON-WPP02,FlxTwr,2002, 31, 100,-999.000,CPI,20110428
Flx1,ON-WPP02,FlxTwr,2002, 31, 130,-999.000,CPI,20110428
Flx1,ON-WPP02,FlxTwr,2002, 31, 200,-999.000,CPI,20110428
Flx1,ON-WPP02,FlxTwr,2002, 31, 230,-999.000,CPI,20110428
Flx1,ON-WPP02,FlxTwr,2002, 31, 300,-999.000,CPI,20110428
Flx1,ON-WPP02,FlxTwr,2002, 31, 330,-999.000,CPI,20110428
Flx1,ON-WPP02,FlxTwr,2002, 31, 400,-999.000,CPI,20110428
Flx1,ON-WPP02,FlxTwr,2002, 31, 430,-999.000,CPI,20110428
Flx1,ON-WPP02,FlxTwr,2002, 31, 500,-999.000,CPI,20110428
Flx1,ON-WPP02,FlxTwr,2002, 31, 530,-999.000,CPI,20110428
Flx1,ON-WPP02,FlxTwr,2002, 31, 600,-999.000,CPI,20110428
Flx1,ON-WPP02,FlxTwr,2002, 31, 630,-999.000,CPI,20110428
Flx1,ON-WPP02,FlxTwr,2002, 31, 700,-999.000,CPI,20110428
Flx1,ON-WPP02,FlxTwr,2002, 31, 730,-999.000,CPI,20110428
Flx1,ON-WPP02,FlxTwr,2002, 31, 800,-999.000,CPI,20110428
Flx1,ON-WPP02,FlxTwr,2002, 31, 830,-999.000,CPI,20110428
Flx1,ON-WPP02,FlxTwr,2002, 31, 900,-999.000,CPI,20110428
Flx1,ON-WPP02,FlxTwr,2002, 31, 930,-999.000,CPI,20110428
Flx1,ON-WPP02,FlxTwr,2002, 31,1000,-999.000,CPI,20110428
Flx1,ON-WPP02,FlxTwr,2002, 31,1030,-999.000,CPI,20110428
Flx1,ON-WPP02,FlxTwr,2002, 31,1100,-999.000,CPI,20110428
Flx1,ON-WPP02,FlxTwr,2002, 31,1130,-999.000,CPI,20110428
Flx1,ON-WPP02,FlxTwr,2002, 31,1200,-999.000,CPI,20110428
Flx1,ON-WPP02,FlxTwr,2002, 31,1230,-999.000,CPI,20110428
Flx1,ON-WPP02,FlxTwr,2002, 31,1300,-999.000,CPI,20110428
Flx1,ON-WPP02,FlxTwr,2002, 31,1330,-999.000,CPI,20110428
Flx1,ON-WPP02,FlxTwr,2002, 31,1400,-999.000,CPI,20110428
Flx1,ON-WPP02,FlxTwr,2002, 31,1430,-999.000,CPI,20110428
Flx1,ON-WPP02,FlxTwr,2002, 31,1500,-999.000,CPI,20110428
Flx1,ON-WPP02,FlxTwr,2002, 31,1530,-999.000,CPI,20110428
Flx1,ON-WPP02,FlxTwr,2002, 31,1600,-999.000,CPI,20110428
Flx1,ON-WPP02,FlxTwr,2002, 31,1630,-999.000,CPI,20110428
Flx1,ON-WPP02,FlxTwr,2002, 31,1700,-999.000,CPI,20110428
Flx1,ON-WPP02,FlxTwr,2002, 31,1730,-999.000,CPI,20110428
Flx1,ON-WPP02,FlxTwr,2002, 31,1800,-999.000,CPI,20110428
Flx1,ON-WPP02,FlxTwr,2002, 31,1830,-999.000,CPI,20110428
Flx1,ON-WPP02,FlxTwr,2002, 31,1900,-999.000,CPI,20110428
Flx1,ON-WPP02,FlxTwr,2002, 31,1930,-999.000,CPI,20110428
Flx1,ON-WPP02,FlxTwr,2002, 31,2000,-999.000,CPI,20110428
Flx1,ON-WPP02,FlxTwr,2002, 31,2030,-999.000,CPI,20110428
Flx1,ON-WPP02,FlxTwr,2002, 31,2100,-999.000,CPI,20110428
Flx1,ON-WPP02,FlxTwr,2002, 31,2130,-999.000,CPI,20110428
Flx1,ON-WPP02,FlxTwr,2002, 31,2200,-999.000,CPI,20110428
Flx1,ON-WPP02,FlxTwr,2002, 31,2230,-999.000,CPI,20110428
Flx1,ON-WPP02,FlxTwr,2002, 31,2300,-999.000,CPI,20110428
Flx1,ON-WPP02,FlxTwr,2002, 31,2330,-999.000,CPI,20110428
Flx1,ON-WPP02,FlxTwr,2002, 31,2400,-999.000,CPI,20110428
