DataType,Site,SubSite,Year,Day,End_Time,EddyCovariance_CO2_AbvCnpy,CertificationCode,RevisionDate
(n/a),(n/a),(n/a),(UTC),(UTC),(HrMn_UTC),(ppm),(n/a),(YYYYMMDD)
Flx1,ON-WPP02,FlxTwr,2010, 60,  30, 393.724,CPI,20110428
Flx1,ON-WPP02,FlxTwr,2010, 60, 100, 393.810,CPI,20110428
Flx1,ON-WPP02,FlxTwr,2010, 60, 130, 393.757,CPI,20110428
Flx1,ON-WPP02,FlxTwr,2010, 60, 200, 393.860,CPI,20110428
Flx1,ON-WPP02,FlxTwr,2010, 60, 230, 393.856,CPI,20110428
Flx1,ON-WPP02,FlxTwr,2010, 60, 300, 393.949,CPI,20110428
Flx1,ON-WPP02,FlxTwr,2010, 60, 330, 394.099,CPI,20110428
Flx1,ON-WPP02,FlxTwr,2010, 60, 400, 394.171,CPI,20110428
Flx1,ON-WPP02,FlxTwr,2010, 60, 430, 394.295,CPI,20110428
Flx1,ON-WPP02,FlxTwr,2010, 60, 500, 394.397,CPI,20110428
Flx1,ON-WPP02,FlxTwr,2010, 60, 530, 394.339,CPI,20110428
Flx1,ON-WPP02,FlxTwr,2010, 60, 600, 394.378,CPI,20110428
Flx1,ON-WPP02,FlxTwr,2010, 60, 630, 394.401,CPI,20110428
Flx1,ON-WPP02,FlxTwr,2010, 60, 700, 394.353,CPI,20110428
Flx1,ON-WPP02,FlxTwr,2010, 60, 730, 394.230,CPI,20110428
Flx1,ON-WPP02,FlxTwr,2010, 60, 800, 394.076,CPI,20110428
Flx1,ON-WPP02,FlxTwr,2010, 60, 830, 394.101,CPI,20110428
Flx1,ON-WPP02,FlxTwr,2010, 60, 900, 394.251,CPI,20110428
Flx1,ON-WPP02,FlxTwr,2010, 60, 930, 394.327,CPI,20110428
Flx1,ON-WPP02,FlxTwr,2010, 60,1000, 394.529,CPI,20110428
Flx1,ON-WPP02,FlxTwr,2010, 60,1030, 394.407,CPI,20110428
Flx1,ON-WPP02,FlxTwr,2010, 60,1100, 394.336,CPI,20110428
Flx1,ON-WPP02,FlxTwr,2010, 60,1130, 394.557,CPI,20110428
Flx1,ON-WPP02,FlxTwr,2010, 60,1200, 394.965,CPI,20110428
Flx1,ON-WPP02,FlxTwr,2010, 60,1230, 395.181,CPI,20110428
Flx1,ON-WPP02,FlxTwr,2010, 60,1300, 395.510,CPI,20110428
Flx1,ON-WPP02,FlxTwr,2010, 60,1330, 395.836,CPI,20110428
Flx1,ON-WPP02,FlxTwr,2010, 60,1400, 395.970,CPI,20110428
Flx1,ON-WPP02,FlxTwr,2010, 60,1430, 395.409,CPI,20110428
Flx1,ON-WPP02,FlxTwr,2010, 60,1500, 394.873,CPI,20110428
Flx1,ON-WPP02,FlxTwr,2010, 60,1530, 394.591,CPI,20110428
Flx1,ON-WPP02,FlxTwr,2010, 60,1600, 394.811,CPI,20110428
Flx1,ON-WPP02,FlxTwr,2010, 60,1630, 395.146,CPI,20110428
Flx1,ON-WPP02,FlxTwr,2010, 60,1700, 394.894,CPI,20110428
Flx1,ON-WPP02,FlxTwr,2010, 60,1730, 394.702,CPI,20110428
Flx1,ON-WPP02,FlxTwr,2010, 60,1800, 394.609,CPI,20110428
Flx1,ON-WPP02,FlxTwr,2010, 60,1830, 395.215,CPI,20110428
Flx1,ON-WPP02,FlxTwr,2010, 60,1900, 395.681,CPI,20110428
Flx1,ON-WPP02,FlxTwr,2010, 60,1930, 395.318,CPI,20110428
Flx1,ON-WPP02,FlxTwr,2010, 60,2000, 395.179,CPI,20110428
Flx1,ON-WPP02,FlxTwr,2010, 60,2030, 395.243,CPI,20110428
Flx1,ON-WPP02,FlxTwr,2010, 60,2100, 395.880,CPI,20110428
Flx1,ON-WPP02,FlxTwr,2010, 60,2130, 394.948,CPI,20110428
Flx1,ON-WPP02,FlxTwr,2010, 60,2200, 394.935,CPI,20110428
Flx1,ON-WPP02,FlxTwr,2010, 60,2230, 394.990,CPI,20110428
Flx1,ON-WPP02,FlxTwr,2010, 60,2300, 395.249,CPI,20110428
Flx1,ON-WPP02,FlxTwr,2010, 60,2330, 395.545,CPI,20110428
Flx1,ON-WPP02,FlxTwr,2010, 60,2400, 395.969,CPI,20110428
Flx1,ON-WPP02,FlxTwr,2010, 61,  30, 396.078,CPI,20110428
Flx1,ON-WPP02,FlxTwr,2010, 61, 100, 396.387,CPI,20110428
Flx1,ON-WPP02,FlxTwr,2010, 61, 130, 396.569,CPI,20110428
Flx1,ON-WPP02,FlxTwr,2010, 61, 200, 396.800,CPI,20110428
Flx1,ON-WPP02,FlxTwr,2010, 61, 230, 397.042,CPI,20110428
Flx1,ON-WPP02,FlxTwr,2010, 61, 300, 397.538,CPI,20110428
Flx1,ON-WPP02,FlxTwr,2010, 61, 330, 398.071,CPI,20110428
Flx1,ON-WPP02,FlxTwr,2010, 61, 400, 397.785,CPI,20110428
Flx1,ON-WPP02,FlxTwr,2010, 61, 430, 397.485,CPI,20110428
Flx1,ON-WPP02,FlxTwr,2010, 61, 500, 397.518,CPI,20110428
Flx1,ON-WPP02,FlxTwr,2010, 61, 530, 397.455,CPI,20110428
Flx1,ON-WPP02,FlxTwr,2010, 61, 600, 397.508,CPI,20110428
Flx1,ON-WPP02,FlxTwr,2010, 61, 630, 397.548,CPI,20110428
Flx1,ON-WPP02,FlxTwr,2010, 61, 700, 397.226,CPI,20110428
Flx1,ON-WPP02,FlxTwr,2010, 61, 730, 397.118,CPI,20110428
Flx1,ON-WPP02,FlxTwr,2010, 61, 800, 397.499,CPI,20110428
Flx1,ON-WPP02,FlxTwr,2010, 61, 830, 398.056,CPI,20110428
Flx1,ON-WPP02,FlxTwr,2010, 61, 900, 398.467,CPI,20110428
Flx1,ON-WPP02,FlxTwr,2010, 61, 930, 398.183,CPI,20110428
Flx1,ON-WPP02,FlxTwr,2010, 61,1000, 397.912,CPI,20110428
Flx1,ON-WPP02,FlxTwr,2010, 61,1030, 398.222,CPI,20110428
Flx1,ON-WPP02,FlxTwr,2010, 61,1100, 398.744,CPI,20110428
Flx1,ON-WPP02,FlxTwr,2010, 61,1130, 398.917,CPI,20110428
Flx1,ON-WPP02,FlxTwr,2010, 61,1200, 399.883,CPI,20110428
Flx1,ON-WPP02,FlxTwr,2010, 61,1230, 399.699,CPI,20110428
Flx1,ON-WPP02,FlxTwr,2010, 61,1300, 399.272,CPI,20110428
Flx1,ON-WPP02,FlxTwr,2010, 61,1330, 399.145,CPI,20110428
Flx1,ON-WPP02,FlxTwr,2010, 61,1400, 399.563,CPI,20110428
Flx1,ON-WPP02,FlxTwr,2010, 61,1430, 399.283,CPI,20110428
Flx1,ON-WPP02,FlxTwr,2010, 61,1500, 399.522,CPI,20110428
Flx1,ON-WPP02,FlxTwr,2010, 61,1530, 400.915,CPI,20110428
Flx1,ON-WPP02,FlxTwr,2010, 61,1600, 401.299,CPI,20110428
Flx1,ON-WPP02,FlxTwr,2010, 61,1630, 401.059,CPI,20110428
Flx1,ON-WPP02,FlxTwr,2010, 61,1700, 400.987,CPI,20110428
Flx1,ON-WPP02,FlxTwr,2010, 61,1730, 400.709,CPI,20110428
Flx1,ON-WPP02,FlxTwr,2010, 61,1800, 400.631,CPI,20110428
Flx1,ON-WPP02,FlxTwr,2010, 61,1830, 400.397,CPI,20110428
Flx1,ON-WPP02,FlxTwr,2010, 61,1900, 400.069,CPI,20110428
Flx1,ON-WPP02,FlxTwr,2010, 61,1930, 400.152,CPI,20110428
Flx1,ON-WPP02,FlxTwr,2010, 61,2000, 399.978,CPI,20110428
Flx1,ON-WPP02,FlxTwr,2010, 61,2030, 399.775,CPI,20110428
Flx1,ON-WPP02,FlxTwr,2010, 61,2100, 399.859,CPI,20110428
Flx1,ON-WPP02,FlxTwr,2010, 61,2130, 399.822,CPI,20110428
Flx1,ON-WPP02,FlxTwr,2010, 61,2200, 399.817,CPI,20110428
Flx1,ON-WPP02,FlxTwr,2010, 61,2230, 400.126,CPI,20110428
Flx1,ON-WPP02,FlxTwr,2010, 61,2300, 399.109,CPI,20110428
Flx1,ON-WPP02,FlxTwr,2010, 61,2330, 399.267,CPI,20110428
Flx1,ON-WPP02,FlxTwr,2010, 61,2400, 401.002,CPI,20110428
Flx1,ON-WPP02,FlxTwr,2010, 62,  30, 400.661,CPI,20110428
Flx1,ON-WPP02,FlxTwr,2010, 62, 100, 401.181,CPI,20110428
Flx1,ON-WPP02,FlxTwr,2010, 62, 130, 404.262,CPI,20110428
Flx1,ON-WPP02,FlxTwr,2010, 62, 200, 400.456,CPI,20110428
Flx1,ON-WPP02,FlxTwr,2010, 62, 230, 398.506,CPI,20110428
Flx1,ON-WPP02,FlxTwr,2010, 62, 300, 397.702,CPI,20110428
Flx1,ON-WPP02,FlxTwr,2010, 62, 330, 397.701,CPI,20110428
Flx1,ON-WPP02,FlxTwr,2010, 62, 400, 398.311,CPI,20110428
Flx1,ON-WPP02,FlxTwr,2010, 62, 430, 398.886,CPI,20110428
Flx1,ON-WPP02,FlxTwr,2010, 62, 500, 399.453,CPI,20110428
Flx1,ON-WPP02,FlxTwr,2010, 62, 530, 399.804,CPI,20110428
Flx1,ON-WPP02,FlxTwr,2010, 62, 600, 399.807,CPI,20110428
Flx1,ON-WPP02,FlxTwr,2010, 62, 630, 399.532,CPI,20110428
Flx1,ON-WPP02,FlxTwr,2010, 62, 700, 399.999,CPI,20110428
Flx1,ON-WPP02,FlxTwr,2010, 62, 730, 400.832,CPI,20110428
Flx1,ON-WPP02,FlxTwr,2010, 62, 800, 401.235,CPI,20110428
Flx1,ON-WPP02,FlxTwr,2010, 62, 830, 401.762,CPI,20110428
Flx1,ON-WPP02,FlxTwr,2010, 62, 900, 402.033,CPI,20110428
Flx1,ON-WPP02,FlxTwr,2010, 62, 930, 401.858,CPI,20110428
Flx1,ON-WPP02,FlxTwr,2010, 62,1000, 401.795,CPI,20110428
Flx1,ON-WPP02,FlxTwr,2010, 62,1030, 401.826,CPI,20110428
Flx1,ON-WPP02,FlxTwr,2010, 62,1100, 401.957,CPI,20110428
Flx1,ON-WPP02,FlxTwr,2010, 62,1130, 402.095,CPI,20110428
Flx1,ON-WPP02,FlxTwr,2010, 62,1200, 402.293,CPI,20110428
Flx1,ON-WPP02,FlxTwr,2010, 62,1230, 402.803,CPI,20110428
Flx1,ON-WPP02,FlxTwr,2010, 62,1300, 402.863,CPI,20110428
Flx1,ON-WPP02,FlxTwr,2010, 62,1330, 402.446,CPI,20110428
Flx1,ON-WPP02,FlxTwr,2010, 62,1400, 401.566,CPI,20110428
Flx1,ON-WPP02,FlxTwr,2010, 62,1430, 401.148,CPI,20110428
Flx1,ON-WPP02,FlxTwr,2010, 62,1500, 401.278,CPI,20110428
Flx1,ON-WPP02,FlxTwr,2010, 62,1530, 401.161,CPI,20110428
Flx1,ON-WPP02,FlxTwr,2010, 62,1600, 400.614,CPI,20110428
Flx1,ON-WPP02,FlxTwr,2010, 62,1630, 399.137,CPI,20110428
Flx1,ON-WPP02,FlxTwr,2010, 62,1700, 398.191,CPI,20110428
Flx1,ON-WPP02,FlxTwr,2010, 62,1730, 397.170,CPI,20110428
Flx1,ON-WPP02,FlxTwr,2010, 62,1800, 397.227,CPI,20110428
Flx1,ON-WPP02,FlxTwr,2010, 62,1830, 397.114,CPI,20110428
Flx1,ON-WPP02,FlxTwr,2010, 62,1900, 397.205,CPI,20110428
Flx1,ON-WPP02,FlxTwr,2010, 62,1930, 397.037,CPI,20110428
Flx1,ON-WPP02,FlxTwr,2010, 62,2000, 396.536,CPI,20110428
Flx1,ON-WPP02,FlxTwr,2010, 62,2030, 396.144,CPI,20110428
Flx1,ON-WPP02,FlxTwr,2010, 62,2100, 395.757,CPI,20110428
Flx1,ON-WPP02,FlxTwr,2010, 62,2130, 395.964,CPI,20110428
Flx1,ON-WPP02,FlxTwr,2010, 62,2200, 395.431,CPI,20110428
Flx1,ON-WPP02,FlxTwr,2010, 62,2230, 394.984,CPI,20110428
Flx1,ON-WPP02,FlxTwr,2010, 62,2300, 395.041,CPI,20110428
Flx1,ON-WPP02,FlxTwr,2010, 62,2330, 395.225,CPI,20110428
Flx1,ON-WPP02,FlxTwr,2010, 62,2400, 396.036,CPI,20110428
Flx1,ON-WPP02,FlxTwr,2010, 63,  30, 396.434,CPI,20110428
Flx1,ON-WPP02,FlxTwr,2010, 63, 100, 396.502,CPI,20110428
Flx1,ON-WPP02,FlxTwr,2010, 63, 130, 397.405,CPI,20110428
Flx1,ON-WPP02,FlxTwr,2010, 63, 200, 397.877,CPI,20110428
Flx1,ON-WPP02,FlxTwr,2010, 63, 230, 397.942,CPI,20110428
Flx1,ON-WPP02,FlxTwr,2010, 63, 300, 397.904,CPI,20110428
Flx1,ON-WPP02,FlxTwr,2010, 63, 330, 397.822,CPI,20110428
Flx1,ON-WPP02,FlxTwr,2010, 63, 400, 397.694,CPI,20110428
Flx1,ON-WPP02,FlxTwr,2010, 63, 430, 397.461,CPI,20110428
Flx1,ON-WPP02,FlxTwr,2010, 63, 500, 397.341,CPI,20110428
Flx1,ON-WPP02,FlxTwr,2010, 63, 530, 397.014,CPI,20110428
Flx1,ON-WPP02,FlxTwr,2010, 63, 600, 396.705,CPI,20110428
Flx1,ON-WPP02,FlxTwr,2010, 63, 630, 396.411,CPI,20110428
Flx1,ON-WPP02,FlxTwr,2010, 63, 700, 396.521,CPI,20110428
Flx1,ON-WPP02,FlxTwr,2010, 63, 730, 396.626,CPI,20110428
Flx1,ON-WPP02,FlxTwr,2010, 63, 800, 396.662,CPI,20110428
Flx1,ON-WPP02,FlxTwr,2010, 63, 830, 396.820,CPI,20110428
Flx1,ON-WPP02,FlxTwr,2010, 63, 900, 396.806,CPI,20110428
Flx1,ON-WPP02,FlxTwr,2010, 63, 930, 397.053,CPI,20110428
Flx1,ON-WPP02,FlxTwr,2010, 63,1000, 397.111,CPI,20110428
Flx1,ON-WPP02,FlxTwr,2010, 63,1030, 397.246,CPI,20110428
Flx1,ON-WPP02,FlxTwr,2010, 63,1100, 397.499,CPI,20110428
Flx1,ON-WPP02,FlxTwr,2010, 63,1130, 397.650,CPI,20110428
Flx1,ON-WPP02,FlxTwr,2010, 63,1200, 398.209,CPI,20110428
Flx1,ON-WPP02,FlxTwr,2010, 63,1230, 398.044,CPI,20110428
Flx1,ON-WPP02,FlxTwr,2010, 63,1300, 397.954,CPI,20110428
Flx1,ON-WPP02,FlxTwr,2010, 63,1330, 397.594,CPI,20110428
Flx1,ON-WPP02,FlxTwr,2010, 63,1400, 397.089,CPI,20110428
Flx1,ON-WPP02,FlxTwr,2010, 63,1430, 396.974,CPI,20110428
Flx1,ON-WPP02,FlxTwr,2010, 63,1500, 396.921,CPI,20110428
Flx1,ON-WPP02,FlxTwr,2010, 63,1530, 396.739,CPI,20110428
Flx1,ON-WPP02,FlxTwr,2010, 63,1600, 396.105,CPI,20110428
Flx1,ON-WPP02,FlxTwr,2010, 63,1630, 395.846,CPI,20110428
Flx1,ON-WPP02,FlxTwr,2010, 63,1700, 395.505,CPI,20110428
Flx1,ON-WPP02,FlxTwr,2010, 63,1730, 395.085,CPI,20110428
Flx1,ON-WPP02,FlxTwr,2010, 63,1800, 395.180,CPI,20110428
Flx1,ON-WPP02,FlxTwr,2010, 63,1830, 395.100,CPI,20110428
Flx1,ON-WPP02,FlxTwr,2010, 63,1900, 394.943,CPI,20110428
Flx1,ON-WPP02,FlxTwr,2010, 63,1930, 394.732,CPI,20110428
Flx1,ON-WPP02,FlxTwr,2010, 63,2000, 394.669,CPI,20110428
Flx1,ON-WPP02,FlxTwr,2010, 63,2030, 394.467,CPI,20110428
Flx1,ON-WPP02,FlxTwr,2010, 63,2100, 394.819,CPI,20110428
Flx1,ON-WPP02,FlxTwr,2010, 63,2130, 395.123,CPI,20110428
Flx1,ON-WPP02,FlxTwr,2010, 63,2200, 394.996,CPI,20110428
Flx1,ON-WPP02,FlxTwr,2010, 63,2230, 394.938,CPI,20110428
Flx1,ON-WPP02,FlxTwr,2010, 63,2300, 395.281,CPI,20110428
Flx1,ON-WPP02,FlxTwr,2010, 63,2330, 395.349,CPI,20110428
Flx1,ON-WPP02,FlxTwr,2010, 63,2400, 395.206,CPI,20110428
Flx1,ON-WPP02,FlxTwr,2010, 64,  30, 395.373,CPI,20110428
Flx1,ON-WPP02,FlxTwr,2010, 64, 100, 395.550,CPI,20110428
Flx1,ON-WPP02,FlxTwr,2010, 64, 130, 395.793,CPI,20110428
Flx1,ON-WPP02,FlxTwr,2010, 64, 200, 396.063,CPI,20110428
Flx1,ON-WPP02,FlxTwr,2010, 64, 230, 396.304,CPI,20110428
Flx1,ON-WPP02,FlxTwr,2010, 64, 300, 396.455,CPI,20110428
Flx1,ON-WPP02,FlxTwr,2010, 64, 330, 396.505,CPI,20110428
Flx1,ON-WPP02,FlxTwr,2010, 64, 400, 396.782,CPI,20110428
Flx1,ON-WPP02,FlxTwr,2010, 64, 430, 396.954,CPI,20110428
Flx1,ON-WPP02,FlxTwr,2010, 64, 500, 397.246,CPI,20110428
Flx1,ON-WPP02,FlxTwr,2010, 64, 530, 397.415,CPI,20110428
Flx1,ON-WPP02,FlxTwr,2010, 64, 600, 397.407,CPI,20110428
Flx1,ON-WPP02,FlxTwr,2010, 64, 630, 397.122,CPI,20110428
Flx1,ON-WPP02,FlxTwr,2010, 64, 700, 397.079,CPI,20110428
Flx1,ON-WPP02,FlxTwr,2010, 64, 730, 397.291,CPI,20110428
Flx1,ON-WPP02,FlxTwr,2010, 64, 800, 397.534,CPI,20110428
Flx1,ON-WPP02,FlxTwr,2010, 64, 830, 397.635,CPI,20110428
Flx1,ON-WPP02,FlxTwr,2010, 64, 900, 397.831,CPI,20110428
Flx1,ON-WPP02,FlxTwr,2010, 64, 930, 398.087,CPI,20110428
Flx1,ON-WPP02,FlxTwr,2010, 64,1000, 398.206,CPI,20110428
Flx1,ON-WPP02,FlxTwr,2010, 64,1030, 398.613,CPI,20110428
Flx1,ON-WPP02,FlxTwr,2010, 64,1100, 398.592,CPI,20110428
Flx1,ON-WPP02,FlxTwr,2010, 64,1130, 398.855,CPI,20110428
Flx1,ON-WPP02,FlxTwr,2010, 64,1200, 399.187,CPI,20110428
Flx1,ON-WPP02,FlxTwr,2010, 64,1230, 399.976,CPI,20110428
Flx1,ON-WPP02,FlxTwr,2010, 64,1300, 399.538,CPI,20110428
Flx1,ON-WPP02,FlxTwr,2010, 64,1330, 398.853,CPI,20110428
Flx1,ON-WPP02,FlxTwr,2010, 64,1400, 398.156,CPI,20110428
Flx1,ON-WPP02,FlxTwr,2010, 64,1430, 397.741,CPI,20110428
Flx1,ON-WPP02,FlxTwr,2010, 64,1500, 397.458,CPI,20110428
Flx1,ON-WPP02,FlxTwr,2010, 64,1530, 396.869,CPI,20110428
Flx1,ON-WPP02,FlxTwr,2010, 64,1600, 396.098,CPI,20110428
Flx1,ON-WPP02,FlxTwr,2010, 64,1630, 395.840,CPI,20110428
Flx1,ON-WPP02,FlxTwr,2010, 64,1700, 395.327,CPI,20110428
Flx1,ON-WPP02,FlxTwr,2010, 64,1730, 394.839,CPI,20110428
Flx1,ON-WPP02,FlxTwr,2010, 64,1800, 394.248,CPI,20110428
Flx1,ON-WPP02,FlxTwr,2010, 64,1830, 393.434,CPI,20110428
Flx1,ON-WPP02,FlxTwr,2010, 64,1900, 393.228,CPI,20110428
Flx1,ON-WPP02,FlxTwr,2010, 64,1930, 393.638,CPI,20110428
Flx1,ON-WPP02,FlxTwr,2010, 64,2000, 393.763,CPI,20110428
Flx1,ON-WPP02,FlxTwr,2010, 64,2030, 393.918,CPI,20110428
Flx1,ON-WPP02,FlxTwr,2010, 64,2100, 394.071,CPI,20110428
Flx1,ON-WPP02,FlxTwr,2010, 64,2130, 394.541,CPI,20110428
Flx1,ON-WPP02,FlxTwr,2010, 64,2200,-999.000,CPI,20110428
Flx1,ON-WPP02,FlxTwr,2010, 64,2230,-999.000,CPI,20110428
Flx1,ON-WPP02,FlxTwr,2010, 64,2300,-999.000,CPI,20110428
Flx1,ON-WPP02,FlxTwr,2010, 64,2330, 398.680,CPI,20110428
Flx1,ON-WPP02,FlxTwr,2010, 64,2400, 398.716,CPI,20110428
Flx1,ON-WPP02,FlxTwr,2010, 65,  30, 398.613,CPI,20110428
Flx1,ON-WPP02,FlxTwr,2010, 65, 100, 398.592,CPI,20110428
Flx1,ON-WPP02,FlxTwr,2010, 65, 130, 398.579,CPI,20110428
Flx1,ON-WPP02,FlxTwr,2010, 65, 200, 398.480,CPI,20110428
Flx1,ON-WPP02,FlxTwr,2010, 65, 230, 398.251,CPI,20110428
Flx1,ON-WPP02,FlxTwr,2010, 65, 300, 398.209,CPI,20110428
Flx1,ON-WPP02,FlxTwr,2010, 65, 330, 398.316,CPI,20110428
Flx1,ON-WPP02,FlxTwr,2010, 65, 400, 398.535,CPI,20110428
Flx1,ON-WPP02,FlxTwr,2010, 65, 430, 399.040,CPI,20110428
Flx1,ON-WPP02,FlxTwr,2010, 65, 500, 399.716,CPI,20110428
Flx1,ON-WPP02,FlxTwr,2010, 65, 530,-999.000,CPI,20110428
Flx1,ON-WPP02,FlxTwr,2010, 65, 600, 399.687,CPI,20110428
Flx1,ON-WPP02,FlxTwr,2010, 65, 630, 399.622,CPI,20110428
Flx1,ON-WPP02,FlxTwr,2010, 65, 700, 400.345,CPI,20110428
Flx1,ON-WPP02,FlxTwr,2010, 65, 730, 400.618,CPI,20110428
Flx1,ON-WPP02,FlxTwr,2010, 65, 800, 400.865,CPI,20110428
Flx1,ON-WPP02,FlxTwr,2010, 65, 830, 400.473,CPI,20110428
Flx1,ON-WPP02,FlxTwr,2010, 65, 900, 400.929,CPI,20110428
Flx1,ON-WPP02,FlxTwr,2010, 65, 930, 400.948,CPI,20110428
Flx1,ON-WPP02,FlxTwr,2010, 65,1000, 402.695,CPI,20110428
Flx1,ON-WPP02,FlxTwr,2010, 65,1030, 403.040,CPI,20110428
Flx1,ON-WPP02,FlxTwr,2010, 65,1100, 403.574,CPI,20110428
Flx1,ON-WPP02,FlxTwr,2010, 65,1130, 404.027,CPI,20110428
Flx1,ON-WPP02,FlxTwr,2010, 65,1200, 403.052,CPI,20110428
Flx1,ON-WPP02,FlxTwr,2010, 65,1230, 403.541,CPI,20110428
Flx1,ON-WPP02,FlxTwr,2010, 65,1300, 404.302,CPI,20110428
Flx1,ON-WPP02,FlxTwr,2010, 65,1330, 403.639,CPI,20110428
Flx1,ON-WPP02,FlxTwr,2010, 65,1400, 402.234,CPI,20110428
Flx1,ON-WPP02,FlxTwr,2010, 65,1430, 400.140,CPI,20110428
Flx1,ON-WPP02,FlxTwr,2010, 65,1500, 398.971,CPI,20110428
Flx1,ON-WPP02,FlxTwr,2010, 65,1530, 398.419,CPI,20110428
Flx1,ON-WPP02,FlxTwr,2010, 65,1600, 397.684,CPI,20110428
Flx1,ON-WPP02,FlxTwr,2010, 65,1630, 397.070,CPI,20110428
Flx1,ON-WPP02,FlxTwr,2010, 65,1700, 396.371,CPI,20110428
Flx1,ON-WPP02,FlxTwr,2010, 65,1730, 395.464,CPI,20110428
Flx1,ON-WPP02,FlxTwr,2010, 65,1800, 395.041,CPI,20110428
Flx1,ON-WPP02,FlxTwr,2010, 65,1830, 394.661,CPI,20110428
Flx1,ON-WPP02,FlxTwr,2010, 65,1900, 395.672,CPI,20110428
Flx1,ON-WPP02,FlxTwr,2010, 65,1930, 397.075,CPI,20110428
Flx1,ON-WPP02,FlxTwr,2010, 65,2000, 395.504,CPI,20110428
Flx1,ON-WPP02,FlxTwr,2010, 65,2030, 394.156,CPI,20110428
Flx1,ON-WPP02,FlxTwr,2010, 65,2100, 393.586,CPI,20110428
Flx1,ON-WPP02,FlxTwr,2010, 65,2130, 393.747,CPI,20110428
Flx1,ON-WPP02,FlxTwr,2010, 65,2200, 394.115,CPI,20110428
Flx1,ON-WPP02,FlxTwr,2010, 65,2230, 394.467,CPI,20110428
Flx1,ON-WPP02,FlxTwr,2010, 65,2300, 394.028,CPI,20110428
Flx1,ON-WPP02,FlxTwr,2010, 65,2330, 393.667,CPI,20110428
Flx1,ON-WPP02,FlxTwr,2010, 65,2400, 394.571,CPI,20110428
Flx1,ON-WPP02,FlxTwr,2010, 66,  30, 397.994,CPI,20110428
Flx1,ON-WPP02,FlxTwr,2010, 66, 100, 399.967,CPI,20110428
Flx1,ON-WPP02,FlxTwr,2010, 66, 130, 401.413,CPI,20110428
Flx1,ON-WPP02,FlxTwr,2010, 66, 200, 400.297,CPI,20110428
Flx1,ON-WPP02,FlxTwr,2010, 66, 230, 400.908,CPI,20110428
Flx1,ON-WPP02,FlxTwr,2010, 66, 300, 402.668,CPI,20110428
Flx1,ON-WPP02,FlxTwr,2010, 66, 330, 404.321,CPI,20110428
Flx1,ON-WPP02,FlxTwr,2010, 66, 400, 404.757,CPI,20110428
Flx1,ON-WPP02,FlxTwr,2010, 66, 430, 404.660,CPI,20110428
Flx1,ON-WPP02,FlxTwr,2010, 66, 500, 405.255,CPI,20110428
Flx1,ON-WPP02,FlxTwr,2010, 66, 530,-999.000,CPI,20110428
Flx1,ON-WPP02,FlxTwr,2010, 66, 600, 405.296,CPI,20110428
Flx1,ON-WPP02,FlxTwr,2010, 66, 630, 404.147,CPI,20110428
Flx1,ON-WPP02,FlxTwr,2010, 66, 700, 403.485,CPI,20110428
Flx1,ON-WPP02,FlxTwr,2010, 66, 730, 403.340,CPI,20110428
Flx1,ON-WPP02,FlxTwr,2010, 66, 800, 403.225,CPI,20110428
Flx1,ON-WPP02,FlxTwr,2010, 66, 830, 403.028,CPI,20110428
Flx1,ON-WPP02,FlxTwr,2010, 66, 900, 403.423,CPI,20110428
Flx1,ON-WPP02,FlxTwr,2010, 66, 930, 403.477,CPI,20110428
Flx1,ON-WPP02,FlxTwr,2010, 66,1000, 403.802,CPI,20110428
Flx1,ON-WPP02,FlxTwr,2010, 66,1030, 404.560,CPI,20110428
Flx1,ON-WPP02,FlxTwr,2010, 66,1100, 405.187,CPI,20110428
Flx1,ON-WPP02,FlxTwr,2010, 66,1130, 405.427,CPI,20110428
Flx1,ON-WPP02,FlxTwr,2010, 66,1200, 405.403,CPI,20110428
Flx1,ON-WPP02,FlxTwr,2010, 66,1230, 405.609,CPI,20110428
Flx1,ON-WPP02,FlxTwr,2010, 66,1300, 406.019,CPI,20110428
Flx1,ON-WPP02,FlxTwr,2010, 66,1330, 407.443,CPI,20110428
Flx1,ON-WPP02,FlxTwr,2010, 66,1400, 407.523,CPI,20110428
Flx1,ON-WPP02,FlxTwr,2010, 66,1430, 407.194,CPI,20110428
Flx1,ON-WPP02,FlxTwr,2010, 66,1500, 408.337,CPI,20110428
Flx1,ON-WPP02,FlxTwr,2010, 66,1530, 409.072,CPI,20110428
Flx1,ON-WPP02,FlxTwr,2010, 66,1600, 408.462,CPI,20110428
Flx1,ON-WPP02,FlxTwr,2010, 66,1630, 406.820,CPI,20110428
Flx1,ON-WPP02,FlxTwr,2010, 66,1700, 406.323,CPI,20110428
Flx1,ON-WPP02,FlxTwr,2010, 66,1730, 405.441,CPI,20110428
Flx1,ON-WPP02,FlxTwr,2010, 66,1800, 404.669,CPI,20110428
Flx1,ON-WPP02,FlxTwr,2010, 66,1830, 405.026,CPI,20110428
Flx1,ON-WPP02,FlxTwr,2010, 66,1900, 403.505,CPI,20110428
Flx1,ON-WPP02,FlxTwr,2010, 66,1930, 403.002,CPI,20110428
Flx1,ON-WPP02,FlxTwr,2010, 66,2000, 403.249,CPI,20110428
Flx1,ON-WPP02,FlxTwr,2010, 66,2030, 403.785,CPI,20110428
Flx1,ON-WPP02,FlxTwr,2010, 66,2100, 404.379,CPI,20110428
Flx1,ON-WPP02,FlxTwr,2010, 66,2130, 404.858,CPI,20110428
Flx1,ON-WPP02,FlxTwr,2010, 66,2200, 404.639,CPI,20110428
Flx1,ON-WPP02,FlxTwr,2010, 66,2230, 403.306,CPI,20110428
Flx1,ON-WPP02,FlxTwr,2010, 66,2300, 403.175,CPI,20110428
Flx1,ON-WPP02,FlxTwr,2010, 66,2330, 403.702,CPI,20110428
Flx1,ON-WPP02,FlxTwr,2010, 66,2400, 402.771,CPI,20110428
Flx1,ON-WPP02,FlxTwr,2010, 67,  30, 400.818,CPI,20110428
Flx1,ON-WPP02,FlxTwr,2010, 67, 100, 400.207,CPI,20110428
Flx1,ON-WPP02,FlxTwr,2010, 67, 130, 399.662,CPI,20110428
Flx1,ON-WPP02,FlxTwr,2010, 67, 200, 399.343,CPI,20110428
Flx1,ON-WPP02,FlxTwr,2010, 67, 230, 399.068,CPI,20110428
Flx1,ON-WPP02,FlxTwr,2010, 67, 300, 398.744,CPI,20110428
Flx1,ON-WPP02,FlxTwr,2010, 67, 330, 398.499,CPI,20110428
Flx1,ON-WPP02,FlxTwr,2010, 67, 400, 398.325,CPI,20110428
Flx1,ON-WPP02,FlxTwr,2010, 67, 430, 398.166,CPI,20110428
Flx1,ON-WPP02,FlxTwr,2010, 67, 500, 398.129,CPI,20110428
Flx1,ON-WPP02,FlxTwr,2010, 67, 530,-999.000,CPI,20110428
Flx1,ON-WPP02,FlxTwr,2010, 67, 600, 398.442,CPI,20110428
Flx1,ON-WPP02,FlxTwr,2010, 67, 630, 398.831,CPI,20110428
Flx1,ON-WPP02,FlxTwr,2010, 67, 700, 399.274,CPI,20110428
Flx1,ON-WPP02,FlxTwr,2010, 67, 730, 399.462,CPI,20110428
Flx1,ON-WPP02,FlxTwr,2010, 67, 800, 399.918,CPI,20110428
Flx1,ON-WPP02,FlxTwr,2010, 67, 830, 400.351,CPI,20110428
Flx1,ON-WPP02,FlxTwr,2010, 67, 900, 400.487,CPI,20110428
Flx1,ON-WPP02,FlxTwr,2010, 67, 930, 400.927,CPI,20110428
Flx1,ON-WPP02,FlxTwr,2010, 67,1000, 402.082,CPI,20110428
Flx1,ON-WPP02,FlxTwr,2010, 67,1030, 402.723,CPI,20110428
Flx1,ON-WPP02,FlxTwr,2010, 67,1100, 403.822,CPI,20110428
Flx1,ON-WPP02,FlxTwr,2010, 67,1130, 404.875,CPI,20110428
Flx1,ON-WPP02,FlxTwr,2010, 67,1200, 406.201,CPI,20110428
Flx1,ON-WPP02,FlxTwr,2010, 67,1230, 407.659,CPI,20110428
Flx1,ON-WPP02,FlxTwr,2010, 67,1300, 408.698,CPI,20110428
Flx1,ON-WPP02,FlxTwr,2010, 67,1330, 409.161,CPI,20110428
Flx1,ON-WPP02,FlxTwr,2010, 67,1400, 408.688,CPI,20110428
Flx1,ON-WPP02,FlxTwr,2010, 67,1430, 408.467,CPI,20110428
Flx1,ON-WPP02,FlxTwr,2010, 67,1500, 407.749,CPI,20110428
Flx1,ON-WPP02,FlxTwr,2010, 67,1530, 407.187,CPI,20110428
Flx1,ON-WPP02,FlxTwr,2010, 67,1600, 408.308,CPI,20110428
Flx1,ON-WPP02,FlxTwr,2010, 67,1630, 408.108,CPI,20110428
Flx1,ON-WPP02,FlxTwr,2010, 67,1700, 407.547,CPI,20110428
Flx1,ON-WPP02,FlxTwr,2010, 67,1730, 406.565,CPI,20110428
Flx1,ON-WPP02,FlxTwr,2010, 67,1800, 407.248,CPI,20110428
Flx1,ON-WPP02,FlxTwr,2010, 67,1830, 406.472,CPI,20110428
Flx1,ON-WPP02,FlxTwr,2010, 67,1900, 404.887,CPI,20110428
Flx1,ON-WPP02,FlxTwr,2010, 67,1930, 405.146,CPI,20110428
Flx1,ON-WPP02,FlxTwr,2010, 67,2000, 405.644,CPI,20110428
Flx1,ON-WPP02,FlxTwr,2010, 67,2030, 406.039,CPI,20110428
Flx1,ON-WPP02,FlxTwr,2010, 67,2100, 409.007,CPI,20110428
Flx1,ON-WPP02,FlxTwr,2010, 67,2130, 411.628,CPI,20110428
Flx1,ON-WPP02,FlxTwr,2010, 67,2200, 411.428,CPI,20110428
Flx1,ON-WPP02,FlxTwr,2010, 67,2230, 411.088,CPI,20110428
Flx1,ON-WPP02,FlxTwr,2010, 67,2300, 411.869,CPI,20110428
Flx1,ON-WPP02,FlxTwr,2010, 67,2330, 410.304,CPI,20110428
Flx1,ON-WPP02,FlxTwr,2010, 67,2400, 408.911,CPI,20110428
Flx1,ON-WPP02,FlxTwr,2010, 68,  30, 407.823,CPI,20110428
Flx1,ON-WPP02,FlxTwr,2010, 68, 100, 407.730,CPI,20110428
Flx1,ON-WPP02,FlxTwr,2010, 68, 130, 407.202,CPI,20110428
Flx1,ON-WPP02,FlxTwr,2010, 68, 200, 406.863,CPI,20110428
Flx1,ON-WPP02,FlxTwr,2010, 68, 230, 406.487,CPI,20110428
Flx1,ON-WPP02,FlxTwr,2010, 68, 300, 406.209,CPI,20110428
Flx1,ON-WPP02,FlxTwr,2010, 68, 330, 406.116,CPI,20110428
Flx1,ON-WPP02,FlxTwr,2010, 68, 400, 406.187,CPI,20110428
Flx1,ON-WPP02,FlxTwr,2010, 68, 430, 406.295,CPI,20110428
Flx1,ON-WPP02,FlxTwr,2010, 68, 500, 406.486,CPI,20110428
Flx1,ON-WPP02,FlxTwr,2010, 68, 530,-999.000,CPI,20110428
Flx1,ON-WPP02,FlxTwr,2010, 68, 600, 406.339,CPI,20110428
Flx1,ON-WPP02,FlxTwr,2010, 68, 630, 405.729,CPI,20110428
Flx1,ON-WPP02,FlxTwr,2010, 68, 700, 405.718,CPI,20110428
Flx1,ON-WPP02,FlxTwr,2010, 68, 730, 405.546,CPI,20110428
Flx1,ON-WPP02,FlxTwr,2010, 68, 800, 405.275,CPI,20110428
Flx1,ON-WPP02,FlxTwr,2010, 68, 830, 405.258,CPI,20110428
Flx1,ON-WPP02,FlxTwr,2010, 68, 900, 405.594,CPI,20110428
Flx1,ON-WPP02,FlxTwr,2010, 68, 930, 405.698,CPI,20110428
Flx1,ON-WPP02,FlxTwr,2010, 68,1000, 405.694,CPI,20110428
Flx1,ON-WPP02,FlxTwr,2010, 68,1030, 405.946,CPI,20110428
Flx1,ON-WPP02,FlxTwr,2010, 68,1100, 406.085,CPI,20110428
Flx1,ON-WPP02,FlxTwr,2010, 68,1130, 408.058,CPI,20110428
Flx1,ON-WPP02,FlxTwr,2010, 68,1200, 409.215,CPI,20110428
Flx1,ON-WPP02,FlxTwr,2010, 68,1230, 411.844,CPI,20110428
Flx1,ON-WPP02,FlxTwr,2010, 68,1300, 409.828,CPI,20110428
Flx1,ON-WPP02,FlxTwr,2010, 68,1330, 410.589,CPI,20110428
Flx1,ON-WPP02,FlxTwr,2010, 68,1400, 411.047,CPI,20110428
Flx1,ON-WPP02,FlxTwr,2010, 68,1430, 407.966,CPI,20110428
Flx1,ON-WPP02,FlxTwr,2010, 68,1500, 407.137,CPI,20110428
Flx1,ON-WPP02,FlxTwr,2010, 68,1530, 407.310,CPI,20110428
Flx1,ON-WPP02,FlxTwr,2010, 68,1600, 408.031,CPI,20110428
Flx1,ON-WPP02,FlxTwr,2010, 68,1630, 408.877,CPI,20110428
Flx1,ON-WPP02,FlxTwr,2010, 68,1700, 408.993,CPI,20110428
Flx1,ON-WPP02,FlxTwr,2010, 68,1730, 409.992,CPI,20110428
Flx1,ON-WPP02,FlxTwr,2010, 68,1800, 410.406,CPI,20110428
Flx1,ON-WPP02,FlxTwr,2010, 68,1830, 410.238,CPI,20110428
Flx1,ON-WPP02,FlxTwr,2010, 68,1900, 410.212,CPI,20110428
Flx1,ON-WPP02,FlxTwr,2010, 68,1930, 409.513,CPI,20110428
Flx1,ON-WPP02,FlxTwr,2010, 68,2000, 409.802,CPI,20110428
Flx1,ON-WPP02,FlxTwr,2010, 68,2030, 409.201,CPI,20110428
Flx1,ON-WPP02,FlxTwr,2010, 68,2100, 406.257,CPI,20110428
Flx1,ON-WPP02,FlxTwr,2010, 68,2130, 405.867,CPI,20110428
Flx1,ON-WPP02,FlxTwr,2010, 68,2200, 407.118,CPI,20110428
Flx1,ON-WPP02,FlxTwr,2010, 68,2230, 406.727,CPI,20110428
Flx1,ON-WPP02,FlxTwr,2010, 68,2300, 406.825,CPI,20110428
Flx1,ON-WPP02,FlxTwr,2010, 68,2330, 407.686,CPI,20110428
Flx1,ON-WPP02,FlxTwr,2010, 68,2400, 408.220,CPI,20110428
Flx1,ON-WPP02,FlxTwr,2010, 69,  30, 409.523,CPI,20110428
Flx1,ON-WPP02,FlxTwr,2010, 69, 100, 410.182,CPI,20110428
Flx1,ON-WPP02,FlxTwr,2010, 69, 130, 411.585,CPI,20110428
Flx1,ON-WPP02,FlxTwr,2010, 69, 200, 412.957,CPI,20110428
Flx1,ON-WPP02,FlxTwr,2010, 69, 230, 414.945,CPI,20110428
Flx1,ON-WPP02,FlxTwr,2010, 69, 300, 418.851,CPI,20110428
Flx1,ON-WPP02,FlxTwr,2010, 69, 330, 426.734,CPI,20110428
Flx1,ON-WPP02,FlxTwr,2010, 69, 400, 426.432,CPI,20110428
Flx1,ON-WPP02,FlxTwr,2010, 69, 430, 426.758,CPI,20110428
Flx1,ON-WPP02,FlxTwr,2010, 69, 500, 431.750,CPI,20110428
Flx1,ON-WPP02,FlxTwr,2010, 69, 530,-999.000,CPI,20110428
Flx1,ON-WPP02,FlxTwr,2010, 69, 600, 426.411,CPI,20110428
Flx1,ON-WPP02,FlxTwr,2010, 69, 630, 422.009,CPI,20110428
Flx1,ON-WPP02,FlxTwr,2010, 69, 700, 420.924,CPI,20110428
Flx1,ON-WPP02,FlxTwr,2010, 69, 730, 424.002,CPI,20110428
Flx1,ON-WPP02,FlxTwr,2010, 69, 800, 423.245,CPI,20110428
Flx1,ON-WPP02,FlxTwr,2010, 69, 830, 425.198,CPI,20110428
Flx1,ON-WPP02,FlxTwr,2010, 69, 900, 421.085,CPI,20110428
Flx1,ON-WPP02,FlxTwr,2010, 69, 930, 422.011,CPI,20110428
Flx1,ON-WPP02,FlxTwr,2010, 69,1000, 421.306,CPI,20110428
Flx1,ON-WPP02,FlxTwr,2010, 69,1030, 421.840,CPI,20110428
Flx1,ON-WPP02,FlxTwr,2010, 69,1100, 420.696,CPI,20110428
Flx1,ON-WPP02,FlxTwr,2010, 69,1130, 423.370,CPI,20110428
Flx1,ON-WPP02,FlxTwr,2010, 69,1200, 424.715,CPI,20110428
Flx1,ON-WPP02,FlxTwr,2010, 69,1230, 426.379,CPI,20110428
Flx1,ON-WPP02,FlxTwr,2010, 69,1300, 426.299,CPI,20110428
Flx1,ON-WPP02,FlxTwr,2010, 69,1330, 423.475,CPI,20110428
Flx1,ON-WPP02,FlxTwr,2010, 69,1400, 416.971,CPI,20110428
Flx1,ON-WPP02,FlxTwr,2010, 69,1430, 413.425,CPI,20110428
Flx1,ON-WPP02,FlxTwr,2010, 69,1500, 412.326,CPI,20110428
Flx1,ON-WPP02,FlxTwr,2010, 69,1530, 413.539,CPI,20110428
Flx1,ON-WPP02,FlxTwr,2010, 69,1600, 413.603,CPI,20110428
Flx1,ON-WPP02,FlxTwr,2010, 69,1630, 411.912,CPI,20110428
Flx1,ON-WPP02,FlxTwr,2010, 69,1700, 408.083,CPI,20110428
Flx1,ON-WPP02,FlxTwr,2010, 69,1730, 406.207,CPI,20110428
Flx1,ON-WPP02,FlxTwr,2010, 69,1800, 405.363,CPI,20110428
Flx1,ON-WPP02,FlxTwr,2010, 69,1830, 405.291,CPI,20110428
Flx1,ON-WPP02,FlxTwr,2010, 69,1900, 405.615,CPI,20110428
Flx1,ON-WPP02,FlxTwr,2010, 69,1930, 404.853,CPI,20110428
Flx1,ON-WPP02,FlxTwr,2010, 69,2000, 404.586,CPI,20110428
Flx1,ON-WPP02,FlxTwr,2010, 69,2030, 404.661,CPI,20110428
Flx1,ON-WPP02,FlxTwr,2010, 69,2100, 405.019,CPI,20110428
Flx1,ON-WPP02,FlxTwr,2010, 69,2130, 405.458,CPI,20110428
Flx1,ON-WPP02,FlxTwr,2010, 69,2200, 406.448,CPI,20110428
Flx1,ON-WPP02,FlxTwr,2010, 69,2230, 406.937,CPI,20110428
Flx1,ON-WPP02,FlxTwr,2010, 69,2300, 406.427,CPI,20110428
Flx1,ON-WPP02,FlxTwr,2010, 69,2330, 407.874,CPI,20110428
Flx1,ON-WPP02,FlxTwr,2010, 69,2400, 410.221,CPI,20110428
Flx1,ON-WPP02,FlxTwr,2010, 70,  30, 413.409,CPI,20110428
Flx1,ON-WPP02,FlxTwr,2010, 70, 100, 414.584,CPI,20110428
Flx1,ON-WPP02,FlxTwr,2010, 70, 130, 416.755,CPI,20110428
Flx1,ON-WPP02,FlxTwr,2010, 70, 200, 417.782,CPI,20110428
Flx1,ON-WPP02,FlxTwr,2010, 70, 230, 417.738,CPI,20110428
Flx1,ON-WPP02,FlxTwr,2010, 70, 300, 419.152,CPI,20110428
Flx1,ON-WPP02,FlxTwr,2010, 70, 330, 421.190,CPI,20110428
Flx1,ON-WPP02,FlxTwr,2010, 70, 400, 423.369,CPI,20110428
Flx1,ON-WPP02,FlxTwr,2010, 70, 430, 426.328,CPI,20110428
Flx1,ON-WPP02,FlxTwr,2010, 70, 500, 427.621,CPI,20110428
Flx1,ON-WPP02,FlxTwr,2010, 70, 530,-999.000,CPI,20110428
Flx1,ON-WPP02,FlxTwr,2010, 70, 600, 423.832,CPI,20110428
Flx1,ON-WPP02,FlxTwr,2010, 70, 630, 420.503,CPI,20110428
Flx1,ON-WPP02,FlxTwr,2010, 70, 700, 418.919,CPI,20110428
Flx1,ON-WPP02,FlxTwr,2010, 70, 730, 418.436,CPI,20110428
Flx1,ON-WPP02,FlxTwr,2010, 70, 800, 417.076,CPI,20110428
Flx1,ON-WPP02,FlxTwr,2010, 70, 830, 416.086,CPI,20110428
Flx1,ON-WPP02,FlxTwr,2010, 70, 900, 415.626,CPI,20110428
Flx1,ON-WPP02,FlxTwr,2010, 70, 930, 414.726,CPI,20110428
Flx1,ON-WPP02,FlxTwr,2010, 70,1000, 414.465,CPI,20110428
Flx1,ON-WPP02,FlxTwr,2010, 70,1030, 413.562,CPI,20110428
Flx1,ON-WPP02,FlxTwr,2010, 70,1100, 413.344,CPI,20110428
Flx1,ON-WPP02,FlxTwr,2010, 70,1130, 412.681,CPI,20110428
Flx1,ON-WPP02,FlxTwr,2010, 70,1200, 412.585,CPI,20110428
Flx1,ON-WPP02,FlxTwr,2010, 70,1230, 413.608,CPI,20110428
Flx1,ON-WPP02,FlxTwr,2010, 70,1300, 413.448,CPI,20110428
Flx1,ON-WPP02,FlxTwr,2010, 70,1330, 413.620,CPI,20110428
Flx1,ON-WPP02,FlxTwr,2010, 70,1400, 412.389,CPI,20110428
Flx1,ON-WPP02,FlxTwr,2010, 70,1430, 411.101,CPI,20110428
Flx1,ON-WPP02,FlxTwr,2010, 70,1500, 410.310,CPI,20110428
Flx1,ON-WPP02,FlxTwr,2010, 70,1530, 409.502,CPI,20110428
Flx1,ON-WPP02,FlxTwr,2010, 70,1600, 408.727,CPI,20110428
Flx1,ON-WPP02,FlxTwr,2010, 70,1630, 409.077,CPI,20110428
Flx1,ON-WPP02,FlxTwr,2010, 70,1700, 409.355,CPI,20110428
Flx1,ON-WPP02,FlxTwr,2010, 70,1730, 409.496,CPI,20110428
Flx1,ON-WPP02,FlxTwr,2010, 70,1800, 409.749,CPI,20110428
Flx1,ON-WPP02,FlxTwr,2010, 70,1830, 408.478,CPI,20110428
Flx1,ON-WPP02,FlxTwr,2010, 70,1900, 408.407,CPI,20110428
Flx1,ON-WPP02,FlxTwr,2010, 70,1930, 408.796,CPI,20110428
Flx1,ON-WPP02,FlxTwr,2010, 70,2000, 408.291,CPI,20110428
Flx1,ON-WPP02,FlxTwr,2010, 70,2030, 409.179,CPI,20110428
Flx1,ON-WPP02,FlxTwr,2010, 70,2100, 408.834,CPI,20110428
Flx1,ON-WPP02,FlxTwr,2010, 70,2130, 407.502,CPI,20110428
Flx1,ON-WPP02,FlxTwr,2010, 70,2200, 409.355,CPI,20110428
Flx1,ON-WPP02,FlxTwr,2010, 70,2230, 409.995,CPI,20110428
Flx1,ON-WPP02,FlxTwr,2010, 70,2300, 410.671,CPI,20110428
Flx1,ON-WPP02,FlxTwr,2010, 70,2330, 412.826,CPI,20110428
Flx1,ON-WPP02,FlxTwr,2010, 70,2400, 411.890,CPI,20110428
Flx1,ON-WPP02,FlxTwr,2010, 71,  30, 413.350,CPI,20110428
Flx1,ON-WPP02,FlxTwr,2010, 71, 100, 413.686,CPI,20110428
Flx1,ON-WPP02,FlxTwr,2010, 71, 130, 412.400,CPI,20110428
Flx1,ON-WPP02,FlxTwr,2010, 71, 200, 412.070,CPI,20110428
Flx1,ON-WPP02,FlxTwr,2010, 71, 230, 411.683,CPI,20110428
Flx1,ON-WPP02,FlxTwr,2010, 71, 300, 409.865,CPI,20110428
Flx1,ON-WPP02,FlxTwr,2010, 71, 330, 408.712,CPI,20110428
Flx1,ON-WPP02,FlxTwr,2010, 71, 400, 408.197,CPI,20110428
Flx1,ON-WPP02,FlxTwr,2010, 71, 430, 408.258,CPI,20110428
Flx1,ON-WPP02,FlxTwr,2010, 71, 500, 408.411,CPI,20110428
Flx1,ON-WPP02,FlxTwr,2010, 71, 530,-999.000,CPI,20110428
Flx1,ON-WPP02,FlxTwr,2010, 71, 600, 407.767,CPI,20110428
Flx1,ON-WPP02,FlxTwr,2010, 71, 630, 407.556,CPI,20110428
Flx1,ON-WPP02,FlxTwr,2010, 71, 700, 407.819,CPI,20110428
Flx1,ON-WPP02,FlxTwr,2010, 71, 730, 408.120,CPI,20110428
Flx1,ON-WPP02,FlxTwr,2010, 71, 800, 408.171,CPI,20110428
Flx1,ON-WPP02,FlxTwr,2010, 71, 830, 408.310,CPI,20110428
Flx1,ON-WPP02,FlxTwr,2010, 71, 900, 408.981,CPI,20110428
Flx1,ON-WPP02,FlxTwr,2010, 71, 930, 408.888,CPI,20110428
Flx1,ON-WPP02,FlxTwr,2010, 71,1000, 408.806,CPI,20110428
Flx1,ON-WPP02,FlxTwr,2010, 71,1030, 408.169,CPI,20110428
Flx1,ON-WPP02,FlxTwr,2010, 71,1100, 408.006,CPI,20110428
Flx1,ON-WPP02,FlxTwr,2010, 71,1130, 408.209,CPI,20110428
Flx1,ON-WPP02,FlxTwr,2010, 71,1200, 408.001,CPI,20110428
Flx1,ON-WPP02,FlxTwr,2010, 71,1230, 409.145,CPI,20110428
Flx1,ON-WPP02,FlxTwr,2010, 71,1300, 408.051,CPI,20110428
Flx1,ON-WPP02,FlxTwr,2010, 71,1330, 407.279,CPI,20110428
Flx1,ON-WPP02,FlxTwr,2010, 71,1400, 406.564,CPI,20110428
Flx1,ON-WPP02,FlxTwr,2010, 71,1430, 406.145,CPI,20110428
Flx1,ON-WPP02,FlxTwr,2010, 71,1500, 405.956,CPI,20110428
Flx1,ON-WPP02,FlxTwr,2010, 71,1530, 404.931,CPI,20110428
Flx1,ON-WPP02,FlxTwr,2010, 71,1600, 402.416,CPI,20110428
Flx1,ON-WPP02,FlxTwr,2010, 71,1630, 402.144,CPI,20110428
Flx1,ON-WPP02,FlxTwr,2010, 71,1700, 402.466,CPI,20110428
Flx1,ON-WPP02,FlxTwr,2010, 71,1730, 402.890,CPI,20110428
Flx1,ON-WPP02,FlxTwr,2010, 71,1800, 403.115,CPI,20110428
Flx1,ON-WPP02,FlxTwr,2010, 71,1830, 402.880,CPI,20110428
Flx1,ON-WPP02,FlxTwr,2010, 71,1900, 401.898,CPI,20110428
Flx1,ON-WPP02,FlxTwr,2010, 71,1930, 401.239,CPI,20110428
Flx1,ON-WPP02,FlxTwr,2010, 71,2000, 401.281,CPI,20110428
Flx1,ON-WPP02,FlxTwr,2010, 71,2030, 401.333,CPI,20110428
Flx1,ON-WPP02,FlxTwr,2010, 71,2100, 400.977,CPI,20110428
Flx1,ON-WPP02,FlxTwr,2010, 71,2130, 401.167,CPI,20110428
Flx1,ON-WPP02,FlxTwr,2010, 71,2200, 402.261,CPI,20110428
Flx1,ON-WPP02,FlxTwr,2010, 71,2230, 401.502,CPI,20110428
Flx1,ON-WPP02,FlxTwr,2010, 71,2300, 401.469,CPI,20110428
Flx1,ON-WPP02,FlxTwr,2010, 71,2330, 402.437,CPI,20110428
Flx1,ON-WPP02,FlxTwr,2010, 71,2400, 401.626,CPI,20110428
Flx1,ON-WPP02,FlxTwr,2010, 72,  30, 399.388,CPI,20110428
Flx1,ON-WPP02,FlxTwr,2010, 72, 100, 399.165,CPI,20110428
Flx1,ON-WPP02,FlxTwr,2010, 72, 130, 398.609,CPI,20110428
Flx1,ON-WPP02,FlxTwr,2010, 72, 200, 399.172,CPI,20110428
Flx1,ON-WPP02,FlxTwr,2010, 72, 230, 400.029,CPI,20110428
Flx1,ON-WPP02,FlxTwr,2010, 72, 300, 401.047,CPI,20110428
Flx1,ON-WPP02,FlxTwr,2010, 72, 330, 401.617,CPI,20110428
Flx1,ON-WPP02,FlxTwr,2010, 72, 400, 401.284,CPI,20110428
Flx1,ON-WPP02,FlxTwr,2010, 72, 430, 400.961,CPI,20110428
Flx1,ON-WPP02,FlxTwr,2010, 72, 500, 400.726,CPI,20110428
Flx1,ON-WPP02,FlxTwr,2010, 72, 530,-999.000,CPI,20110428
Flx1,ON-WPP02,FlxTwr,2010, 72, 600, 400.053,CPI,20110428
Flx1,ON-WPP02,FlxTwr,2010, 72, 630, 399.358,CPI,20110428
Flx1,ON-WPP02,FlxTwr,2010, 72, 700, 398.886,CPI,20110428
Flx1,ON-WPP02,FlxTwr,2010, 72, 730, 398.620,CPI,20110428
Flx1,ON-WPP02,FlxTwr,2010, 72, 800, 398.546,CPI,20110428
Flx1,ON-WPP02,FlxTwr,2010, 72, 830, 398.729,CPI,20110428
Flx1,ON-WPP02,FlxTwr,2010, 72, 900, 398.841,CPI,20110428
Flx1,ON-WPP02,FlxTwr,2010, 72, 930, 398.982,CPI,20110428
Flx1,ON-WPP02,FlxTwr,2010, 72,1000, 398.938,CPI,20110428
Flx1,ON-WPP02,FlxTwr,2010, 72,1030, 399.211,CPI,20110428
Flx1,ON-WPP02,FlxTwr,2010, 72,1100, 399.330,CPI,20110428
Flx1,ON-WPP02,FlxTwr,2010, 72,1130, 399.281,CPI,20110428
Flx1,ON-WPP02,FlxTwr,2010, 72,1200, 399.010,CPI,20110428
Flx1,ON-WPP02,FlxTwr,2010, 72,1230, 398.715,CPI,20110428
Flx1,ON-WPP02,FlxTwr,2010, 72,1300, 398.581,CPI,20110428
Flx1,ON-WPP02,FlxTwr,2010, 72,1330, 398.226,CPI,20110428
Flx1,ON-WPP02,FlxTwr,2010, 72,1400, 398.035,CPI,20110428
Flx1,ON-WPP02,FlxTwr,2010, 72,1430, 397.844,CPI,20110428
Flx1,ON-WPP02,FlxTwr,2010, 72,1500, 397.550,CPI,20110428
Flx1,ON-WPP02,FlxTwr,2010, 72,1530, 397.015,CPI,20110428
Flx1,ON-WPP02,FlxTwr,2010, 72,1600, 396.528,CPI,20110428
Flx1,ON-WPP02,FlxTwr,2010, 72,1630, 395.944,CPI,20110428
Flx1,ON-WPP02,FlxTwr,2010, 72,1700, 395.739,CPI,20110428
Flx1,ON-WPP02,FlxTwr,2010, 72,1730, 395.777,CPI,20110428
Flx1,ON-WPP02,FlxTwr,2010, 72,1800, 395.793,CPI,20110428
Flx1,ON-WPP02,FlxTwr,2010, 72,1830, 395.737,CPI,20110428
Flx1,ON-WPP02,FlxTwr,2010, 72,1900, 395.689,CPI,20110428
Flx1,ON-WPP02,FlxTwr,2010, 72,1930, 395.516,CPI,20110428
Flx1,ON-WPP02,FlxTwr,2010, 72,2000, 395.373,CPI,20110428
Flx1,ON-WPP02,FlxTwr,2010, 72,2030, 395.242,CPI,20110428
Flx1,ON-WPP02,FlxTwr,2010, 72,2100, 395.195,CPI,20110428
Flx1,ON-WPP02,FlxTwr,2010, 72,2130, 395.023,CPI,20110428
Flx1,ON-WPP02,FlxTwr,2010, 72,2200, 395.283,CPI,20110428
Flx1,ON-WPP02,FlxTwr,2010, 72,2230, 395.850,CPI,20110428
Flx1,ON-WPP02,FlxTwr,2010, 72,2300, 395.867,CPI,20110428
Flx1,ON-WPP02,FlxTwr,2010, 72,2330, 395.744,CPI,20110428
Flx1,ON-WPP02,FlxTwr,2010, 72,2400, 395.958,CPI,20110428
Flx1,ON-WPP02,FlxTwr,2010, 73,  30, 395.750,CPI,20110428
Flx1,ON-WPP02,FlxTwr,2010, 73, 100, 395.618,CPI,20110428
Flx1,ON-WPP02,FlxTwr,2010, 73, 130, 395.219,CPI,20110428
Flx1,ON-WPP02,FlxTwr,2010, 73, 200, 394.794,CPI,20110428
Flx1,ON-WPP02,FlxTwr,2010, 73, 230, 394.335,CPI,20110428
Flx1,ON-WPP02,FlxTwr,2010, 73, 300, 394.122,CPI,20110428
Flx1,ON-WPP02,FlxTwr,2010, 73, 330, 393.929,CPI,20110428
Flx1,ON-WPP02,FlxTwr,2010, 73, 400, 394.103,CPI,20110428
Flx1,ON-WPP02,FlxTwr,2010, 73, 430, 394.220,CPI,20110428
Flx1,ON-WPP02,FlxTwr,2010, 73, 500, 394.232,CPI,20110428
Flx1,ON-WPP02,FlxTwr,2010, 73, 530,-999.000,CPI,20110428
Flx1,ON-WPP02,FlxTwr,2010, 73, 600, 394.470,CPI,20110428
Flx1,ON-WPP02,FlxTwr,2010, 73, 630, 394.517,CPI,20110428
Flx1,ON-WPP02,FlxTwr,2010, 73, 700, 394.669,CPI,20110428
Flx1,ON-WPP02,FlxTwr,2010, 73, 730, 394.820,CPI,20110428
Flx1,ON-WPP02,FlxTwr,2010, 73, 800, 394.775,CPI,20110428
Flx1,ON-WPP02,FlxTwr,2010, 73, 830, 394.802,CPI,20110428
Flx1,ON-WPP02,FlxTwr,2010, 73, 900, 395.017,CPI,20110428
Flx1,ON-WPP02,FlxTwr,2010, 73, 930, 395.102,CPI,20110428
Flx1,ON-WPP02,FlxTwr,2010, 73,1000, 395.101,CPI,20110428
Flx1,ON-WPP02,FlxTwr,2010, 73,1030, 395.053,CPI,20110428
Flx1,ON-WPP02,FlxTwr,2010, 73,1100, 395.130,CPI,20110428
Flx1,ON-WPP02,FlxTwr,2010, 73,1130, 395.215,CPI,20110428
Flx1,ON-WPP02,FlxTwr,2010, 73,1200, 395.023,CPI,20110428
Flx1,ON-WPP02,FlxTwr,2010, 73,1230, 394.866,CPI,20110428
Flx1,ON-WPP02,FlxTwr,2010, 73,1300, 394.777,CPI,20110428
Flx1,ON-WPP02,FlxTwr,2010, 73,1330, 394.800,CPI,20110428
Flx1,ON-WPP02,FlxTwr,2010, 73,1400, 394.880,CPI,20110428
Flx1,ON-WPP02,FlxTwr,2010, 73,1430, 394.909,CPI,20110428
Flx1,ON-WPP02,FlxTwr,2010, 73,1500, 394.959,CPI,20110428
Flx1,ON-WPP02,FlxTwr,2010, 73,1530, 394.936,CPI,20110428
Flx1,ON-WPP02,FlxTwr,2010, 73,1600, 394.967,CPI,20110428
Flx1,ON-WPP02,FlxTwr,2010, 73,1630, 395.142,CPI,20110428
Flx1,ON-WPP02,FlxTwr,2010, 73,1700, 395.124,CPI,20110428
Flx1,ON-WPP02,FlxTwr,2010, 73,1730, 395.216,CPI,20110428
Flx1,ON-WPP02,FlxTwr,2010, 73,1800, 395.274,CPI,20110428
Flx1,ON-WPP02,FlxTwr,2010, 73,1830, 395.351,CPI,20110428
Flx1,ON-WPP02,FlxTwr,2010, 73,1900, 395.430,CPI,20110428
Flx1,ON-WPP02,FlxTwr,2010, 73,1930, 395.232,CPI,20110428
Flx1,ON-WPP02,FlxTwr,2010, 73,2000, 395.218,CPI,20110428
Flx1,ON-WPP02,FlxTwr,2010, 73,2030, 395.186,CPI,20110428
Flx1,ON-WPP02,FlxTwr,2010, 73,2100, 395.211,CPI,20110428
Flx1,ON-WPP02,FlxTwr,2010, 73,2130, 395.113,CPI,20110428
Flx1,ON-WPP02,FlxTwr,2010, 73,2200, 394.970,CPI,20110428
Flx1,ON-WPP02,FlxTwr,2010, 73,2230, 394.871,CPI,20110428
Flx1,ON-WPP02,FlxTwr,2010, 73,2300, 394.743,CPI,20110428
Flx1,ON-WPP02,FlxTwr,2010, 73,2330, 394.670,CPI,20110428
Flx1,ON-WPP02,FlxTwr,2010, 73,2400, 394.626,CPI,20110428
Flx1,ON-WPP02,FlxTwr,2010, 74,  30, 394.625,CPI,20110428
Flx1,ON-WPP02,FlxTwr,2010, 74, 100, 394.695,CPI,20110428
Flx1,ON-WPP02,FlxTwr,2010, 74, 130, 394.678,CPI,20110428
Flx1,ON-WPP02,FlxTwr,2010, 74, 200, 394.699,CPI,20110428
Flx1,ON-WPP02,FlxTwr,2010, 74, 230, 394.725,CPI,20110428
Flx1,ON-WPP02,FlxTwr,2010, 74, 300, 394.765,CPI,20110428
Flx1,ON-WPP02,FlxTwr,2010, 74, 330, 394.879,CPI,20110428
Flx1,ON-WPP02,FlxTwr,2010, 74, 400, 394.850,CPI,20110428
Flx1,ON-WPP02,FlxTwr,2010, 74, 430, 394.948,CPI,20110428
Flx1,ON-WPP02,FlxTwr,2010, 74, 500, 395.035,CPI,20110428
Flx1,ON-WPP02,FlxTwr,2010, 74, 530,-999.000,CPI,20110428
Flx1,ON-WPP02,FlxTwr,2010, 74, 600, 395.020,CPI,20110428
Flx1,ON-WPP02,FlxTwr,2010, 74, 630, 395.135,CPI,20110428
Flx1,ON-WPP02,FlxTwr,2010, 74, 700, 395.132,CPI,20110428
Flx1,ON-WPP02,FlxTwr,2010, 74, 730, 395.115,CPI,20110428
Flx1,ON-WPP02,FlxTwr,2010, 74, 800, 394.868,CPI,20110428
Flx1,ON-WPP02,FlxTwr,2010, 74, 830, 394.643,CPI,20110428
Flx1,ON-WPP02,FlxTwr,2010, 74, 900, 395.322,CPI,20110428
Flx1,ON-WPP02,FlxTwr,2010, 74, 930, 395.590,CPI,20110428
Flx1,ON-WPP02,FlxTwr,2010, 74,1000, 394.801,CPI,20110428
Flx1,ON-WPP02,FlxTwr,2010, 74,1030, 395.346,CPI,20110428
Flx1,ON-WPP02,FlxTwr,2010, 74,1100, 396.431,CPI,20110428
Flx1,ON-WPP02,FlxTwr,2010, 74,1130, 396.890,CPI,20110428
Flx1,ON-WPP02,FlxTwr,2010, 74,1200, 397.175,CPI,20110428
Flx1,ON-WPP02,FlxTwr,2010, 74,1230, 397.031,CPI,20110428
Flx1,ON-WPP02,FlxTwr,2010, 74,1300, 397.245,CPI,20110428
Flx1,ON-WPP02,FlxTwr,2010, 74,1330, 396.785,CPI,20110428
Flx1,ON-WPP02,FlxTwr,2010, 74,1400, 396.384,CPI,20110428
Flx1,ON-WPP02,FlxTwr,2010, 74,1430, 397.132,CPI,20110428
Flx1,ON-WPP02,FlxTwr,2010, 74,1500, 397.145,CPI,20110428
Flx1,ON-WPP02,FlxTwr,2010, 74,1530, 396.697,CPI,20110428
Flx1,ON-WPP02,FlxTwr,2010, 74,1600, 397.865,CPI,20110428
Flx1,ON-WPP02,FlxTwr,2010, 74,1630, 397.210,CPI,20110428
Flx1,ON-WPP02,FlxTwr,2010, 74,1700, 396.012,CPI,20110428
Flx1,ON-WPP02,FlxTwr,2010, 74,1730, 395.651,CPI,20110428
Flx1,ON-WPP02,FlxTwr,2010, 74,1800, 394.602,CPI,20110428
Flx1,ON-WPP02,FlxTwr,2010, 74,1830, 394.406,CPI,20110428
Flx1,ON-WPP02,FlxTwr,2010, 74,1900, 394.666,CPI,20110428
Flx1,ON-WPP02,FlxTwr,2010, 74,1930, 394.356,CPI,20110428
Flx1,ON-WPP02,FlxTwr,2010, 74,2000, 394.030,CPI,20110428
Flx1,ON-WPP02,FlxTwr,2010, 74,2030, 393.992,CPI,20110428
Flx1,ON-WPP02,FlxTwr,2010, 74,2100, 394.134,CPI,20110428
Flx1,ON-WPP02,FlxTwr,2010, 74,2130, 394.334,CPI,20110428
Flx1,ON-WPP02,FlxTwr,2010, 74,2200, 394.357,CPI,20110428
Flx1,ON-WPP02,FlxTwr,2010, 74,2230, 394.438,CPI,20110428
Flx1,ON-WPP02,FlxTwr,2010, 74,2300, 394.438,CPI,20110428
Flx1,ON-WPP02,FlxTwr,2010, 74,2330, 395.477,CPI,20110428
Flx1,ON-WPP02,FlxTwr,2010, 74,2400, 396.867,CPI,20110428
Flx1,ON-WPP02,FlxTwr,2010, 75,  30, 397.659,CPI,20110428
Flx1,ON-WPP02,FlxTwr,2010, 75, 100, 397.994,CPI,20110428
Flx1,ON-WPP02,FlxTwr,2010, 75, 130, 398.516,CPI,20110428
Flx1,ON-WPP02,FlxTwr,2010, 75, 200, 401.698,CPI,20110428
Flx1,ON-WPP02,FlxTwr,2010, 75, 230, 408.424,CPI,20110428
Flx1,ON-WPP02,FlxTwr,2010, 75, 300, 403.624,CPI,20110428
Flx1,ON-WPP02,FlxTwr,2010, 75, 330, 407.707,CPI,20110428
Flx1,ON-WPP02,FlxTwr,2010, 75, 400, 404.525,CPI,20110428
Flx1,ON-WPP02,FlxTwr,2010, 75, 430, 414.232,CPI,20110428
Flx1,ON-WPP02,FlxTwr,2010, 75, 500, 414.452,CPI,20110428
Flx1,ON-WPP02,FlxTwr,2010, 75, 530,-999.000,CPI,20110428
Flx1,ON-WPP02,FlxTwr,2010, 75, 600, 417.731,CPI,20110428
Flx1,ON-WPP02,FlxTwr,2010, 75, 630, 420.756,CPI,20110428
Flx1,ON-WPP02,FlxTwr,2010, 75, 700, 419.061,CPI,20110428
Flx1,ON-WPP02,FlxTwr,2010, 75, 730, 416.763,CPI,20110428
Flx1,ON-WPP02,FlxTwr,2010, 75, 800, 412.523,CPI,20110428
Flx1,ON-WPP02,FlxTwr,2010, 75, 830, 419.721,CPI,20110428
Flx1,ON-WPP02,FlxTwr,2010, 75, 900, 417.317,CPI,20110428
Flx1,ON-WPP02,FlxTwr,2010, 75, 930, 424.826,CPI,20110428
Flx1,ON-WPP02,FlxTwr,2010, 75,1000, 438.653,CPI,20110428
Flx1,ON-WPP02,FlxTwr,2010, 75,1030, 432.545,CPI,20110428
Flx1,ON-WPP02,FlxTwr,2010, 75,1100, 427.025,CPI,20110428
Flx1,ON-WPP02,FlxTwr,2010, 75,1130, 426.133,CPI,20110428
Flx1,ON-WPP02,FlxTwr,2010, 75,1200, 425.378,CPI,20110428
Flx1,ON-WPP02,FlxTwr,2010, 75,1230, 431.255,CPI,20110428
Flx1,ON-WPP02,FlxTwr,2010, 75,1300, 420.953,CPI,20110428
Flx1,ON-WPP02,FlxTwr,2010, 75,1330, 415.752,CPI,20110428
Flx1,ON-WPP02,FlxTwr,2010, 75,1400, 412.308,CPI,20110428
Flx1,ON-WPP02,FlxTwr,2010, 75,1430, 411.079,CPI,20110428
Flx1,ON-WPP02,FlxTwr,2010, 75,1500, 408.245,CPI,20110428
Flx1,ON-WPP02,FlxTwr,2010, 75,1530, 402.705,CPI,20110428
Flx1,ON-WPP02,FlxTwr,2010, 75,1600, 398.837,CPI,20110428
Flx1,ON-WPP02,FlxTwr,2010, 75,1630, 397.351,CPI,20110428
Flx1,ON-WPP02,FlxTwr,2010, 75,1700, 396.298,CPI,20110428
Flx1,ON-WPP02,FlxTwr,2010, 75,1730, 398.722,CPI,20110428
Flx1,ON-WPP02,FlxTwr,2010, 75,1800, 400.291,CPI,20110428
Flx1,ON-WPP02,FlxTwr,2010, 75,1830, 400.136,CPI,20110428
Flx1,ON-WPP02,FlxTwr,2010, 75,1900, 402.245,CPI,20110428
Flx1,ON-WPP02,FlxTwr,2010, 75,1930, 403.718,CPI,20110428
Flx1,ON-WPP02,FlxTwr,2010, 75,2000, 403.480,CPI,20110428
Flx1,ON-WPP02,FlxTwr,2010, 75,2030, 403.385,CPI,20110428
Flx1,ON-WPP02,FlxTwr,2010, 75,2100, 403.421,CPI,20110428
Flx1,ON-WPP02,FlxTwr,2010, 75,2130, 403.075,CPI,20110428
Flx1,ON-WPP02,FlxTwr,2010, 75,2200, 402.501,CPI,20110428
Flx1,ON-WPP02,FlxTwr,2010, 75,2230, 401.919,CPI,20110428
Flx1,ON-WPP02,FlxTwr,2010, 75,2300, 400.083,CPI,20110428
Flx1,ON-WPP02,FlxTwr,2010, 75,2330, 401.504,CPI,20110428
Flx1,ON-WPP02,FlxTwr,2010, 75,2400, 403.602,CPI,20110428
Flx1,ON-WPP02,FlxTwr,2010, 76,  30, 405.294,CPI,20110428
Flx1,ON-WPP02,FlxTwr,2010, 76, 100, 405.479,CPI,20110428
Flx1,ON-WPP02,FlxTwr,2010, 76, 130, 405.171,CPI,20110428
Flx1,ON-WPP02,FlxTwr,2010, 76, 200, 405.437,CPI,20110428
Flx1,ON-WPP02,FlxTwr,2010, 76, 230, 408.165,CPI,20110428
Flx1,ON-WPP02,FlxTwr,2010, 76, 300, 407.406,CPI,20110428
Flx1,ON-WPP02,FlxTwr,2010, 76, 330, 406.085,CPI,20110428
Flx1,ON-WPP02,FlxTwr,2010, 76, 400, 414.584,CPI,20110428
Flx1,ON-WPP02,FlxTwr,2010, 76, 430, 417.636,CPI,20110428
Flx1,ON-WPP02,FlxTwr,2010, 76, 500, 421.297,CPI,20110428
Flx1,ON-WPP02,FlxTwr,2010, 76, 530,-999.000,CPI,20110428
Flx1,ON-WPP02,FlxTwr,2010, 76, 600, 431.020,CPI,20110428
Flx1,ON-WPP02,FlxTwr,2010, 76, 630, 430.289,CPI,20110428
Flx1,ON-WPP02,FlxTwr,2010, 76, 700, 433.707,CPI,20110428
Flx1,ON-WPP02,FlxTwr,2010, 76, 730, 429.768,CPI,20110428
Flx1,ON-WPP02,FlxTwr,2010, 76, 800, 431.479,CPI,20110428
Flx1,ON-WPP02,FlxTwr,2010, 76, 830, 432.538,CPI,20110428
Flx1,ON-WPP02,FlxTwr,2010, 76, 900, 433.000,CPI,20110428
Flx1,ON-WPP02,FlxTwr,2010, 76, 930, 431.955,CPI,20110428
Flx1,ON-WPP02,FlxTwr,2010, 76,1000, 434.979,CPI,20110428
Flx1,ON-WPP02,FlxTwr,2010, 76,1030, 435.513,CPI,20110428
Flx1,ON-WPP02,FlxTwr,2010, 76,1100, 435.650,CPI,20110428
Flx1,ON-WPP02,FlxTwr,2010, 76,1130, 432.571,CPI,20110428
Flx1,ON-WPP02,FlxTwr,2010, 76,1200, 439.699,CPI,20110428
Flx1,ON-WPP02,FlxTwr,2010, 76,1230, 447.470,CPI,20110428
Flx1,ON-WPP02,FlxTwr,2010, 76,1300, 449.174,CPI,20110428
Flx1,ON-WPP02,FlxTwr,2010, 76,1330, 426.182,CPI,20110428
Flx1,ON-WPP02,FlxTwr,2010, 76,1400, 422.094,CPI,20110428
Flx1,ON-WPP02,FlxTwr,2010, 76,1430, 415.964,CPI,20110428
Flx1,ON-WPP02,FlxTwr,2010, 76,1500, 412.753,CPI,20110428
Flx1,ON-WPP02,FlxTwr,2010, 76,1530, 409.092,CPI,20110428
Flx1,ON-WPP02,FlxTwr,2010, 76,1600, 402.356,CPI,20110428
Flx1,ON-WPP02,FlxTwr,2010, 76,1630, 400.899,CPI,20110428
Flx1,ON-WPP02,FlxTwr,2010, 76,1700, 400.732,CPI,20110428
Flx1,ON-WPP02,FlxTwr,2010, 76,1730, 396.643,CPI,20110428
Flx1,ON-WPP02,FlxTwr,2010, 76,1800, 407.241,CPI,20110428
Flx1,ON-WPP02,FlxTwr,2010, 76,1830, 408.012,CPI,20110428
Flx1,ON-WPP02,FlxTwr,2010, 76,1900, 405.369,CPI,20110428
Flx1,ON-WPP02,FlxTwr,2010, 76,1930, 401.946,CPI,20110428
Flx1,ON-WPP02,FlxTwr,2010, 76,2000, 399.673,CPI,20110428
Flx1,ON-WPP02,FlxTwr,2010, 76,2030, 398.815,CPI,20110428
Flx1,ON-WPP02,FlxTwr,2010, 76,2100, 398.687,CPI,20110428
Flx1,ON-WPP02,FlxTwr,2010, 76,2130, 398.454,CPI,20110428
Flx1,ON-WPP02,FlxTwr,2010, 76,2200, 397.761,CPI,20110428
Flx1,ON-WPP02,FlxTwr,2010, 76,2230, 397.489,CPI,20110428
Flx1,ON-WPP02,FlxTwr,2010, 76,2300, 398.319,CPI,20110428
Flx1,ON-WPP02,FlxTwr,2010, 76,2330, 400.505,CPI,20110428
Flx1,ON-WPP02,FlxTwr,2010, 76,2400, 402.859,CPI,20110428
Flx1,ON-WPP02,FlxTwr,2010, 77,  30, 402.754,CPI,20110428
Flx1,ON-WPP02,FlxTwr,2010, 77, 100, 403.259,CPI,20110428
Flx1,ON-WPP02,FlxTwr,2010, 77, 130, 402.908,CPI,20110428
Flx1,ON-WPP02,FlxTwr,2010, 77, 200, 402.955,CPI,20110428
Flx1,ON-WPP02,FlxTwr,2010, 77, 230, 403.343,CPI,20110428
Flx1,ON-WPP02,FlxTwr,2010, 77, 300, 403.060,CPI,20110428
Flx1,ON-WPP02,FlxTwr,2010, 77, 330, 402.331,CPI,20110428
Flx1,ON-WPP02,FlxTwr,2010, 77, 400, 402.167,CPI,20110428
Flx1,ON-WPP02,FlxTwr,2010, 77, 430, 401.091,CPI,20110428
Flx1,ON-WPP02,FlxTwr,2010, 77, 500, 400.932,CPI,20110428
Flx1,ON-WPP02,FlxTwr,2010, 77, 530,-999.000,CPI,20110428
Flx1,ON-WPP02,FlxTwr,2010, 77, 600, 401.490,CPI,20110428
Flx1,ON-WPP02,FlxTwr,2010, 77, 630, 401.665,CPI,20110428
Flx1,ON-WPP02,FlxTwr,2010, 77, 700, 401.608,CPI,20110428
Flx1,ON-WPP02,FlxTwr,2010, 77, 730, 401.676,CPI,20110428
Flx1,ON-WPP02,FlxTwr,2010, 77, 800, 402.326,CPI,20110428
Flx1,ON-WPP02,FlxTwr,2010, 77, 830, 402.784,CPI,20110428
Flx1,ON-WPP02,FlxTwr,2010, 77, 900, 402.349,CPI,20110428
Flx1,ON-WPP02,FlxTwr,2010, 77, 930, 402.563,CPI,20110428
Flx1,ON-WPP02,FlxTwr,2010, 77,1000, 401.462,CPI,20110428
Flx1,ON-WPP02,FlxTwr,2010, 77,1030, 400.412,CPI,20110428
Flx1,ON-WPP02,FlxTwr,2010, 77,1100, 401.344,CPI,20110428
Flx1,ON-WPP02,FlxTwr,2010, 77,1130, 403.492,CPI,20110428
Flx1,ON-WPP02,FlxTwr,2010, 77,1200, 402.818,CPI,20110428
Flx1,ON-WPP02,FlxTwr,2010, 77,1230, 403.801,CPI,20110428
Flx1,ON-WPP02,FlxTwr,2010, 77,1300, 404.086,CPI,20110428
Flx1,ON-WPP02,FlxTwr,2010, 77,1330, 410.292,CPI,20110428
Flx1,ON-WPP02,FlxTwr,2010, 77,1400, 408.894,CPI,20110428
Flx1,ON-WPP02,FlxTwr,2010, 77,1430, 402.602,CPI,20110428
Flx1,ON-WPP02,FlxTwr,2010, 77,1500, 402.286,CPI,20110428
Flx1,ON-WPP02,FlxTwr,2010, 77,1530, 406.219,CPI,20110428
Flx1,ON-WPP02,FlxTwr,2010, 77,1600, 409.098,CPI,20110428
Flx1,ON-WPP02,FlxTwr,2010, 77,1630, 407.028,CPI,20110428
Flx1,ON-WPP02,FlxTwr,2010, 77,1700, 407.562,CPI,20110428
Flx1,ON-WPP02,FlxTwr,2010, 77,1730, 406.945,CPI,20110428
Flx1,ON-WPP02,FlxTwr,2010, 77,1800, 407.480,CPI,20110428
Flx1,ON-WPP02,FlxTwr,2010, 77,1830, 408.015,CPI,20110428
Flx1,ON-WPP02,FlxTwr,2010, 77,1900, 408.438,CPI,20110428
Flx1,ON-WPP02,FlxTwr,2010, 77,1930, 406.554,CPI,20110428
Flx1,ON-WPP02,FlxTwr,2010, 77,2000, 404.652,CPI,20110428
Flx1,ON-WPP02,FlxTwr,2010, 77,2030, 403.995,CPI,20110428
Flx1,ON-WPP02,FlxTwr,2010, 77,2100, 403.805,CPI,20110428
Flx1,ON-WPP02,FlxTwr,2010, 77,2130, 403.500,CPI,20110428
Flx1,ON-WPP02,FlxTwr,2010, 77,2200, 404.157,CPI,20110428
Flx1,ON-WPP02,FlxTwr,2010, 77,2230, 401.159,CPI,20110428
Flx1,ON-WPP02,FlxTwr,2010, 77,2300, 399.678,CPI,20110428
Flx1,ON-WPP02,FlxTwr,2010, 77,2330, 398.952,CPI,20110428
Flx1,ON-WPP02,FlxTwr,2010, 77,2400, 398.751,CPI,20110428
Flx1,ON-WPP02,FlxTwr,2010, 78,  30, 399.054,CPI,20110428
Flx1,ON-WPP02,FlxTwr,2010, 78, 100, 398.824,CPI,20110428
Flx1,ON-WPP02,FlxTwr,2010, 78, 130, 398.664,CPI,20110428
Flx1,ON-WPP02,FlxTwr,2010, 78, 200, 398.510,CPI,20110428
Flx1,ON-WPP02,FlxTwr,2010, 78, 230, 398.666,CPI,20110428
Flx1,ON-WPP02,FlxTwr,2010, 78, 300, 398.985,CPI,20110428
Flx1,ON-WPP02,FlxTwr,2010, 78, 330, 399.356,CPI,20110428
Flx1,ON-WPP02,FlxTwr,2010, 78, 400, 399.822,CPI,20110428
Flx1,ON-WPP02,FlxTwr,2010, 78, 430, 400.243,CPI,20110428
Flx1,ON-WPP02,FlxTwr,2010, 78, 500, 400.710,CPI,20110428
Flx1,ON-WPP02,FlxTwr,2010, 78, 530,-999.000,CPI,20110428
Flx1,ON-WPP02,FlxTwr,2010, 78, 600, 402.304,CPI,20110428
Flx1,ON-WPP02,FlxTwr,2010, 78, 630, 402.655,CPI,20110428
Flx1,ON-WPP02,FlxTwr,2010, 78, 700, 402.934,CPI,20110428
Flx1,ON-WPP02,FlxTwr,2010, 78, 730, 403.279,CPI,20110428
Flx1,ON-WPP02,FlxTwr,2010, 78, 800, 403.195,CPI,20110428
Flx1,ON-WPP02,FlxTwr,2010, 78, 830, 403.442,CPI,20110428
Flx1,ON-WPP02,FlxTwr,2010, 78, 900, 403.258,CPI,20110428
Flx1,ON-WPP02,FlxTwr,2010, 78, 930, 403.384,CPI,20110428
Flx1,ON-WPP02,FlxTwr,2010, 78,1000, 403.366,CPI,20110428
Flx1,ON-WPP02,FlxTwr,2010, 78,1030, 403.870,CPI,20110428
Flx1,ON-WPP02,FlxTwr,2010, 78,1100, 405.252,CPI,20110428
Flx1,ON-WPP02,FlxTwr,2010, 78,1130, 404.953,CPI,20110428
Flx1,ON-WPP02,FlxTwr,2010, 78,1200, 404.987,CPI,20110428
Flx1,ON-WPP02,FlxTwr,2010, 78,1230, 404.740,CPI,20110428
Flx1,ON-WPP02,FlxTwr,2010, 78,1300, 404.911,CPI,20110428
Flx1,ON-WPP02,FlxTwr,2010, 78,1330, 404.865,CPI,20110428
Flx1,ON-WPP02,FlxTwr,2010, 78,1400,-999.000,CPI,20110428
Flx1,ON-WPP02,FlxTwr,2010, 78,1430,-999.000,CPI,20110428
Flx1,ON-WPP02,FlxTwr,2010, 78,1500,-999.000,CPI,20110428
Flx1,ON-WPP02,FlxTwr,2010, 78,1530,-999.000,CPI,20110428
Flx1,ON-WPP02,FlxTwr,2010, 78,1600,-999.000,CPI,20110428
Flx1,ON-WPP02,FlxTwr,2010, 78,1630,-999.000,CPI,20110428
Flx1,ON-WPP02,FlxTwr,2010, 78,1700,-999.000,CPI,20110428
Flx1,ON-WPP02,FlxTwr,2010, 78,1730,-999.000,CPI,20110428
Flx1,ON-WPP02,FlxTwr,2010, 78,1800,-999.000,CPI,20110428
Flx1,ON-WPP02,FlxTwr,2010, 78,1830,-999.000,CPI,20110428
Flx1,ON-WPP02,FlxTwr,2010, 78,1900,-999.000,CPI,20110428
Flx1,ON-WPP02,FlxTwr,2010, 78,1930,-999.000,CPI,20110428
Flx1,ON-WPP02,FlxTwr,2010, 78,2000,-999.000,CPI,20110428
Flx1,ON-WPP02,FlxTwr,2010, 78,2030,-999.000,CPI,20110428
Flx1,ON-WPP02,FlxTwr,2010, 78,2100,-999.000,CPI,20110428
Flx1,ON-WPP02,FlxTwr,2010, 78,2130,-999.000,CPI,20110428
Flx1,ON-WPP02,FlxTwr,2010, 78,2200,-999.000,CPI,20110428
Flx1,ON-WPP02,FlxTwr,2010, 78,2230,-999.000,CPI,20110428
Flx1,ON-WPP02,FlxTwr,2010, 78,2300,-999.000,CPI,20110428
Flx1,ON-WPP02,FlxTwr,2010, 78,2330,-999.000,CPI,20110428
Flx1,ON-WPP02,FlxTwr,2010, 78,2400,-999.000,CPI,20110428
Flx1,ON-WPP02,FlxTwr,2010, 79,  30,-999.000,CPI,20110428
Flx1,ON-WPP02,FlxTwr,2010, 79, 100,-999.000,CPI,20110428
Flx1,ON-WPP02,FlxTwr,2010, 79, 130,-999.000,CPI,20110428
Flx1,ON-WPP02,FlxTwr,2010, 79, 200,-999.000,CPI,20110428
Flx1,ON-WPP02,FlxTwr,2010, 79, 230,-999.000,CPI,20110428
Flx1,ON-WPP02,FlxTwr,2010, 79, 300,-999.000,CPI,20110428
Flx1,ON-WPP02,FlxTwr,2010, 79, 330,-999.000,CPI,20110428
Flx1,ON-WPP02,FlxTwr,2010, 79, 400,-999.000,CPI,20110428
Flx1,ON-WPP02,FlxTwr,2010, 79, 430,-999.000,CPI,20110428
Flx1,ON-WPP02,FlxTwr,2010, 79, 500,-999.000,CPI,20110428
Flx1,ON-WPP02,FlxTwr,2010, 79, 530,-999.000,CPI,20110428
Flx1,ON-WPP02,FlxTwr,2010, 79, 600,-999.000,CPI,20110428
Flx1,ON-WPP02,FlxTwr,2010, 79, 630,-999.000,CPI,20110428
Flx1,ON-WPP02,FlxTwr,2010, 79, 700,-999.000,CPI,20110428
Flx1,ON-WPP02,FlxTwr,2010, 79, 730,-999.000,CPI,20110428
Flx1,ON-WPP02,FlxTwr,2010, 79, 800,-999.000,CPI,20110428
Flx1,ON-WPP02,FlxTwr,2010, 79, 830,-999.000,CPI,20110428
Flx1,ON-WPP02,FlxTwr,2010, 79, 900,-999.000,CPI,20110428
Flx1,ON-WPP02,FlxTwr,2010, 79, 930,-999.000,CPI,20110428
Flx1,ON-WPP02,FlxTwr,2010, 79,1000,-999.000,CPI,20110428
Flx1,ON-WPP02,FlxTwr,2010, 79,1030,-999.000,CPI,20110428
Flx1,ON-WPP02,FlxTwr,2010, 79,1100,-999.000,CPI,20110428
Flx1,ON-WPP02,FlxTwr,2010, 79,1130,-999.000,CPI,20110428
Flx1,ON-WPP02,FlxTwr,2010, 79,1200,-999.000,CPI,20110428
Flx1,ON-WPP02,FlxTwr,2010, 79,1230,-999.000,CPI,20110428
Flx1,ON-WPP02,FlxTwr,2010, 79,1300,-999.000,CPI,20110428
Flx1,ON-WPP02,FlxTwr,2010, 79,1330,-999.000,CPI,20110428
Flx1,ON-WPP02,FlxTwr,2010, 79,1400,-999.000,CPI,20110428
Flx1,ON-WPP02,FlxTwr,2010, 79,1430,-999.000,CPI,20110428
Flx1,ON-WPP02,FlxTwr,2010, 79,1500,-999.000,CPI,20110428
Flx1,ON-WPP02,FlxTwr,2010, 79,1530,-999.000,CPI,20110428
Flx1,ON-WPP02,FlxTwr,2010, 79,1600,-999.000,CPI,20110428
Flx1,ON-WPP02,FlxTwr,2010, 79,1630,-999.000,CPI,20110428
Flx1,ON-WPP02,FlxTwr,2010, 79,1700,-999.000,CPI,20110428
Flx1,ON-WPP02,FlxTwr,2010, 79,1730,-999.000,CPI,20110428
Flx1,ON-WPP02,FlxTwr,2010, 79,1800,-999.000,CPI,20110428
Flx1,ON-WPP02,FlxTwr,2010, 79,1830,-999.000,CPI,20110428
Flx1,ON-WPP02,FlxTwr,2010, 79,1900, 396.928,CPI,20110428
Flx1,ON-WPP02,FlxTwr,2010, 79,1930, 397.051,CPI,20110428
Flx1,ON-WPP02,FlxTwr,2010, 79,2000, 397.533,CPI,20110428
Flx1,ON-WPP02,FlxTwr,2010, 79,2030, 397.909,CPI,20110428
Flx1,ON-WPP02,FlxTwr,2010, 79,2100, 398.514,CPI,20110428
Flx1,ON-WPP02,FlxTwr,2010, 79,2130, 399.493,CPI,20110428
Flx1,ON-WPP02,FlxTwr,2010, 79,2200, 400.573,CPI,20110428
Flx1,ON-WPP02,FlxTwr,2010, 79,2230, 400.805,CPI,20110428
Flx1,ON-WPP02,FlxTwr,2010, 79,2300, 400.994,CPI,20110428
Flx1,ON-WPP02,FlxTwr,2010, 79,2330, 401.756,CPI,20110428
Flx1,ON-WPP02,FlxTwr,2010, 79,2400, 402.288,CPI,20110428
Flx1,ON-WPP02,FlxTwr,2010, 80,  30, 402.612,CPI,20110428
Flx1,ON-WPP02,FlxTwr,2010, 80, 100, 403.041,CPI,20110428
Flx1,ON-WPP02,FlxTwr,2010, 80, 130, 402.718,CPI,20110428
Flx1,ON-WPP02,FlxTwr,2010, 80, 200, 403.250,CPI,20110428
Flx1,ON-WPP02,FlxTwr,2010, 80, 230, 404.488,CPI,20110428
Flx1,ON-WPP02,FlxTwr,2010, 80, 300, 404.603,CPI,20110428
Flx1,ON-WPP02,FlxTwr,2010, 80, 330, 405.596,CPI,20110428
Flx1,ON-WPP02,FlxTwr,2010, 80, 400, 407.017,CPI,20110428
Flx1,ON-WPP02,FlxTwr,2010, 80, 430, 407.159,CPI,20110428
Flx1,ON-WPP02,FlxTwr,2010, 80, 500, 408.436,CPI,20110428
Flx1,ON-WPP02,FlxTwr,2010, 80, 530,-999.000,CPI,20110428
Flx1,ON-WPP02,FlxTwr,2010, 80, 600, 405.910,CPI,20110428
Flx1,ON-WPP02,FlxTwr,2010, 80, 630, 405.491,CPI,20110428
Flx1,ON-WPP02,FlxTwr,2010, 80, 700, 405.230,CPI,20110428
Flx1,ON-WPP02,FlxTwr,2010, 80, 730, 405.353,CPI,20110428
Flx1,ON-WPP02,FlxTwr,2010, 80, 800, 404.406,CPI,20110428
Flx1,ON-WPP02,FlxTwr,2010, 80, 830, 404.036,CPI,20110428
Flx1,ON-WPP02,FlxTwr,2010, 80, 900, 404.215,CPI,20110428
Flx1,ON-WPP02,FlxTwr,2010, 80, 930, 403.372,CPI,20110428
Flx1,ON-WPP02,FlxTwr,2010, 80,1000, 402.787,CPI,20110428
Flx1,ON-WPP02,FlxTwr,2010, 80,1030, 403.579,CPI,20110428
Flx1,ON-WPP02,FlxTwr,2010, 80,1100, 405.308,CPI,20110428
Flx1,ON-WPP02,FlxTwr,2010, 80,1130, 407.100,CPI,20110428
Flx1,ON-WPP02,FlxTwr,2010, 80,1200, 407.590,CPI,20110428
Flx1,ON-WPP02,FlxTwr,2010, 80,1230, 407.228,CPI,20110428
Flx1,ON-WPP02,FlxTwr,2010, 80,1300, 406.118,CPI,20110428
Flx1,ON-WPP02,FlxTwr,2010, 80,1330, 405.732,CPI,20110428
Flx1,ON-WPP02,FlxTwr,2010, 80,1400, 406.279,CPI,20110428
Flx1,ON-WPP02,FlxTwr,2010, 80,1430, 406.861,CPI,20110428
Flx1,ON-WPP02,FlxTwr,2010, 80,1500, 407.067,CPI,20110428
Flx1,ON-WPP02,FlxTwr,2010, 80,1530, 407.114,CPI,20110428
Flx1,ON-WPP02,FlxTwr,2010, 80,1600, 407.121,CPI,20110428
Flx1,ON-WPP02,FlxTwr,2010, 80,1630, 406.499,CPI,20110428
Flx1,ON-WPP02,FlxTwr,2010, 80,1700, 405.173,CPI,20110428
Flx1,ON-WPP02,FlxTwr,2010, 80,1730, 404.380,CPI,20110428
Flx1,ON-WPP02,FlxTwr,2010, 80,1800, 404.935,CPI,20110428
Flx1,ON-WPP02,FlxTwr,2010, 80,1830, 406.819,CPI,20110428
Flx1,ON-WPP02,FlxTwr,2010, 80,1900, 409.985,CPI,20110428
Flx1,ON-WPP02,FlxTwr,2010, 80,1930, 411.833,CPI,20110428
Flx1,ON-WPP02,FlxTwr,2010, 80,2000, 411.598,CPI,20110428
Flx1,ON-WPP02,FlxTwr,2010, 80,2030, 409.567,CPI,20110428
Flx1,ON-WPP02,FlxTwr,2010, 80,2100, 406.515,CPI,20110428
Flx1,ON-WPP02,FlxTwr,2010, 80,2130, 406.385,CPI,20110428
Flx1,ON-WPP02,FlxTwr,2010, 80,2200, 405.568,CPI,20110428
Flx1,ON-WPP02,FlxTwr,2010, 80,2230, 406.769,CPI,20110428
Flx1,ON-WPP02,FlxTwr,2010, 80,2300, 405.616,CPI,20110428
Flx1,ON-WPP02,FlxTwr,2010, 80,2330, 404.683,CPI,20110428
Flx1,ON-WPP02,FlxTwr,2010, 80,2400, 405.405,CPI,20110428
Flx1,ON-WPP02,FlxTwr,2010, 81,  30, 406.639,CPI,20110428
Flx1,ON-WPP02,FlxTwr,2010, 81, 100, 406.476,CPI,20110428
Flx1,ON-WPP02,FlxTwr,2010, 81, 130, 406.421,CPI,20110428
Flx1,ON-WPP02,FlxTwr,2010, 81, 200, 406.314,CPI,20110428
Flx1,ON-WPP02,FlxTwr,2010, 81, 230, 406.656,CPI,20110428
Flx1,ON-WPP02,FlxTwr,2010, 81, 300, 406.985,CPI,20110428
Flx1,ON-WPP02,FlxTwr,2010, 81, 330, 408.157,CPI,20110428
Flx1,ON-WPP02,FlxTwr,2010, 81, 400, 410.386,CPI,20110428
Flx1,ON-WPP02,FlxTwr,2010, 81, 430, 408.728,CPI,20110428
Flx1,ON-WPP02,FlxTwr,2010, 81, 500, 406.907,CPI,20110428
Flx1,ON-WPP02,FlxTwr,2010, 81, 530,-999.000,CPI,20110428
Flx1,ON-WPP02,FlxTwr,2010, 81, 600, 405.601,CPI,20110428
Flx1,ON-WPP02,FlxTwr,2010, 81, 630, 404.366,CPI,20110428
Flx1,ON-WPP02,FlxTwr,2010, 81, 700, 404.215,CPI,20110428
Flx1,ON-WPP02,FlxTwr,2010, 81, 730, 404.324,CPI,20110428
Flx1,ON-WPP02,FlxTwr,2010, 81, 800, 404.367,CPI,20110428
Flx1,ON-WPP02,FlxTwr,2010, 81, 830, 404.216,CPI,20110428
Flx1,ON-WPP02,FlxTwr,2010, 81, 900, 404.395,CPI,20110428
Flx1,ON-WPP02,FlxTwr,2010, 81, 930, 404.722,CPI,20110428
Flx1,ON-WPP02,FlxTwr,2010, 81,1000, 406.164,CPI,20110428
Flx1,ON-WPP02,FlxTwr,2010, 81,1030, 413.028,CPI,20110428
Flx1,ON-WPP02,FlxTwr,2010, 81,1100, 415.130,CPI,20110428
Flx1,ON-WPP02,FlxTwr,2010, 81,1130, 410.326,CPI,20110428
Flx1,ON-WPP02,FlxTwr,2010, 81,1200, 406.405,CPI,20110428
Flx1,ON-WPP02,FlxTwr,2010, 81,1230, 406.669,CPI,20110428
Flx1,ON-WPP02,FlxTwr,2010, 81,1300, 407.781,CPI,20110428
Flx1,ON-WPP02,FlxTwr,2010, 81,1330, 406.469,CPI,20110428
Flx1,ON-WPP02,FlxTwr,2010, 81,1400, 404.178,CPI,20110428
Flx1,ON-WPP02,FlxTwr,2010, 81,1430, 402.433,CPI,20110428
Flx1,ON-WPP02,FlxTwr,2010, 81,1500, 402.147,CPI,20110428
Flx1,ON-WPP02,FlxTwr,2010, 81,1530, 402.383,CPI,20110428
Flx1,ON-WPP02,FlxTwr,2010, 81,1600, 402.439,CPI,20110428
Flx1,ON-WPP02,FlxTwr,2010, 81,1630, 402.461,CPI,20110428
Flx1,ON-WPP02,FlxTwr,2010, 81,1700, 402.718,CPI,20110428
Flx1,ON-WPP02,FlxTwr,2010, 81,1730, 402.332,CPI,20110428
Flx1,ON-WPP02,FlxTwr,2010, 81,1800, 401.928,CPI,20110428
Flx1,ON-WPP02,FlxTwr,2010, 81,1830, 402.134,CPI,20110428
Flx1,ON-WPP02,FlxTwr,2010, 81,1900, 402.200,CPI,20110428
Flx1,ON-WPP02,FlxTwr,2010, 81,1930, 402.249,CPI,20110428
Flx1,ON-WPP02,FlxTwr,2010, 81,2000, 402.410,CPI,20110428
Flx1,ON-WPP02,FlxTwr,2010, 81,2030, 402.285,CPI,20110428
Flx1,ON-WPP02,FlxTwr,2010, 81,2100, 402.370,CPI,20110428
Flx1,ON-WPP02,FlxTwr,2010, 81,2130, 402.543,CPI,20110428
Flx1,ON-WPP02,FlxTwr,2010, 81,2200, 401.676,CPI,20110428
Flx1,ON-WPP02,FlxTwr,2010, 81,2230, 400.716,CPI,20110428
Flx1,ON-WPP02,FlxTwr,2010, 81,2300, 400.317,CPI,20110428
Flx1,ON-WPP02,FlxTwr,2010, 81,2330, 400.115,CPI,20110428
Flx1,ON-WPP02,FlxTwr,2010, 81,2400, 400.446,CPI,20110428
Flx1,ON-WPP02,FlxTwr,2010, 82,  30, 401.087,CPI,20110428
Flx1,ON-WPP02,FlxTwr,2010, 82, 100, 401.323,CPI,20110428
Flx1,ON-WPP02,FlxTwr,2010, 82, 130, 401.478,CPI,20110428
Flx1,ON-WPP02,FlxTwr,2010, 82, 200, 401.381,CPI,20110428
Flx1,ON-WPP02,FlxTwr,2010, 82, 230, 401.330,CPI,20110428
Flx1,ON-WPP02,FlxTwr,2010, 82, 300, 401.491,CPI,20110428
Flx1,ON-WPP02,FlxTwr,2010, 82, 330, 401.559,CPI,20110428
Flx1,ON-WPP02,FlxTwr,2010, 82, 400, 401.721,CPI,20110428
Flx1,ON-WPP02,FlxTwr,2010, 82, 430, 401.746,CPI,20110428
Flx1,ON-WPP02,FlxTwr,2010, 82, 500, 401.820,CPI,20110428
Flx1,ON-WPP02,FlxTwr,2010, 82, 530,-999.000,CPI,20110428
Flx1,ON-WPP02,FlxTwr,2010, 82, 600, 401.978,CPI,20110428
Flx1,ON-WPP02,FlxTwr,2010, 82, 630, 402.376,CPI,20110428
Flx1,ON-WPP02,FlxTwr,2010, 82, 700, 402.531,CPI,20110428
Flx1,ON-WPP02,FlxTwr,2010, 82, 730, 402.688,CPI,20110428
Flx1,ON-WPP02,FlxTwr,2010, 82, 800, 402.676,CPI,20110428
Flx1,ON-WPP02,FlxTwr,2010, 82, 830, 402.723,CPI,20110428
Flx1,ON-WPP02,FlxTwr,2010, 82, 900, 402.957,CPI,20110428
Flx1,ON-WPP02,FlxTwr,2010, 82, 930, 403.357,CPI,20110428
Flx1,ON-WPP02,FlxTwr,2010, 82,1000, 403.734,CPI,20110428
Flx1,ON-WPP02,FlxTwr,2010, 82,1030, 404.068,CPI,20110428
Flx1,ON-WPP02,FlxTwr,2010, 82,1100, 404.772,CPI,20110428
Flx1,ON-WPP02,FlxTwr,2010, 82,1130, 407.219,CPI,20110428
Flx1,ON-WPP02,FlxTwr,2010, 82,1200, 406.900,CPI,20110428
Flx1,ON-WPP02,FlxTwr,2010, 82,1230, 406.561,CPI,20110428
Flx1,ON-WPP02,FlxTwr,2010, 82,1300, 406.685,CPI,20110428
Flx1,ON-WPP02,FlxTwr,2010, 82,1330, 406.125,CPI,20110428
Flx1,ON-WPP02,FlxTwr,2010, 82,1400, 405.248,CPI,20110428
Flx1,ON-WPP02,FlxTwr,2010, 82,1430, 405.245,CPI,20110428
Flx1,ON-WPP02,FlxTwr,2010, 82,1500, 405.213,CPI,20110428
Flx1,ON-WPP02,FlxTwr,2010, 82,1530, 405.037,CPI,20110428
Flx1,ON-WPP02,FlxTwr,2010, 82,1600, 404.668,CPI,20110428
Flx1,ON-WPP02,FlxTwr,2010, 82,1630, 404.389,CPI,20110428
Flx1,ON-WPP02,FlxTwr,2010, 82,1700, 404.351,CPI,20110428
Flx1,ON-WPP02,FlxTwr,2010, 82,1730, 404.529,CPI,20110428
Flx1,ON-WPP02,FlxTwr,2010, 82,1800, 404.397,CPI,20110428
Flx1,ON-WPP02,FlxTwr,2010, 82,1830, 404.728,CPI,20110428
Flx1,ON-WPP02,FlxTwr,2010, 82,1900, 404.857,CPI,20110428
Flx1,ON-WPP02,FlxTwr,2010, 82,1930, 404.746,CPI,20110428
Flx1,ON-WPP02,FlxTwr,2010, 82,2000, 404.714,CPI,20110428
Flx1,ON-WPP02,FlxTwr,2010, 82,2030, 404.332,CPI,20110428
Flx1,ON-WPP02,FlxTwr,2010, 82,2100, 404.470,CPI,20110428
Flx1,ON-WPP02,FlxTwr,2010, 82,2130, 404.121,CPI,20110428
Flx1,ON-WPP02,FlxTwr,2010, 82,2200, 404.263,CPI,20110428
Flx1,ON-WPP02,FlxTwr,2010, 82,2230, 404.535,CPI,20110428
Flx1,ON-WPP02,FlxTwr,2010, 82,2300, 404.590,CPI,20110428
Flx1,ON-WPP02,FlxTwr,2010, 82,2330, 404.736,CPI,20110428
Flx1,ON-WPP02,FlxTwr,2010, 82,2400, 404.999,CPI,20110428
Flx1,ON-WPP02,FlxTwr,2010, 83,  30, 404.848,CPI,20110428
Flx1,ON-WPP02,FlxTwr,2010, 83, 100, 404.812,CPI,20110428
Flx1,ON-WPP02,FlxTwr,2010, 83, 130, 404.794,CPI,20110428
Flx1,ON-WPP02,FlxTwr,2010, 83, 200, 404.758,CPI,20110428
Flx1,ON-WPP02,FlxTwr,2010, 83, 230, 404.856,CPI,20110428
Flx1,ON-WPP02,FlxTwr,2010, 83, 300, 405.171,CPI,20110428
Flx1,ON-WPP02,FlxTwr,2010, 83, 330, 405.266,CPI,20110428
Flx1,ON-WPP02,FlxTwr,2010, 83, 400, 405.462,CPI,20110428
Flx1,ON-WPP02,FlxTwr,2010, 83, 430, 405.688,CPI,20110428
Flx1,ON-WPP02,FlxTwr,2010, 83, 500, 405.678,CPI,20110428
Flx1,ON-WPP02,FlxTwr,2010, 83, 530,-999.000,CPI,20110428
Flx1,ON-WPP02,FlxTwr,2010, 83, 600, 405.980,CPI,20110428
Flx1,ON-WPP02,FlxTwr,2010, 83, 630, 406.265,CPI,20110428
Flx1,ON-WPP02,FlxTwr,2010, 83, 700, 406.545,CPI,20110428
Flx1,ON-WPP02,FlxTwr,2010, 83, 730, 406.569,CPI,20110428
Flx1,ON-WPP02,FlxTwr,2010, 83, 800, 407.293,CPI,20110428
Flx1,ON-WPP02,FlxTwr,2010, 83, 830, 408.279,CPI,20110428
Flx1,ON-WPP02,FlxTwr,2010, 83, 900, 408.390,CPI,20110428
Flx1,ON-WPP02,FlxTwr,2010, 83, 930, 409.299,CPI,20110428
Flx1,ON-WPP02,FlxTwr,2010, 83,1000, 409.861,CPI,20110428
Flx1,ON-WPP02,FlxTwr,2010, 83,1030, 410.817,CPI,20110428
Flx1,ON-WPP02,FlxTwr,2010, 83,1100, 410.726,CPI,20110428
Flx1,ON-WPP02,FlxTwr,2010, 83,1130, 410.217,CPI,20110428
Flx1,ON-WPP02,FlxTwr,2010, 83,1200, 410.058,CPI,20110428
Flx1,ON-WPP02,FlxTwr,2010, 83,1230, 409.411,CPI,20110428
Flx1,ON-WPP02,FlxTwr,2010, 83,1300, 408.359,CPI,20110428
Flx1,ON-WPP02,FlxTwr,2010, 83,1330, 408.152,CPI,20110428
Flx1,ON-WPP02,FlxTwr,2010, 83,1400, 400.442,CPI,20110428
Flx1,ON-WPP02,FlxTwr,2010, 83,1430, 400.355,CPI,20110428
Flx1,ON-WPP02,FlxTwr,2010, 83,1500, 400.145,CPI,20110428
Flx1,ON-WPP02,FlxTwr,2010, 83,1530, 400.022,CPI,20110428
Flx1,ON-WPP02,FlxTwr,2010, 83,1600, 400.020,CPI,20110428
Flx1,ON-WPP02,FlxTwr,2010, 83,1630, 400.003,CPI,20110428
Flx1,ON-WPP02,FlxTwr,2010, 83,1700, 399.125,CPI,20110428
Flx1,ON-WPP02,FlxTwr,2010, 83,1730, 399.767,CPI,20110428
Flx1,ON-WPP02,FlxTwr,2010, 83,1800, 399.777,CPI,20110428
Flx1,ON-WPP02,FlxTwr,2010, 83,1830, 399.362,CPI,20110428
Flx1,ON-WPP02,FlxTwr,2010, 83,1900, 399.965,CPI,20110428
Flx1,ON-WPP02,FlxTwr,2010, 83,1930, 400.578,CPI,20110428
Flx1,ON-WPP02,FlxTwr,2010, 83,2000, 400.947,CPI,20110428
Flx1,ON-WPP02,FlxTwr,2010, 83,2030, 402.513,CPI,20110428
Flx1,ON-WPP02,FlxTwr,2010, 83,2100, 402.719,CPI,20110428
Flx1,ON-WPP02,FlxTwr,2010, 83,2130, 402.600,CPI,20110428
Flx1,ON-WPP02,FlxTwr,2010, 83,2200, 402.376,CPI,20110428
Flx1,ON-WPP02,FlxTwr,2010, 83,2230, 402.198,CPI,20110428
Flx1,ON-WPP02,FlxTwr,2010, 83,2300, 402.120,CPI,20110428
Flx1,ON-WPP02,FlxTwr,2010, 83,2330, 402.966,CPI,20110428
Flx1,ON-WPP02,FlxTwr,2010, 83,2400, 401.638,CPI,20110428
Flx1,ON-WPP02,FlxTwr,2010, 84,  30, 401.280,CPI,20110428
Flx1,ON-WPP02,FlxTwr,2010, 84, 100, 401.138,CPI,20110428
Flx1,ON-WPP02,FlxTwr,2010, 84, 130, 400.883,CPI,20110428
Flx1,ON-WPP02,FlxTwr,2010, 84, 200, 401.286,CPI,20110428
Flx1,ON-WPP02,FlxTwr,2010, 84, 230, 401.534,CPI,20110428
Flx1,ON-WPP02,FlxTwr,2010, 84, 300, 403.278,CPI,20110428
Flx1,ON-WPP02,FlxTwr,2010, 84, 330, 403.515,CPI,20110428
Flx1,ON-WPP02,FlxTwr,2010, 84, 400, 404.577,CPI,20110428
Flx1,ON-WPP02,FlxTwr,2010, 84, 430, 403.547,CPI,20110428
Flx1,ON-WPP02,FlxTwr,2010, 84, 500, 402.889,CPI,20110428
Flx1,ON-WPP02,FlxTwr,2010, 84, 530,-999.000,CPI,20110428
Flx1,ON-WPP02,FlxTwr,2010, 84, 600, 412.114,CPI,20110428
Flx1,ON-WPP02,FlxTwr,2010, 84, 630, 412.569,CPI,20110428
Flx1,ON-WPP02,FlxTwr,2010, 84, 700, 405.774,CPI,20110428
Flx1,ON-WPP02,FlxTwr,2010, 84, 730, 405.106,CPI,20110428
Flx1,ON-WPP02,FlxTwr,2010, 84, 800, 415.844,CPI,20110428
Flx1,ON-WPP02,FlxTwr,2010, 84, 830, 413.943,CPI,20110428
Flx1,ON-WPP02,FlxTwr,2010, 84, 900, 426.091,CPI,20110428
Flx1,ON-WPP02,FlxTwr,2010, 84, 930, 418.836,CPI,20110428
Flx1,ON-WPP02,FlxTwr,2010, 84,1000, 425.012,CPI,20110428
Flx1,ON-WPP02,FlxTwr,2010, 84,1030, 429.035,CPI,20110428
Flx1,ON-WPP02,FlxTwr,2010, 84,1100, 416.099,CPI,20110428
Flx1,ON-WPP02,FlxTwr,2010, 84,1130, 405.448,CPI,20110428
Flx1,ON-WPP02,FlxTwr,2010, 84,1200, 403.342,CPI,20110428
Flx1,ON-WPP02,FlxTwr,2010, 84,1230, 402.098,CPI,20110428
Flx1,ON-WPP02,FlxTwr,2010, 84,1300, 403.512,CPI,20110428
Flx1,ON-WPP02,FlxTwr,2010, 84,1330, 403.944,CPI,20110428
Flx1,ON-WPP02,FlxTwr,2010, 84,1400, 403.034,CPI,20110428
Flx1,ON-WPP02,FlxTwr,2010, 84,1430, 402.228,CPI,20110428
Flx1,ON-WPP02,FlxTwr,2010, 84,1500, 401.523,CPI,20110428
Flx1,ON-WPP02,FlxTwr,2010, 84,1530, 399.757,CPI,20110428
Flx1,ON-WPP02,FlxTwr,2010, 84,1600, 398.441,CPI,20110428
Flx1,ON-WPP02,FlxTwr,2010, 84,1630, 397.528,CPI,20110428
Flx1,ON-WPP02,FlxTwr,2010, 84,1700, 398.436,CPI,20110428
Flx1,ON-WPP02,FlxTwr,2010, 84,1730, 400.636,CPI,20110428
Flx1,ON-WPP02,FlxTwr,2010, 84,1800, 401.438,CPI,20110428
Flx1,ON-WPP02,FlxTwr,2010, 84,1830, 403.060,CPI,20110428
Flx1,ON-WPP02,FlxTwr,2010, 84,1900, 401.152,CPI,20110428
Flx1,ON-WPP02,FlxTwr,2010, 84,1930, 399.525,CPI,20110428
Flx1,ON-WPP02,FlxTwr,2010, 84,2000, 398.034,CPI,20110428
Flx1,ON-WPP02,FlxTwr,2010, 84,2030, 397.468,CPI,20110428
Flx1,ON-WPP02,FlxTwr,2010, 84,2100, 396.982,CPI,20110428
Flx1,ON-WPP02,FlxTwr,2010, 84,2130, 396.076,CPI,20110428
Flx1,ON-WPP02,FlxTwr,2010, 84,2200, 395.878,CPI,20110428
Flx1,ON-WPP02,FlxTwr,2010, 84,2230, 395.932,CPI,20110428
Flx1,ON-WPP02,FlxTwr,2010, 84,2300, 396.132,CPI,20110428
Flx1,ON-WPP02,FlxTwr,2010, 84,2330, 396.261,CPI,20110428
Flx1,ON-WPP02,FlxTwr,2010, 84,2400, 396.351,CPI,20110428
Flx1,ON-WPP02,FlxTwr,2010, 85,  30, 396.519,CPI,20110428
Flx1,ON-WPP02,FlxTwr,2010, 85, 100, 396.556,CPI,20110428
Flx1,ON-WPP02,FlxTwr,2010, 85, 130, 396.510,CPI,20110428
Flx1,ON-WPP02,FlxTwr,2010, 85, 200, 396.663,CPI,20110428
Flx1,ON-WPP02,FlxTwr,2010, 85, 230, 396.728,CPI,20110428
Flx1,ON-WPP02,FlxTwr,2010, 85, 300, 396.935,CPI,20110428
Flx1,ON-WPP02,FlxTwr,2010, 85, 330, 397.027,CPI,20110428
Flx1,ON-WPP02,FlxTwr,2010, 85, 400, 397.197,CPI,20110428
Flx1,ON-WPP02,FlxTwr,2010, 85, 430, 397.292,CPI,20110428
Flx1,ON-WPP02,FlxTwr,2010, 85, 500, 397.219,CPI,20110428
Flx1,ON-WPP02,FlxTwr,2010, 85, 530,-999.000,CPI,20110428
Flx1,ON-WPP02,FlxTwr,2010, 85, 600, 397.185,CPI,20110428
Flx1,ON-WPP02,FlxTwr,2010, 85, 630, 397.349,CPI,20110428
Flx1,ON-WPP02,FlxTwr,2010, 85, 700, 397.580,CPI,20110428
Flx1,ON-WPP02,FlxTwr,2010, 85, 730, 397.772,CPI,20110428
Flx1,ON-WPP02,FlxTwr,2010, 85, 800, 397.732,CPI,20110428
Flx1,ON-WPP02,FlxTwr,2010, 85, 830, 397.599,CPI,20110428
Flx1,ON-WPP02,FlxTwr,2010, 85, 900, 397.904,CPI,20110428
Flx1,ON-WPP02,FlxTwr,2010, 85, 930, 397.994,CPI,20110428
Flx1,ON-WPP02,FlxTwr,2010, 85,1000, 398.259,CPI,20110428
Flx1,ON-WPP02,FlxTwr,2010, 85,1030, 399.046,CPI,20110428
Flx1,ON-WPP02,FlxTwr,2010, 85,1100, 399.735,CPI,20110428
Flx1,ON-WPP02,FlxTwr,2010, 85,1130, 400.034,CPI,20110428
Flx1,ON-WPP02,FlxTwr,2010, 85,1200, 399.920,CPI,20110428
Flx1,ON-WPP02,FlxTwr,2010, 85,1230, 399.229,CPI,20110428
Flx1,ON-WPP02,FlxTwr,2010, 85,1300, 399.061,CPI,20110428
Flx1,ON-WPP02,FlxTwr,2010, 85,1330, 399.159,CPI,20110428
Flx1,ON-WPP02,FlxTwr,2010, 85,1400, 399.059,CPI,20110428
Flx1,ON-WPP02,FlxTwr,2010, 85,1430, 399.147,CPI,20110428
Flx1,ON-WPP02,FlxTwr,2010, 85,1500, 399.574,CPI,20110428
Flx1,ON-WPP02,FlxTwr,2010, 85,1530, 399.878,CPI,20110428
Flx1,ON-WPP02,FlxTwr,2010, 85,1600, 400.461,CPI,20110428
Flx1,ON-WPP02,FlxTwr,2010, 85,1630, 400.816,CPI,20110428
Flx1,ON-WPP02,FlxTwr,2010, 85,1700, 401.203,CPI,20110428
Flx1,ON-WPP02,FlxTwr,2010, 85,1730, 400.934,CPI,20110428
Flx1,ON-WPP02,FlxTwr,2010, 85,1800, 400.548,CPI,20110428
Flx1,ON-WPP02,FlxTwr,2010, 85,1830, 399.864,CPI,20110428
Flx1,ON-WPP02,FlxTwr,2010, 85,1900, 399.452,CPI,20110428
Flx1,ON-WPP02,FlxTwr,2010, 85,1930, 398.991,CPI,20110428
Flx1,ON-WPP02,FlxTwr,2010, 85,2000, 398.872,CPI,20110428
Flx1,ON-WPP02,FlxTwr,2010, 85,2030, 398.773,CPI,20110428
Flx1,ON-WPP02,FlxTwr,2010, 85,2100, 398.683,CPI,20110428
Flx1,ON-WPP02,FlxTwr,2010, 85,2130, 399.417,CPI,20110428
Flx1,ON-WPP02,FlxTwr,2010, 85,2200, 399.320,CPI,20110428
Flx1,ON-WPP02,FlxTwr,2010, 85,2230, 399.644,CPI,20110428
Flx1,ON-WPP02,FlxTwr,2010, 85,2300, 399.250,CPI,20110428
Flx1,ON-WPP02,FlxTwr,2010, 85,2330, 398.314,CPI,20110428
Flx1,ON-WPP02,FlxTwr,2010, 85,2400, 398.410,CPI,20110428
Flx1,ON-WPP02,FlxTwr,2010, 86,  30, 399.038,CPI,20110428
Flx1,ON-WPP02,FlxTwr,2010, 86, 100, 398.806,CPI,20110428
Flx1,ON-WPP02,FlxTwr,2010, 86, 130, 400.503,CPI,20110428
Flx1,ON-WPP02,FlxTwr,2010, 86, 200, 400.539,CPI,20110428
Flx1,ON-WPP02,FlxTwr,2010, 86, 230, 402.347,CPI,20110428
Flx1,ON-WPP02,FlxTwr,2010, 86, 300, 402.819,CPI,20110428
Flx1,ON-WPP02,FlxTwr,2010, 86, 330, 403.661,CPI,20110428
Flx1,ON-WPP02,FlxTwr,2010, 86, 400, 404.730,CPI,20110428
Flx1,ON-WPP02,FlxTwr,2010, 86, 430, 405.697,CPI,20110428
Flx1,ON-WPP02,FlxTwr,2010, 86, 500, 406.440,CPI,20110428
Flx1,ON-WPP02,FlxTwr,2010, 86, 530,-999.000,CPI,20110428
Flx1,ON-WPP02,FlxTwr,2010, 86, 600, 408.836,CPI,20110428
Flx1,ON-WPP02,FlxTwr,2010, 86, 630, 412.105,CPI,20110428
Flx1,ON-WPP02,FlxTwr,2010, 86, 700, 413.707,CPI,20110428
Flx1,ON-WPP02,FlxTwr,2010, 86, 730, 416.246,CPI,20110428
Flx1,ON-WPP02,FlxTwr,2010, 86, 800, 417.752,CPI,20110428
Flx1,ON-WPP02,FlxTwr,2010, 86, 830, 416.668,CPI,20110428
Flx1,ON-WPP02,FlxTwr,2010, 86, 900, 415.448,CPI,20110428
Flx1,ON-WPP02,FlxTwr,2010, 86, 930, 415.837,CPI,20110428
Flx1,ON-WPP02,FlxTwr,2010, 86,1000, 415.894,CPI,20110428
Flx1,ON-WPP02,FlxTwr,2010, 86,1030, 417.387,CPI,20110428
Flx1,ON-WPP02,FlxTwr,2010, 86,1100, 416.199,CPI,20110428
Flx1,ON-WPP02,FlxTwr,2010, 86,1130, 416.831,CPI,20110428
Flx1,ON-WPP02,FlxTwr,2010, 86,1200, 416.613,CPI,20110428
Flx1,ON-WPP02,FlxTwr,2010, 86,1230, 418.467,CPI,20110428
Flx1,ON-WPP02,FlxTwr,2010, 86,1300, 410.596,CPI,20110428
Flx1,ON-WPP02,FlxTwr,2010, 86,1330, 405.757,CPI,20110428
Flx1,ON-WPP02,FlxTwr,2010, 86,1400, 399.248,CPI,20110428
Flx1,ON-WPP02,FlxTwr,2010, 86,1430, 397.603,CPI,20110428
Flx1,ON-WPP02,FlxTwr,2010, 86,1500, 397.669,CPI,20110428
Flx1,ON-WPP02,FlxTwr,2010, 86,1530, 397.824,CPI,20110428
Flx1,ON-WPP02,FlxTwr,2010, 86,1600, 398.890,CPI,20110428
Flx1,ON-WPP02,FlxTwr,2010, 86,1630, 398.289,CPI,20110428
Flx1,ON-WPP02,FlxTwr,2010, 86,1700, 397.528,CPI,20110428
Flx1,ON-WPP02,FlxTwr,2010, 86,1730, 397.286,CPI,20110428
Flx1,ON-WPP02,FlxTwr,2010, 86,1800, 396.864,CPI,20110428
Flx1,ON-WPP02,FlxTwr,2010, 86,1830, 396.588,CPI,20110428
Flx1,ON-WPP02,FlxTwr,2010, 86,1900, 396.520,CPI,20110428
Flx1,ON-WPP02,FlxTwr,2010, 86,1930, 396.556,CPI,20110428
Flx1,ON-WPP02,FlxTwr,2010, 86,2000, 396.645,CPI,20110428
Flx1,ON-WPP02,FlxTwr,2010, 86,2030, 397.244,CPI,20110428
Flx1,ON-WPP02,FlxTwr,2010, 86,2100, 397.820,CPI,20110428
Flx1,ON-WPP02,FlxTwr,2010, 86,2130, 398.166,CPI,20110428
Flx1,ON-WPP02,FlxTwr,2010, 86,2200, 398.029,CPI,20110428
Flx1,ON-WPP02,FlxTwr,2010, 86,2230, 398.081,CPI,20110428
Flx1,ON-WPP02,FlxTwr,2010, 86,2300, 398.251,CPI,20110428
Flx1,ON-WPP02,FlxTwr,2010, 86,2330, 398.725,CPI,20110428
Flx1,ON-WPP02,FlxTwr,2010, 86,2400, 399.069,CPI,20110428
Flx1,ON-WPP02,FlxTwr,2010, 87,  30, 401.661,CPI,20110428
Flx1,ON-WPP02,FlxTwr,2010, 87, 100, 400.785,CPI,20110428
Flx1,ON-WPP02,FlxTwr,2010, 87, 130, 402.286,CPI,20110428
Flx1,ON-WPP02,FlxTwr,2010, 87, 200, 403.467,CPI,20110428
Flx1,ON-WPP02,FlxTwr,2010, 87, 230, 403.198,CPI,20110428
Flx1,ON-WPP02,FlxTwr,2010, 87, 300, 403.749,CPI,20110428
Flx1,ON-WPP02,FlxTwr,2010, 87, 330, 404.310,CPI,20110428
Flx1,ON-WPP02,FlxTwr,2010, 87, 400, 404.427,CPI,20110428
Flx1,ON-WPP02,FlxTwr,2010, 87, 430, 404.536,CPI,20110428
Flx1,ON-WPP02,FlxTwr,2010, 87, 500, 403.955,CPI,20110428
Flx1,ON-WPP02,FlxTwr,2010, 87, 530,-999.000,CPI,20110428
Flx1,ON-WPP02,FlxTwr,2010, 87, 600, 404.290,CPI,20110428
Flx1,ON-WPP02,FlxTwr,2010, 87, 630, 405.014,CPI,20110428
Flx1,ON-WPP02,FlxTwr,2010, 87, 700, 407.540,CPI,20110428
Flx1,ON-WPP02,FlxTwr,2010, 87, 730, 405.347,CPI,20110428
Flx1,ON-WPP02,FlxTwr,2010, 87, 800, 406.310,CPI,20110428
Flx1,ON-WPP02,FlxTwr,2010, 87, 830, 405.007,CPI,20110428
Flx1,ON-WPP02,FlxTwr,2010, 87, 900, 405.505,CPI,20110428
Flx1,ON-WPP02,FlxTwr,2010, 87, 930, 405.562,CPI,20110428
Flx1,ON-WPP02,FlxTwr,2010, 87,1000, 404.010,CPI,20110428
Flx1,ON-WPP02,FlxTwr,2010, 87,1030, 403.587,CPI,20110428
Flx1,ON-WPP02,FlxTwr,2010, 87,1100, 403.714,CPI,20110428
Flx1,ON-WPP02,FlxTwr,2010, 87,1130, 403.797,CPI,20110428
Flx1,ON-WPP02,FlxTwr,2010, 87,1200, 403.522,CPI,20110428
Flx1,ON-WPP02,FlxTwr,2010, 87,1230, 403.154,CPI,20110428
Flx1,ON-WPP02,FlxTwr,2010, 87,1300, 403.053,CPI,20110428
Flx1,ON-WPP02,FlxTwr,2010, 87,1330, 402.661,CPI,20110428
Flx1,ON-WPP02,FlxTwr,2010, 87,1400, 402.465,CPI,20110428
Flx1,ON-WPP02,FlxTwr,2010, 87,1430, 402.420,CPI,20110428
Flx1,ON-WPP02,FlxTwr,2010, 87,1500, 402.173,CPI,20110428
Flx1,ON-WPP02,FlxTwr,2010, 87,1530, 402.221,CPI,20110428
Flx1,ON-WPP02,FlxTwr,2010, 87,1600, 401.848,CPI,20110428
Flx1,ON-WPP02,FlxTwr,2010, 87,1630, 401.353,CPI,20110428
Flx1,ON-WPP02,FlxTwr,2010, 87,1700, 401.084,CPI,20110428
Flx1,ON-WPP02,FlxTwr,2010, 87,1730, 400.695,CPI,20110428
Flx1,ON-WPP02,FlxTwr,2010, 87,1800, 400.575,CPI,20110428
Flx1,ON-WPP02,FlxTwr,2010, 87,1830, 400.411,CPI,20110428
Flx1,ON-WPP02,FlxTwr,2010, 87,1900, 400.226,CPI,20110428
Flx1,ON-WPP02,FlxTwr,2010, 87,1930, 400.209,CPI,20110428
Flx1,ON-WPP02,FlxTwr,2010, 87,2000, 399.992,CPI,20110428
Flx1,ON-WPP02,FlxTwr,2010, 87,2030, 399.776,CPI,20110428
Flx1,ON-WPP02,FlxTwr,2010, 87,2100, 399.737,CPI,20110428
Flx1,ON-WPP02,FlxTwr,2010, 87,2130, 399.357,CPI,20110428
Flx1,ON-WPP02,FlxTwr,2010, 87,2200, 398.648,CPI,20110428
Flx1,ON-WPP02,FlxTwr,2010, 87,2230, 398.426,CPI,20110428
Flx1,ON-WPP02,FlxTwr,2010, 87,2300, 398.713,CPI,20110428
Flx1,ON-WPP02,FlxTwr,2010, 87,2330, 398.618,CPI,20110428
Flx1,ON-WPP02,FlxTwr,2010, 87,2400, 398.533,CPI,20110428
Flx1,ON-WPP02,FlxTwr,2010, 88,  30, 398.696,CPI,20110428
Flx1,ON-WPP02,FlxTwr,2010, 88, 100, 399.007,CPI,20110428
Flx1,ON-WPP02,FlxTwr,2010, 88, 130, 399.377,CPI,20110428
Flx1,ON-WPP02,FlxTwr,2010, 88, 200, 400.297,CPI,20110428
Flx1,ON-WPP02,FlxTwr,2010, 88, 230, 401.280,CPI,20110428
Flx1,ON-WPP02,FlxTwr,2010, 88, 300, 403.491,CPI,20110428
Flx1,ON-WPP02,FlxTwr,2010, 88, 330, 403.626,CPI,20110428
Flx1,ON-WPP02,FlxTwr,2010, 88, 400, 403.005,CPI,20110428
Flx1,ON-WPP02,FlxTwr,2010, 88, 430, 403.582,CPI,20110428
Flx1,ON-WPP02,FlxTwr,2010, 88, 500, 402.904,CPI,20110428
Flx1,ON-WPP02,FlxTwr,2010, 88, 530,-999.000,CPI,20110428
Flx1,ON-WPP02,FlxTwr,2010, 88, 600, 404.867,CPI,20110428
Flx1,ON-WPP02,FlxTwr,2010, 88, 630, 405.645,CPI,20110428
Flx1,ON-WPP02,FlxTwr,2010, 88, 700, 405.693,CPI,20110428
Flx1,ON-WPP02,FlxTwr,2010, 88, 730, 405.452,CPI,20110428
Flx1,ON-WPP02,FlxTwr,2010, 88, 800, 405.910,CPI,20110428
Flx1,ON-WPP02,FlxTwr,2010, 88, 830, 411.347,CPI,20110428
Flx1,ON-WPP02,FlxTwr,2010, 88, 900, 416.251,CPI,20110428
Flx1,ON-WPP02,FlxTwr,2010, 88, 930, 412.260,CPI,20110428
Flx1,ON-WPP02,FlxTwr,2010, 88,1000, 409.300,CPI,20110428
Flx1,ON-WPP02,FlxTwr,2010, 88,1030, 407.046,CPI,20110428
Flx1,ON-WPP02,FlxTwr,2010, 88,1100, 406.710,CPI,20110428
Flx1,ON-WPP02,FlxTwr,2010, 88,1130, 408.628,CPI,20110428
Flx1,ON-WPP02,FlxTwr,2010, 88,1200, 410.167,CPI,20110428
Flx1,ON-WPP02,FlxTwr,2010, 88,1230, 408.138,CPI,20110428
Flx1,ON-WPP02,FlxTwr,2010, 88,1300, 406.128,CPI,20110428
Flx1,ON-WPP02,FlxTwr,2010, 88,1330, 404.326,CPI,20110428
Flx1,ON-WPP02,FlxTwr,2010, 88,1400, 402.995,CPI,20110428
Flx1,ON-WPP02,FlxTwr,2010, 88,1430, 402.000,CPI,20110428
Flx1,ON-WPP02,FlxTwr,2010, 88,1500, 401.134,CPI,20110428
Flx1,ON-WPP02,FlxTwr,2010, 88,1530, 401.361,CPI,20110428
Flx1,ON-WPP02,FlxTwr,2010, 88,1600, 401.858,CPI,20110428
Flx1,ON-WPP02,FlxTwr,2010, 88,1630, 401.227,CPI,20110428
Flx1,ON-WPP02,FlxTwr,2010, 88,1700, 400.276,CPI,20110428
Flx1,ON-WPP02,FlxTwr,2010, 88,1730, 400.078,CPI,20110428
Flx1,ON-WPP02,FlxTwr,2010, 88,1800, 400.256,CPI,20110428
Flx1,ON-WPP02,FlxTwr,2010, 88,1830, 400.185,CPI,20110428
Flx1,ON-WPP02,FlxTwr,2010, 88,1900, 400.305,CPI,20110428
Flx1,ON-WPP02,FlxTwr,2010, 88,1930, 400.609,CPI,20110428
Flx1,ON-WPP02,FlxTwr,2010, 88,2000, 401.435,CPI,20110428
Flx1,ON-WPP02,FlxTwr,2010, 88,2030, 401.912,CPI,20110428
Flx1,ON-WPP02,FlxTwr,2010, 88,2100, 402.450,CPI,20110428
Flx1,ON-WPP02,FlxTwr,2010, 88,2130, 402.180,CPI,20110428
Flx1,ON-WPP02,FlxTwr,2010, 88,2200, 402.505,CPI,20110428
Flx1,ON-WPP02,FlxTwr,2010, 88,2230, 402.806,CPI,20110428
Flx1,ON-WPP02,FlxTwr,2010, 88,2300, 403.126,CPI,20110428
Flx1,ON-WPP02,FlxTwr,2010, 88,2330, 403.832,CPI,20110428
Flx1,ON-WPP02,FlxTwr,2010, 88,2400, 404.687,CPI,20110428
Flx1,ON-WPP02,FlxTwr,2010, 89,  30, 405.403,CPI,20110428
Flx1,ON-WPP02,FlxTwr,2010, 89, 100, 406.135,CPI,20110428
Flx1,ON-WPP02,FlxTwr,2010, 89, 130, 407.026,CPI,20110428
Flx1,ON-WPP02,FlxTwr,2010, 89, 200, 406.201,CPI,20110428
Flx1,ON-WPP02,FlxTwr,2010, 89, 230, 410.662,CPI,20110428
Flx1,ON-WPP02,FlxTwr,2010, 89, 300, 416.826,CPI,20110428
Flx1,ON-WPP02,FlxTwr,2010, 89, 330, 416.824,CPI,20110428
Flx1,ON-WPP02,FlxTwr,2010, 89, 400, 420.496,CPI,20110428
Flx1,ON-WPP02,FlxTwr,2010, 89, 430, 421.378,CPI,20110428
Flx1,ON-WPP02,FlxTwr,2010, 89, 500, 419.027,CPI,20110428
Flx1,ON-WPP02,FlxTwr,2010, 89, 530,-999.000,CPI,20110428
Flx1,ON-WPP02,FlxTwr,2010, 89, 600, 420.703,CPI,20110428
Flx1,ON-WPP02,FlxTwr,2010, 89, 630, 424.200,CPI,20110428
Flx1,ON-WPP02,FlxTwr,2010, 89, 700, 423.439,CPI,20110428
Flx1,ON-WPP02,FlxTwr,2010, 89, 730, 424.087,CPI,20110428
Flx1,ON-WPP02,FlxTwr,2010, 89, 800, 420.259,CPI,20110428
Flx1,ON-WPP02,FlxTwr,2010, 89, 830, 421.255,CPI,20110428
Flx1,ON-WPP02,FlxTwr,2010, 89, 900, 421.798,CPI,20110428
Flx1,ON-WPP02,FlxTwr,2010, 89, 930, 419.177,CPI,20110428
Flx1,ON-WPP02,FlxTwr,2010, 89,1000, 417.567,CPI,20110428
Flx1,ON-WPP02,FlxTwr,2010, 89,1030, 416.258,CPI,20110428
Flx1,ON-WPP02,FlxTwr,2010, 89,1100, 414.992,CPI,20110428
Flx1,ON-WPP02,FlxTwr,2010, 89,1130, 413.372,CPI,20110428
Flx1,ON-WPP02,FlxTwr,2010, 89,1200, 413.037,CPI,20110428
Flx1,ON-WPP02,FlxTwr,2010, 89,1230, 413.808,CPI,20110428
Flx1,ON-WPP02,FlxTwr,2010, 89,1300, 413.301,CPI,20110428
Flx1,ON-WPP02,FlxTwr,2010, 89,1330, 412.094,CPI,20110428
Flx1,ON-WPP02,FlxTwr,2010, 89,1400, 407.958,CPI,20110428
Flx1,ON-WPP02,FlxTwr,2010, 89,1430, 404.387,CPI,20110428
Flx1,ON-WPP02,FlxTwr,2010, 89,1500, 401.922,CPI,20110428
Flx1,ON-WPP02,FlxTwr,2010, 89,1530, 400.649,CPI,20110428
Flx1,ON-WPP02,FlxTwr,2010, 89,1600, 400.436,CPI,20110428
Flx1,ON-WPP02,FlxTwr,2010, 89,1630, 399.803,CPI,20110428
Flx1,ON-WPP02,FlxTwr,2010, 89,1700, 399.663,CPI,20110428
Flx1,ON-WPP02,FlxTwr,2010, 89,1730, 400.660,CPI,20110428
Flx1,ON-WPP02,FlxTwr,2010, 89,1800, 402.764,CPI,20110428
Flx1,ON-WPP02,FlxTwr,2010, 89,1830, 402.919,CPI,20110428
Flx1,ON-WPP02,FlxTwr,2010, 89,1900, 402.952,CPI,20110428
Flx1,ON-WPP02,FlxTwr,2010, 89,1930, 402.954,CPI,20110428
Flx1,ON-WPP02,FlxTwr,2010, 89,2000, 402.348,CPI,20110428
Flx1,ON-WPP02,FlxTwr,2010, 89,2030, 401.776,CPI,20110428
Flx1,ON-WPP02,FlxTwr,2010, 89,2100, 400.821,CPI,20110428
Flx1,ON-WPP02,FlxTwr,2010, 89,2130, 399.757,CPI,20110428
Flx1,ON-WPP02,FlxTwr,2010, 89,2200, 399.649,CPI,20110428
Flx1,ON-WPP02,FlxTwr,2010, 89,2230, 400.665,CPI,20110428
Flx1,ON-WPP02,FlxTwr,2010, 89,2300, 402.333,CPI,20110428
Flx1,ON-WPP02,FlxTwr,2010, 89,2330, 403.111,CPI,20110428
Flx1,ON-WPP02,FlxTwr,2010, 89,2400, 404.375,CPI,20110428
Flx1,ON-WPP02,FlxTwr,2010, 90,  30, 404.261,CPI,20110428
Flx1,ON-WPP02,FlxTwr,2010, 90, 100, 404.166,CPI,20110428
Flx1,ON-WPP02,FlxTwr,2010, 90, 130, 404.286,CPI,20110428
Flx1,ON-WPP02,FlxTwr,2010, 90, 200, 404.515,CPI,20110428
Flx1,ON-WPP02,FlxTwr,2010, 90, 230, 405.368,CPI,20110428
Flx1,ON-WPP02,FlxTwr,2010, 90, 300, 408.255,CPI,20110428
Flx1,ON-WPP02,FlxTwr,2010, 90, 330, 407.976,CPI,20110428
Flx1,ON-WPP02,FlxTwr,2010, 90, 400, 408.303,CPI,20110428
Flx1,ON-WPP02,FlxTwr,2010, 90, 430, 409.282,CPI,20110428
Flx1,ON-WPP02,FlxTwr,2010, 90, 500, 412.181,CPI,20110428
Flx1,ON-WPP02,FlxTwr,2010, 90, 530,-999.000,CPI,20110428
Flx1,ON-WPP02,FlxTwr,2010, 90, 600, 414.393,CPI,20110428
Flx1,ON-WPP02,FlxTwr,2010, 90, 630, 415.915,CPI,20110428
Flx1,ON-WPP02,FlxTwr,2010, 90, 700, 416.181,CPI,20110428
Flx1,ON-WPP02,FlxTwr,2010, 90, 730, 414.228,CPI,20110428
Flx1,ON-WPP02,FlxTwr,2010, 90, 800, 416.340,CPI,20110428
Flx1,ON-WPP02,FlxTwr,2010, 90, 830, 416.296,CPI,20110428
Flx1,ON-WPP02,FlxTwr,2010, 90, 900, 421.083,CPI,20110428
Flx1,ON-WPP02,FlxTwr,2010, 90, 930, 420.208,CPI,20110428
Flx1,ON-WPP02,FlxTwr,2010, 90,1000, 422.380,CPI,20110428
Flx1,ON-WPP02,FlxTwr,2010, 90,1030, 428.805,CPI,20110428
Flx1,ON-WPP02,FlxTwr,2010, 90,1100, 431.981,CPI,20110428
Flx1,ON-WPP02,FlxTwr,2010, 90,1130, 429.435,CPI,20110428
Flx1,ON-WPP02,FlxTwr,2010, 90,1200, 425.631,CPI,20110428
Flx1,ON-WPP02,FlxTwr,2010, 90,1230, 428.561,CPI,20110428
Flx1,ON-WPP02,FlxTwr,2010, 90,1300, 425.324,CPI,20110428
Flx1,ON-WPP02,FlxTwr,2010, 90,1330, 416.426,CPI,20110428
Flx1,ON-WPP02,FlxTwr,2010, 90,1400, 413.114,CPI,20110428
Flx1,ON-WPP02,FlxTwr,2010, 90,1430, 407.197,CPI,20110428
Flx1,ON-WPP02,FlxTwr,2010, 90,1500, 404.010,CPI,20110428
Flx1,ON-WPP02,FlxTwr,2010, 90,1530, 403.328,CPI,20110428
Flx1,ON-WPP02,FlxTwr,2010, 90,1600, 403.655,CPI,20110428
Flx1,ON-WPP02,FlxTwr,2010, 90,1630, 403.355,CPI,20110428
Flx1,ON-WPP02,FlxTwr,2010, 90,1700, 405.339,CPI,20110428
Flx1,ON-WPP02,FlxTwr,2010, 90,1730, 404.972,CPI,20110428
Flx1,ON-WPP02,FlxTwr,2010, 90,1800, 405.479,CPI,20110428
Flx1,ON-WPP02,FlxTwr,2010, 90,1830, 405.710,CPI,20110428
Flx1,ON-WPP02,FlxTwr,2010, 90,1900, 404.066,CPI,20110428
Flx1,ON-WPP02,FlxTwr,2010, 90,1930, 404.186,CPI,20110428
Flx1,ON-WPP02,FlxTwr,2010, 90,2000, 405.631,CPI,20110428
Flx1,ON-WPP02,FlxTwr,2010, 90,2030, 408.125,CPI,20110428
Flx1,ON-WPP02,FlxTwr,2010, 90,2100, 405.948,CPI,20110428
Flx1,ON-WPP02,FlxTwr,2010, 90,2130, 401.743,CPI,20110428
Flx1,ON-WPP02,FlxTwr,2010, 90,2200, 400.800,CPI,20110428
Flx1,ON-WPP02,FlxTwr,2010, 90,2230, 400.897,CPI,20110428
Flx1,ON-WPP02,FlxTwr,2010, 90,2300, 402.690,CPI,20110428
Flx1,ON-WPP02,FlxTwr,2010, 90,2330, 405.224,CPI,20110428
Flx1,ON-WPP02,FlxTwr,2010, 90,2400, 410.398,CPI,20110428
