DataType,Site,SubSite,Year,Day,End_Time,Geonor_Precip_Clearing_2m,Geonor_CumPrecip_Clearing_2m,CertificationCode,RevisionDate
(n/a),(n/a),(n/a),(UTC),(UTC),(HrMn_UTC),(mm),(mm),(n/a),(YYYYMMDD)
Met3,ON-WPP_PPT,PPT_Stn,2009,244,  30,0.000,712.120,CPI,20110404
Met3,ON-WPP_PPT,PPT_Stn,2009,244, 100,0.000,712.120,CPI,20110404
Met3,ON-WPP_PPT,PPT_Stn,2009,244, 130,0.000,712.120,CPI,20110404
Met3,ON-WPP_PPT,PPT_Stn,2009,244, 200,0.000,712.120,CPI,20110404
Met3,ON-WPP_PPT,PPT_Stn,2009,244, 230,0.000,712.120,CPI,20110404
Met3,ON-WPP_PPT,PPT_Stn,2009,244, 300,0.000,712.120,CPI,20110404
Met3,ON-WPP_PPT,PPT_Stn,2009,244, 330,0.000,712.120,CPI,20110404
Met3,ON-WPP_PPT,PPT_Stn,2009,244, 400,0.000,712.120,CPI,20110404
Met3,ON-WPP_PPT,PPT_Stn,2009,244, 430,0.000,712.120,CPI,20110404
Met3,ON-WPP_PPT,PPT_Stn,2009,244, 500,0.000,712.120,CPI,20110404
Met3,ON-WPP_PPT,PPT_Stn,2009,244, 530,0.000,712.120,CPI,20110404
Met3,ON-WPP_PPT,PPT_Stn,2009,244, 600,0.000,712.120,CPI,20110404
Met3,ON-WPP_PPT,PPT_Stn,2009,244, 630,0.000,712.120,CPI,20110404
Met3,ON-WPP_PPT,PPT_Stn,2009,244, 700,0.000,712.120,CPI,20110404
Met3,ON-WPP_PPT,PPT_Stn,2009,244, 730,0.000,712.120,CPI,20110404
Met3,ON-WPP_PPT,PPT_Stn,2009,244, 800,0.000,712.120,CPI,20110404
Met3,ON-WPP_PPT,PPT_Stn,2009,244, 830,0.000,712.120,CPI,20110404
Met3,ON-WPP_PPT,PPT_Stn,2009,244, 900,0.000,712.120,CPI,20110404
Met3,ON-WPP_PPT,PPT_Stn,2009,244, 930,0.000,712.120,CPI,20110404
Met3,ON-WPP_PPT,PPT_Stn,2009,244,1000,0.000,712.120,CPI,20110404
Met3,ON-WPP_PPT,PPT_Stn,2009,244,1030,0.000,712.120,CPI,20110404
Met3,ON-WPP_PPT,PPT_Stn,2009,244,1100,0.000,712.120,CPI,20110404
Met3,ON-WPP_PPT,PPT_Stn,2009,244,1130,0.000,712.120,CPI,20110404
Met3,ON-WPP_PPT,PPT_Stn,2009,244,1200,0.000,712.120,CPI,20110404
Met3,ON-WPP_PPT,PPT_Stn,2009,244,1230,0.000,712.120,CPI,20110404
Met3,ON-WPP_PPT,PPT_Stn,2009,244,1300,0.000,712.120,CPI,20110404
Met3,ON-WPP_PPT,PPT_Stn,2009,244,1330,0.000,712.120,CPI,20110404
Met3,ON-WPP_PPT,PPT_Stn,2009,244,1400,0.000,712.120,CPI,20110404
Met3,ON-WPP_PPT,PPT_Stn,2009,244,1430,0.000,712.120,CPI,20110404
Met3,ON-WPP_PPT,PPT_Stn,2009,244,1500,0.000,712.120,CPI,20110404
Met3,ON-WPP_PPT,PPT_Stn,2009,244,1530,0.000,712.120,CPI,20110404
Met3,ON-WPP_PPT,PPT_Stn,2009,244,1600,0.000,712.120,CPI,20110404
Met3,ON-WPP_PPT,PPT_Stn,2009,244,1630,0.000,712.120,CPI,20110404
Met3,ON-WPP_PPT,PPT_Stn,2009,244,1700,0.000,712.120,CPI,20110404
Met3,ON-WPP_PPT,PPT_Stn,2009,244,1730,0.000,712.120,CPI,20110404
Met3,ON-WPP_PPT,PPT_Stn,2009,244,1800,0.000,712.120,CPI,20110404
Met3,ON-WPP_PPT,PPT_Stn,2009,244,1830,0.000,712.120,CPI,20110404
Met3,ON-WPP_PPT,PPT_Stn,2009,244,1900,0.000,712.120,CPI,20110404
Met3,ON-WPP_PPT,PPT_Stn,2009,244,1930,0.000,712.120,CPI,20110404
Met3,ON-WPP_PPT,PPT_Stn,2009,244,2000,0.000,712.120,CPI,20110404
Met3,ON-WPP_PPT,PPT_Stn,2009,244,2030,0.000,712.120,CPI,20110404
Met3,ON-WPP_PPT,PPT_Stn,2009,244,2100,0.000,712.120,CPI,20110404
Met3,ON-WPP_PPT,PPT_Stn,2009,244,2130,0.000,712.120,CPI,20110404
Met3,ON-WPP_PPT,PPT_Stn,2009,244,2200,0.000,712.120,CPI,20110404
Met3,ON-WPP_PPT,PPT_Stn,2009,244,2230,0.000,712.120,CPI,20110404
Met3,ON-WPP_PPT,PPT_Stn,2009,244,2300,0.000,712.120,CPI,20110404
Met3,ON-WPP_PPT,PPT_Stn,2009,244,2330,0.000,712.120,CPI,20110404
Met3,ON-WPP_PPT,PPT_Stn,2009,244,2400,0.000,712.120,CPI,20110404
Met3,ON-WPP_PPT,PPT_Stn,2009,245,  30,0.000,712.120,CPI,20110404
Met3,ON-WPP_PPT,PPT_Stn,2009,245, 100,0.000,712.120,CPI,20110404
Met3,ON-WPP_PPT,PPT_Stn,2009,245, 130,0.000,712.120,CPI,20110404
Met3,ON-WPP_PPT,PPT_Stn,2009,245, 200,0.000,712.120,CPI,20110404
Met3,ON-WPP_PPT,PPT_Stn,2009,245, 230,0.000,712.120,CPI,20110404
Met3,ON-WPP_PPT,PPT_Stn,2009,245, 300,0.000,712.120,CPI,20110404
Met3,ON-WPP_PPT,PPT_Stn,2009,245, 330,0.000,712.120,CPI,20110404
Met3,ON-WPP_PPT,PPT_Stn,2009,245, 400,0.000,712.120,CPI,20110404
Met3,ON-WPP_PPT,PPT_Stn,2009,245, 430,0.000,712.120,CPI,20110404
Met3,ON-WPP_PPT,PPT_Stn,2009,245, 500,0.000,712.120,CPI,20110404
Met3,ON-WPP_PPT,PPT_Stn,2009,245, 530,0.000,712.120,CPI,20110404
Met3,ON-WPP_PPT,PPT_Stn,2009,245, 600,0.000,712.120,CPI,20110404
Met3,ON-WPP_PPT,PPT_Stn,2009,245, 630,0.000,712.120,CPI,20110404
Met3,ON-WPP_PPT,PPT_Stn,2009,245, 700,0.000,712.120,CPI,20110404
Met3,ON-WPP_PPT,PPT_Stn,2009,245, 730,0.000,712.120,CPI,20110404
Met3,ON-WPP_PPT,PPT_Stn,2009,245, 800,0.000,712.120,CPI,20110404
Met3,ON-WPP_PPT,PPT_Stn,2009,245, 830,0.000,712.120,CPI,20110404
Met3,ON-WPP_PPT,PPT_Stn,2009,245, 900,0.000,712.120,CPI,20110404
Met3,ON-WPP_PPT,PPT_Stn,2009,245, 930,0.000,712.120,CPI,20110404
Met3,ON-WPP_PPT,PPT_Stn,2009,245,1000,0.000,712.120,CPI,20110404
Met3,ON-WPP_PPT,PPT_Stn,2009,245,1030,0.000,712.120,CPI,20110404
Met3,ON-WPP_PPT,PPT_Stn,2009,245,1100,0.000,712.120,CPI,20110404
Met3,ON-WPP_PPT,PPT_Stn,2009,245,1130,0.000,712.120,CPI,20110404
Met3,ON-WPP_PPT,PPT_Stn,2009,245,1200,0.000,712.120,CPI,20110404
Met3,ON-WPP_PPT,PPT_Stn,2009,245,1230,0.000,712.120,CPI,20110404
Met3,ON-WPP_PPT,PPT_Stn,2009,245,1300,0.000,712.120,CPI,20110404
Met3,ON-WPP_PPT,PPT_Stn,2009,245,1330,0.000,712.120,CPI,20110404
Met3,ON-WPP_PPT,PPT_Stn,2009,245,1400,0.000,712.120,CPI,20110404
Met3,ON-WPP_PPT,PPT_Stn,2009,245,1430,0.000,712.120,CPI,20110404
Met3,ON-WPP_PPT,PPT_Stn,2009,245,1500,0.000,712.120,CPI,20110404
Met3,ON-WPP_PPT,PPT_Stn,2009,245,1530,0.000,712.120,CPI,20110404
Met3,ON-WPP_PPT,PPT_Stn,2009,245,1600,0.000,712.120,CPI,20110404
Met3,ON-WPP_PPT,PPT_Stn,2009,245,1630,0.000,712.120,CPI,20110404
Met3,ON-WPP_PPT,PPT_Stn,2009,245,1700,0.000,712.120,CPI,20110404
Met3,ON-WPP_PPT,PPT_Stn,2009,245,1730,0.000,712.120,CPI,20110404
Met3,ON-WPP_PPT,PPT_Stn,2009,245,1800,0.000,712.120,CPI,20110404
Met3,ON-WPP_PPT,PPT_Stn,2009,245,1830,0.000,712.120,CPI,20110404
Met3,ON-WPP_PPT,PPT_Stn,2009,245,1900,0.000,712.120,CPI,20110404
Met3,ON-WPP_PPT,PPT_Stn,2009,245,1930,0.000,712.120,CPI,20110404
Met3,ON-WPP_PPT,PPT_Stn,2009,245,2000,0.000,712.120,CPI,20110404
Met3,ON-WPP_PPT,PPT_Stn,2009,245,2030,0.000,712.120,CPI,20110404
Met3,ON-WPP_PPT,PPT_Stn,2009,245,2100,0.000,712.120,CPI,20110404
Met3,ON-WPP_PPT,PPT_Stn,2009,245,2130,0.000,712.120,CPI,20110404
Met3,ON-WPP_PPT,PPT_Stn,2009,245,2200,0.000,712.120,CPI,20110404
Met3,ON-WPP_PPT,PPT_Stn,2009,245,2230,0.000,712.120,CPI,20110404
Met3,ON-WPP_PPT,PPT_Stn,2009,245,2300,0.000,712.120,CPI,20110404
Met3,ON-WPP_PPT,PPT_Stn,2009,245,2330,0.000,712.120,CPI,20110404
Met3,ON-WPP_PPT,PPT_Stn,2009,245,2400,0.000,712.120,CPI,20110404
Met3,ON-WPP_PPT,PPT_Stn,2009,246,  30,0.000,712.120,CPI,20110404
Met3,ON-WPP_PPT,PPT_Stn,2009,246, 100,0.000,712.120,CPI,20110404
Met3,ON-WPP_PPT,PPT_Stn,2009,246, 130,0.000,712.120,CPI,20110404
Met3,ON-WPP_PPT,PPT_Stn,2009,246, 200,0.000,712.120,CPI,20110404
Met3,ON-WPP_PPT,PPT_Stn,2009,246, 230,0.000,712.120,CPI,20110404
Met3,ON-WPP_PPT,PPT_Stn,2009,246, 300,0.000,712.120,CPI,20110404
Met3,ON-WPP_PPT,PPT_Stn,2009,246, 330,0.000,712.120,CPI,20110404
Met3,ON-WPP_PPT,PPT_Stn,2009,246, 400,0.000,712.120,CPI,20110404
Met3,ON-WPP_PPT,PPT_Stn,2009,246, 430,0.000,712.120,CPI,20110404
Met3,ON-WPP_PPT,PPT_Stn,2009,246, 500,0.000,712.120,CPI,20110404
Met3,ON-WPP_PPT,PPT_Stn,2009,246, 530,0.000,712.120,CPI,20110404
Met3,ON-WPP_PPT,PPT_Stn,2009,246, 600,0.000,712.120,CPI,20110404
Met3,ON-WPP_PPT,PPT_Stn,2009,246, 630,0.000,712.120,CPI,20110404
Met3,ON-WPP_PPT,PPT_Stn,2009,246, 700,0.000,712.120,CPI,20110404
Met3,ON-WPP_PPT,PPT_Stn,2009,246, 730,0.000,712.120,CPI,20110404
Met3,ON-WPP_PPT,PPT_Stn,2009,246, 800,0.000,712.120,CPI,20110404
Met3,ON-WPP_PPT,PPT_Stn,2009,246, 830,0.000,712.120,CPI,20110404
Met3,ON-WPP_PPT,PPT_Stn,2009,246, 900,0.000,712.120,CPI,20110404
Met3,ON-WPP_PPT,PPT_Stn,2009,246, 930,0.000,712.120,CPI,20110404
Met3,ON-WPP_PPT,PPT_Stn,2009,246,1000,0.000,712.120,CPI,20110404
Met3,ON-WPP_PPT,PPT_Stn,2009,246,1030,0.000,712.120,CPI,20110404
Met3,ON-WPP_PPT,PPT_Stn,2009,246,1100,0.000,712.120,CPI,20110404
Met3,ON-WPP_PPT,PPT_Stn,2009,246,1130,0.000,712.120,CPI,20110404
Met3,ON-WPP_PPT,PPT_Stn,2009,246,1200,0.000,712.120,CPI,20110404
Met3,ON-WPP_PPT,PPT_Stn,2009,246,1230,0.000,712.120,CPI,20110404
Met3,ON-WPP_PPT,PPT_Stn,2009,246,1300,0.000,712.120,CPI,20110404
Met3,ON-WPP_PPT,PPT_Stn,2009,246,1330,0.000,712.120,CPI,20110404
Met3,ON-WPP_PPT,PPT_Stn,2009,246,1400,0.000,712.120,CPI,20110404
Met3,ON-WPP_PPT,PPT_Stn,2009,246,1430,0.000,712.120,CPI,20110404
Met3,ON-WPP_PPT,PPT_Stn,2009,246,1500,0.000,712.120,CPI,20110404
Met3,ON-WPP_PPT,PPT_Stn,2009,246,1530,0.000,712.120,CPI,20110404
Met3,ON-WPP_PPT,PPT_Stn,2009,246,1600,0.000,712.120,CPI,20110404
Met3,ON-WPP_PPT,PPT_Stn,2009,246,1630,0.000,712.120,CPI,20110404
Met3,ON-WPP_PPT,PPT_Stn,2009,246,1700,0.000,712.120,CPI,20110404
Met3,ON-WPP_PPT,PPT_Stn,2009,246,1730,0.000,712.120,CPI,20110404
Met3,ON-WPP_PPT,PPT_Stn,2009,246,1800,0.000,712.120,CPI,20110404
Met3,ON-WPP_PPT,PPT_Stn,2009,246,1830,0.000,712.120,CPI,20110404
Met3,ON-WPP_PPT,PPT_Stn,2009,246,1900,0.000,712.120,CPI,20110404
Met3,ON-WPP_PPT,PPT_Stn,2009,246,1930,0.000,712.120,CPI,20110404
Met3,ON-WPP_PPT,PPT_Stn,2009,246,2000,0.000,712.120,CPI,20110404
Met3,ON-WPP_PPT,PPT_Stn,2009,246,2030,0.000,712.120,CPI,20110404
Met3,ON-WPP_PPT,PPT_Stn,2009,246,2100,0.000,712.120,CPI,20110404
Met3,ON-WPP_PPT,PPT_Stn,2009,246,2130,0.000,712.120,CPI,20110404
Met3,ON-WPP_PPT,PPT_Stn,2009,246,2200,0.000,712.120,CPI,20110404
Met3,ON-WPP_PPT,PPT_Stn,2009,246,2230,0.000,712.120,CPI,20110404
Met3,ON-WPP_PPT,PPT_Stn,2009,246,2300,0.000,712.120,CPI,20110404
Met3,ON-WPP_PPT,PPT_Stn,2009,246,2330,0.000,712.120,CPI,20110404
Met3,ON-WPP_PPT,PPT_Stn,2009,246,2400,0.000,712.120,CPI,20110404
Met3,ON-WPP_PPT,PPT_Stn,2009,247,  30,0.000,712.120,CPI,20110404
Met3,ON-WPP_PPT,PPT_Stn,2009,247, 100,0.000,712.120,CPI,20110404
Met3,ON-WPP_PPT,PPT_Stn,2009,247, 130,0.000,712.120,CPI,20110404
Met3,ON-WPP_PPT,PPT_Stn,2009,247, 200,0.000,712.120,CPI,20110404
Met3,ON-WPP_PPT,PPT_Stn,2009,247, 230,0.000,712.120,CPI,20110404
Met3,ON-WPP_PPT,PPT_Stn,2009,247, 300,0.000,712.120,CPI,20110404
Met3,ON-WPP_PPT,PPT_Stn,2009,247, 330,0.000,712.120,CPI,20110404
Met3,ON-WPP_PPT,PPT_Stn,2009,247, 400,0.000,712.120,CPI,20110404
Met3,ON-WPP_PPT,PPT_Stn,2009,247, 430,0.000,712.120,CPI,20110404
Met3,ON-WPP_PPT,PPT_Stn,2009,247, 500,0.000,712.120,CPI,20110404
Met3,ON-WPP_PPT,PPT_Stn,2009,247, 530,0.000,712.120,CPI,20110404
Met3,ON-WPP_PPT,PPT_Stn,2009,247, 600,0.000,712.120,CPI,20110404
Met3,ON-WPP_PPT,PPT_Stn,2009,247, 630,0.000,712.120,CPI,20110404
Met3,ON-WPP_PPT,PPT_Stn,2009,247, 700,0.000,712.120,CPI,20110404
Met3,ON-WPP_PPT,PPT_Stn,2009,247, 730,0.000,712.120,CPI,20110404
Met3,ON-WPP_PPT,PPT_Stn,2009,247, 800,0.000,712.120,CPI,20110404
Met3,ON-WPP_PPT,PPT_Stn,2009,247, 830,0.000,712.120,CPI,20110404
Met3,ON-WPP_PPT,PPT_Stn,2009,247, 900,0.000,712.120,CPI,20110404
Met3,ON-WPP_PPT,PPT_Stn,2009,247, 930,0.000,712.120,CPI,20110404
Met3,ON-WPP_PPT,PPT_Stn,2009,247,1000,0.000,712.120,CPI,20110404
Met3,ON-WPP_PPT,PPT_Stn,2009,247,1030,0.000,712.120,CPI,20110404
Met3,ON-WPP_PPT,PPT_Stn,2009,247,1100,0.000,712.120,CPI,20110404
Met3,ON-WPP_PPT,PPT_Stn,2009,247,1130,0.000,712.120,CPI,20110404
Met3,ON-WPP_PPT,PPT_Stn,2009,247,1200,0.000,712.120,CPI,20110404
Met3,ON-WPP_PPT,PPT_Stn,2009,247,1230,0.000,712.120,CPI,20110404
Met3,ON-WPP_PPT,PPT_Stn,2009,247,1300,0.000,712.120,CPI,20110404
Met3,ON-WPP_PPT,PPT_Stn,2009,247,1330,0.000,712.120,CPI,20110404
Met3,ON-WPP_PPT,PPT_Stn,2009,247,1400,0.000,712.120,CPI,20110404
Met3,ON-WPP_PPT,PPT_Stn,2009,247,1430,0.000,712.120,CPI,20110404
Met3,ON-WPP_PPT,PPT_Stn,2009,247,1500,0.000,712.120,CPI,20110404
Met3,ON-WPP_PPT,PPT_Stn,2009,247,1530,0.000,712.120,CPI,20110404
Met3,ON-WPP_PPT,PPT_Stn,2009,247,1600,0.000,712.120,CPI,20110404
Met3,ON-WPP_PPT,PPT_Stn,2009,247,1630,0.000,712.120,CPI,20110404
Met3,ON-WPP_PPT,PPT_Stn,2009,247,1700,0.000,712.120,CPI,20110404
Met3,ON-WPP_PPT,PPT_Stn,2009,247,1730,0.000,712.120,CPI,20110404
Met3,ON-WPP_PPT,PPT_Stn,2009,247,1800,0.000,712.120,CPI,20110404
Met3,ON-WPP_PPT,PPT_Stn,2009,247,1830,0.000,712.120,CPI,20110404
Met3,ON-WPP_PPT,PPT_Stn,2009,247,1900,0.000,712.120,CPI,20110404
Met3,ON-WPP_PPT,PPT_Stn,2009,247,1930,0.000,712.120,CPI,20110404
Met3,ON-WPP_PPT,PPT_Stn,2009,247,2000,0.000,712.120,CPI,20110404
Met3,ON-WPP_PPT,PPT_Stn,2009,247,2030,0.000,712.120,CPI,20110404
Met3,ON-WPP_PPT,PPT_Stn,2009,247,2100,0.000,712.120,CPI,20110404
Met3,ON-WPP_PPT,PPT_Stn,2009,247,2130,0.000,712.120,CPI,20110404
Met3,ON-WPP_PPT,PPT_Stn,2009,247,2200,0.000,712.120,CPI,20110404
Met3,ON-WPP_PPT,PPT_Stn,2009,247,2230,0.000,712.120,CPI,20110404
Met3,ON-WPP_PPT,PPT_Stn,2009,247,2300,0.000,712.120,CPI,20110404
Met3,ON-WPP_PPT,PPT_Stn,2009,247,2330,0.000,712.120,CPI,20110404
Met3,ON-WPP_PPT,PPT_Stn,2009,247,2400,0.000,712.120,CPI,20110404
Met3,ON-WPP_PPT,PPT_Stn,2009,248,  30,0.000,712.120,CPI,20110404
Met3,ON-WPP_PPT,PPT_Stn,2009,248, 100,0.000,712.120,CPI,20110404
Met3,ON-WPP_PPT,PPT_Stn,2009,248, 130,0.000,712.120,CPI,20110404
Met3,ON-WPP_PPT,PPT_Stn,2009,248, 200,0.000,712.120,CPI,20110404
Met3,ON-WPP_PPT,PPT_Stn,2009,248, 230,0.000,712.120,CPI,20110404
Met3,ON-WPP_PPT,PPT_Stn,2009,248, 300,0.000,712.120,CPI,20110404
Met3,ON-WPP_PPT,PPT_Stn,2009,248, 330,0.000,712.120,CPI,20110404
Met3,ON-WPP_PPT,PPT_Stn,2009,248, 400,0.000,712.120,CPI,20110404
Met3,ON-WPP_PPT,PPT_Stn,2009,248, 430,0.000,712.120,CPI,20110404
Met3,ON-WPP_PPT,PPT_Stn,2009,248, 500,0.000,712.120,CPI,20110404
Met3,ON-WPP_PPT,PPT_Stn,2009,248, 530,0.000,712.120,CPI,20110404
Met3,ON-WPP_PPT,PPT_Stn,2009,248, 600,0.000,712.120,CPI,20110404
Met3,ON-WPP_PPT,PPT_Stn,2009,248, 630,0.000,712.120,CPI,20110404
Met3,ON-WPP_PPT,PPT_Stn,2009,248, 700,0.000,712.120,CPI,20110404
Met3,ON-WPP_PPT,PPT_Stn,2009,248, 730,0.000,712.120,CPI,20110404
Met3,ON-WPP_PPT,PPT_Stn,2009,248, 800,0.000,712.120,CPI,20110404
Met3,ON-WPP_PPT,PPT_Stn,2009,248, 830,0.000,712.120,CPI,20110404
Met3,ON-WPP_PPT,PPT_Stn,2009,248, 900,0.000,712.120,CPI,20110404
Met3,ON-WPP_PPT,PPT_Stn,2009,248, 930,0.000,712.120,CPI,20110404
Met3,ON-WPP_PPT,PPT_Stn,2009,248,1000,0.000,712.120,CPI,20110404
Met3,ON-WPP_PPT,PPT_Stn,2009,248,1030,0.000,712.120,CPI,20110404
Met3,ON-WPP_PPT,PPT_Stn,2009,248,1100,0.000,712.120,CPI,20110404
Met3,ON-WPP_PPT,PPT_Stn,2009,248,1130,0.000,712.120,CPI,20110404
Met3,ON-WPP_PPT,PPT_Stn,2009,248,1200,0.000,712.120,CPI,20110404
Met3,ON-WPP_PPT,PPT_Stn,2009,248,1230,0.000,712.120,CPI,20110404
Met3,ON-WPP_PPT,PPT_Stn,2009,248,1300,0.000,712.120,CPI,20110404
Met3,ON-WPP_PPT,PPT_Stn,2009,248,1330,0.000,712.120,CPI,20110404
Met3,ON-WPP_PPT,PPT_Stn,2009,248,1400,0.000,712.120,CPI,20110404
Met3,ON-WPP_PPT,PPT_Stn,2009,248,1430,0.000,712.120,CPI,20110404
Met3,ON-WPP_PPT,PPT_Stn,2009,248,1500,0.000,712.120,CPI,20110404
Met3,ON-WPP_PPT,PPT_Stn,2009,248,1530,0.000,712.120,CPI,20110404
Met3,ON-WPP_PPT,PPT_Stn,2009,248,1600,0.000,712.120,CPI,20110404
Met3,ON-WPP_PPT,PPT_Stn,2009,248,1630,0.000,712.120,CPI,20110404
Met3,ON-WPP_PPT,PPT_Stn,2009,248,1700,0.000,712.120,CPI,20110404
Met3,ON-WPP_PPT,PPT_Stn,2009,248,1730,0.000,712.120,CPI,20110404
Met3,ON-WPP_PPT,PPT_Stn,2009,248,1800,0.000,712.120,CPI,20110404
Met3,ON-WPP_PPT,PPT_Stn,2009,248,1830,0.000,712.120,CPI,20110404
Met3,ON-WPP_PPT,PPT_Stn,2009,248,1900,0.000,712.120,CPI,20110404
Met3,ON-WPP_PPT,PPT_Stn,2009,248,1930,0.000,712.120,CPI,20110404
Met3,ON-WPP_PPT,PPT_Stn,2009,248,2000,0.000,712.120,CPI,20110404
Met3,ON-WPP_PPT,PPT_Stn,2009,248,2030,0.000,712.120,CPI,20110404
Met3,ON-WPP_PPT,PPT_Stn,2009,248,2100,0.000,712.120,CPI,20110404
Met3,ON-WPP_PPT,PPT_Stn,2009,248,2130,0.000,712.120,CPI,20110404
Met3,ON-WPP_PPT,PPT_Stn,2009,248,2200,0.000,712.120,CPI,20110404
Met3,ON-WPP_PPT,PPT_Stn,2009,248,2230,0.000,712.120,CPI,20110404
Met3,ON-WPP_PPT,PPT_Stn,2009,248,2300,0.000,712.120,CPI,20110404
Met3,ON-WPP_PPT,PPT_Stn,2009,248,2330,0.000,712.120,CPI,20110404
Met3,ON-WPP_PPT,PPT_Stn,2009,248,2400,0.000,712.120,CPI,20110404
Met3,ON-WPP_PPT,PPT_Stn,2009,249,  30,0.000,712.120,CPI,20110404
Met3,ON-WPP_PPT,PPT_Stn,2009,249, 100,0.000,712.120,CPI,20110404
Met3,ON-WPP_PPT,PPT_Stn,2009,249, 130,0.000,712.120,CPI,20110404
Met3,ON-WPP_PPT,PPT_Stn,2009,249, 200,0.000,712.120,CPI,20110404
Met3,ON-WPP_PPT,PPT_Stn,2009,249, 230,0.000,712.120,CPI,20110404
Met3,ON-WPP_PPT,PPT_Stn,2009,249, 300,0.000,712.120,CPI,20110404
Met3,ON-WPP_PPT,PPT_Stn,2009,249, 330,0.000,712.120,CPI,20110404
Met3,ON-WPP_PPT,PPT_Stn,2009,249, 400,0.000,712.120,CPI,20110404
Met3,ON-WPP_PPT,PPT_Stn,2009,249, 430,0.000,712.120,CPI,20110404
Met3,ON-WPP_PPT,PPT_Stn,2009,249, 500,0.000,712.120,CPI,20110404
Met3,ON-WPP_PPT,PPT_Stn,2009,249, 530,0.000,712.120,CPI,20110404
Met3,ON-WPP_PPT,PPT_Stn,2009,249, 600,0.000,712.120,CPI,20110404
Met3,ON-WPP_PPT,PPT_Stn,2009,249, 630,0.000,712.120,CPI,20110404
Met3,ON-WPP_PPT,PPT_Stn,2009,249, 700,0.000,712.120,CPI,20110404
Met3,ON-WPP_PPT,PPT_Stn,2009,249, 730,0.000,712.120,CPI,20110404
Met3,ON-WPP_PPT,PPT_Stn,2009,249, 800,0.000,712.120,CPI,20110404
Met3,ON-WPP_PPT,PPT_Stn,2009,249, 830,0.000,712.120,CPI,20110404
Met3,ON-WPP_PPT,PPT_Stn,2009,249, 900,0.000,712.120,CPI,20110404
Met3,ON-WPP_PPT,PPT_Stn,2009,249, 930,0.000,712.120,CPI,20110404
Met3,ON-WPP_PPT,PPT_Stn,2009,249,1000,0.000,712.120,CPI,20110404
Met3,ON-WPP_PPT,PPT_Stn,2009,249,1030,0.000,712.120,CPI,20110404
Met3,ON-WPP_PPT,PPT_Stn,2009,249,1100,0.000,712.120,CPI,20110404
Met3,ON-WPP_PPT,PPT_Stn,2009,249,1130,0.000,712.120,CPI,20110404
Met3,ON-WPP_PPT,PPT_Stn,2009,249,1200,0.000,712.120,CPI,20110404
Met3,ON-WPP_PPT,PPT_Stn,2009,249,1230,0.000,712.120,CPI,20110404
Met3,ON-WPP_PPT,PPT_Stn,2009,249,1300,0.000,712.120,CPI,20110404
Met3,ON-WPP_PPT,PPT_Stn,2009,249,1330,0.000,712.120,CPI,20110404
Met3,ON-WPP_PPT,PPT_Stn,2009,249,1400,0.000,712.120,CPI,20110404
Met3,ON-WPP_PPT,PPT_Stn,2009,249,1430,0.000,712.120,CPI,20110404
Met3,ON-WPP_PPT,PPT_Stn,2009,249,1500,0.000,712.120,CPI,20110404
Met3,ON-WPP_PPT,PPT_Stn,2009,249,1530,0.000,712.120,CPI,20110404
Met3,ON-WPP_PPT,PPT_Stn,2009,249,1600,0.000,712.120,CPI,20110404
Met3,ON-WPP_PPT,PPT_Stn,2009,249,1630,0.000,712.120,CPI,20110404
Met3,ON-WPP_PPT,PPT_Stn,2009,249,1700,0.000,712.120,CPI,20110404
Met3,ON-WPP_PPT,PPT_Stn,2009,249,1730,0.000,712.120,CPI,20110404
Met3,ON-WPP_PPT,PPT_Stn,2009,249,1800,0.000,712.120,CPI,20110404
Met3,ON-WPP_PPT,PPT_Stn,2009,249,1830,0.000,712.120,CPI,20110404
Met3,ON-WPP_PPT,PPT_Stn,2009,249,1900,0.000,712.120,CPI,20110404
Met3,ON-WPP_PPT,PPT_Stn,2009,249,1930,0.000,712.120,CPI,20110404
Met3,ON-WPP_PPT,PPT_Stn,2009,249,2000,0.000,712.120,CPI,20110404
Met3,ON-WPP_PPT,PPT_Stn,2009,249,2030,0.000,712.120,CPI,20110404
Met3,ON-WPP_PPT,PPT_Stn,2009,249,2100,0.000,712.120,CPI,20110404
Met3,ON-WPP_PPT,PPT_Stn,2009,249,2130,0.000,712.120,CPI,20110404
Met3,ON-WPP_PPT,PPT_Stn,2009,249,2200,0.000,712.120,CPI,20110404
Met3,ON-WPP_PPT,PPT_Stn,2009,249,2230,0.000,712.120,CPI,20110404
Met3,ON-WPP_PPT,PPT_Stn,2009,249,2300,0.000,712.120,CPI,20110404
Met3,ON-WPP_PPT,PPT_Stn,2009,249,2330,0.000,712.120,CPI,20110404
Met3,ON-WPP_PPT,PPT_Stn,2009,249,2400,0.000,712.120,CPI,20110404
Met3,ON-WPP_PPT,PPT_Stn,2009,250,  30,0.000,712.120,CPI,20110404
Met3,ON-WPP_PPT,PPT_Stn,2009,250, 100,0.000,712.120,CPI,20110404
Met3,ON-WPP_PPT,PPT_Stn,2009,250, 130,0.000,712.120,CPI,20110404
Met3,ON-WPP_PPT,PPT_Stn,2009,250, 200,0.000,712.120,CPI,20110404
Met3,ON-WPP_PPT,PPT_Stn,2009,250, 230,0.000,712.120,CPI,20110404
Met3,ON-WPP_PPT,PPT_Stn,2009,250, 300,0.000,712.120,CPI,20110404
Met3,ON-WPP_PPT,PPT_Stn,2009,250, 330,0.000,712.120,CPI,20110404
Met3,ON-WPP_PPT,PPT_Stn,2009,250, 400,0.000,712.120,CPI,20110404
Met3,ON-WPP_PPT,PPT_Stn,2009,250, 430,0.000,712.120,CPI,20110404
Met3,ON-WPP_PPT,PPT_Stn,2009,250, 500,0.000,712.120,CPI,20110404
Met3,ON-WPP_PPT,PPT_Stn,2009,250, 530,0.000,712.120,CPI,20110404
Met3,ON-WPP_PPT,PPT_Stn,2009,250, 600,0.000,712.120,CPI,20110404
Met3,ON-WPP_PPT,PPT_Stn,2009,250, 630,0.000,712.120,CPI,20110404
Met3,ON-WPP_PPT,PPT_Stn,2009,250, 700,0.000,712.120,CPI,20110404
Met3,ON-WPP_PPT,PPT_Stn,2009,250, 730,0.000,712.120,CPI,20110404
Met3,ON-WPP_PPT,PPT_Stn,2009,250, 800,0.000,712.120,CPI,20110404
Met3,ON-WPP_PPT,PPT_Stn,2009,250, 830,0.000,712.120,CPI,20110404
Met3,ON-WPP_PPT,PPT_Stn,2009,250, 900,0.000,712.120,CPI,20110404
Met3,ON-WPP_PPT,PPT_Stn,2009,250, 930,0.000,712.120,CPI,20110404
Met3,ON-WPP_PPT,PPT_Stn,2009,250,1000,0.000,712.120,CPI,20110404
Met3,ON-WPP_PPT,PPT_Stn,2009,250,1030,0.000,712.120,CPI,20110404
Met3,ON-WPP_PPT,PPT_Stn,2009,250,1100,0.000,712.120,CPI,20110404
Met3,ON-WPP_PPT,PPT_Stn,2009,250,1130,0.000,712.120,CPI,20110404
Met3,ON-WPP_PPT,PPT_Stn,2009,250,1200,0.000,712.120,CPI,20110404
Met3,ON-WPP_PPT,PPT_Stn,2009,250,1230,0.000,712.120,CPI,20110404
Met3,ON-WPP_PPT,PPT_Stn,2009,250,1300,0.000,712.120,CPI,20110404
Met3,ON-WPP_PPT,PPT_Stn,2009,250,1330,0.000,712.120,CPI,20110404
Met3,ON-WPP_PPT,PPT_Stn,2009,250,1400,0.000,712.120,CPI,20110404
Met3,ON-WPP_PPT,PPT_Stn,2009,250,1430,0.000,712.120,CPI,20110404
Met3,ON-WPP_PPT,PPT_Stn,2009,250,1500,0.000,712.120,CPI,20110404
Met3,ON-WPP_PPT,PPT_Stn,2009,250,1530,0.000,712.120,CPI,20110404
Met3,ON-WPP_PPT,PPT_Stn,2009,250,1600,0.000,712.120,CPI,20110404
Met3,ON-WPP_PPT,PPT_Stn,2009,250,1630,0.000,712.120,CPI,20110404
Met3,ON-WPP_PPT,PPT_Stn,2009,250,1700,0.000,712.120,CPI,20110404
Met3,ON-WPP_PPT,PPT_Stn,2009,250,1730,0.000,712.120,CPI,20110404
Met3,ON-WPP_PPT,PPT_Stn,2009,250,1800,0.000,712.120,CPI,20110404
Met3,ON-WPP_PPT,PPT_Stn,2009,250,1830,0.000,712.120,CPI,20110404
Met3,ON-WPP_PPT,PPT_Stn,2009,250,1900,0.000,712.120,CPI,20110404
Met3,ON-WPP_PPT,PPT_Stn,2009,250,1930,0.000,712.120,CPI,20110404
Met3,ON-WPP_PPT,PPT_Stn,2009,250,2000,0.000,712.120,CPI,20110404
Met3,ON-WPP_PPT,PPT_Stn,2009,250,2030,0.000,712.120,CPI,20110404
Met3,ON-WPP_PPT,PPT_Stn,2009,250,2100,0.000,712.120,CPI,20110404
Met3,ON-WPP_PPT,PPT_Stn,2009,250,2130,0.000,712.120,CPI,20110404
Met3,ON-WPP_PPT,PPT_Stn,2009,250,2200,0.000,712.120,CPI,20110404
Met3,ON-WPP_PPT,PPT_Stn,2009,250,2230,0.000,712.120,CPI,20110404
Met3,ON-WPP_PPT,PPT_Stn,2009,250,2300,0.000,712.120,CPI,20110404
Met3,ON-WPP_PPT,PPT_Stn,2009,250,2330,0.000,712.120,CPI,20110404
Met3,ON-WPP_PPT,PPT_Stn,2009,250,2400,0.000,712.120,CPI,20110404
Met3,ON-WPP_PPT,PPT_Stn,2009,251,  30,0.000,712.120,CPI,20110404
Met3,ON-WPP_PPT,PPT_Stn,2009,251, 100,0.000,712.120,CPI,20110404
Met3,ON-WPP_PPT,PPT_Stn,2009,251, 130,0.000,712.120,CPI,20110404
Met3,ON-WPP_PPT,PPT_Stn,2009,251, 200,0.100,712.220,CPI,20110404
Met3,ON-WPP_PPT,PPT_Stn,2009,251, 230,3.320,715.540,CPI,20110404
Met3,ON-WPP_PPT,PPT_Stn,2009,251, 300,3.770,719.310,CPI,20110404
Met3,ON-WPP_PPT,PPT_Stn,2009,251, 330,0.180,719.490,CPI,20110404
Met3,ON-WPP_PPT,PPT_Stn,2009,251, 400,0.000,719.490,CPI,20110404
Met3,ON-WPP_PPT,PPT_Stn,2009,251, 430,0.000,719.490,CPI,20110404
Met3,ON-WPP_PPT,PPT_Stn,2009,251, 500,0.000,719.490,CPI,20110404
Met3,ON-WPP_PPT,PPT_Stn,2009,251, 530,0.000,719.490,CPI,20110404
Met3,ON-WPP_PPT,PPT_Stn,2009,251, 600,0.000,719.490,CPI,20110404
Met3,ON-WPP_PPT,PPT_Stn,2009,251, 630,0.000,719.490,CPI,20110404
Met3,ON-WPP_PPT,PPT_Stn,2009,251, 700,0.000,719.490,CPI,20110404
Met3,ON-WPP_PPT,PPT_Stn,2009,251, 730,0.000,719.490,CPI,20110404
Met3,ON-WPP_PPT,PPT_Stn,2009,251, 800,0.000,719.490,CPI,20110404
Met3,ON-WPP_PPT,PPT_Stn,2009,251, 830,0.000,719.490,CPI,20110404
Met3,ON-WPP_PPT,PPT_Stn,2009,251, 900,0.000,719.490,CPI,20110404
Met3,ON-WPP_PPT,PPT_Stn,2009,251, 930,0.000,719.490,CPI,20110404
Met3,ON-WPP_PPT,PPT_Stn,2009,251,1000,0.000,719.490,CPI,20110404
Met3,ON-WPP_PPT,PPT_Stn,2009,251,1030,0.000,719.490,CPI,20110404
Met3,ON-WPP_PPT,PPT_Stn,2009,251,1100,0.000,719.490,CPI,20110404
Met3,ON-WPP_PPT,PPT_Stn,2009,251,1130,0.000,719.490,CPI,20110404
Met3,ON-WPP_PPT,PPT_Stn,2009,251,1200,0.000,719.490,CPI,20110404
Met3,ON-WPP_PPT,PPT_Stn,2009,251,1230,0.000,719.490,CPI,20110404
Met3,ON-WPP_PPT,PPT_Stn,2009,251,1300,0.000,719.490,CPI,20110404
Met3,ON-WPP_PPT,PPT_Stn,2009,251,1330,0.000,719.490,CPI,20110404
Met3,ON-WPP_PPT,PPT_Stn,2009,251,1400,0.000,719.490,CPI,20110404
Met3,ON-WPP_PPT,PPT_Stn,2009,251,1430,0.000,719.490,CPI,20110404
Met3,ON-WPP_PPT,PPT_Stn,2009,251,1500,0.000,719.490,CPI,20110404
Met3,ON-WPP_PPT,PPT_Stn,2009,251,1530,0.000,719.490,CPI,20110404
Met3,ON-WPP_PPT,PPT_Stn,2009,251,1600,0.000,719.490,CPI,20110404
Met3,ON-WPP_PPT,PPT_Stn,2009,251,1630,0.000,719.490,CPI,20110404
Met3,ON-WPP_PPT,PPT_Stn,2009,251,1700,0.000,719.490,CPI,20110404
Met3,ON-WPP_PPT,PPT_Stn,2009,251,1730,0.000,719.490,CPI,20110404
Met3,ON-WPP_PPT,PPT_Stn,2009,251,1800,0.000,719.490,CPI,20110404
Met3,ON-WPP_PPT,PPT_Stn,2009,251,1830,0.000,719.490,CPI,20110404
Met3,ON-WPP_PPT,PPT_Stn,2009,251,1900,0.000,719.490,CPI,20110404
Met3,ON-WPP_PPT,PPT_Stn,2009,251,1930,0.000,719.490,CPI,20110404
Met3,ON-WPP_PPT,PPT_Stn,2009,251,2000,0.000,719.490,CPI,20110404
Met3,ON-WPP_PPT,PPT_Stn,2009,251,2030,0.000,719.490,CPI,20110404
Met3,ON-WPP_PPT,PPT_Stn,2009,251,2100,0.000,719.490,CPI,20110404
Met3,ON-WPP_PPT,PPT_Stn,2009,251,2130,0.000,719.490,CPI,20110404
Met3,ON-WPP_PPT,PPT_Stn,2009,251,2200,0.000,719.490,CPI,20110404
Met3,ON-WPP_PPT,PPT_Stn,2009,251,2230,0.000,719.490,CPI,20110404
Met3,ON-WPP_PPT,PPT_Stn,2009,251,2300,0.000,719.490,CPI,20110404
Met3,ON-WPP_PPT,PPT_Stn,2009,251,2330,0.000,719.490,CPI,20110404
Met3,ON-WPP_PPT,PPT_Stn,2009,251,2400,0.000,719.490,CPI,20110404
Met3,ON-WPP_PPT,PPT_Stn,2009,252,  30,0.000,719.490,CPI,20110404
Met3,ON-WPP_PPT,PPT_Stn,2009,252, 100,0.000,719.490,CPI,20110404
Met3,ON-WPP_PPT,PPT_Stn,2009,252, 130,0.000,719.490,CPI,20110404
Met3,ON-WPP_PPT,PPT_Stn,2009,252, 200,0.000,719.490,CPI,20110404
Met3,ON-WPP_PPT,PPT_Stn,2009,252, 230,0.000,719.490,CPI,20110404
Met3,ON-WPP_PPT,PPT_Stn,2009,252, 300,0.000,719.490,CPI,20110404
Met3,ON-WPP_PPT,PPT_Stn,2009,252, 330,0.000,719.490,CPI,20110404
Met3,ON-WPP_PPT,PPT_Stn,2009,252, 400,0.000,719.490,CPI,20110404
Met3,ON-WPP_PPT,PPT_Stn,2009,252, 430,0.000,719.490,CPI,20110404
Met3,ON-WPP_PPT,PPT_Stn,2009,252, 500,0.000,719.490,CPI,20110404
Met3,ON-WPP_PPT,PPT_Stn,2009,252, 530,0.000,719.490,CPI,20110404
Met3,ON-WPP_PPT,PPT_Stn,2009,252, 600,0.000,719.490,CPI,20110404
Met3,ON-WPP_PPT,PPT_Stn,2009,252, 630,0.000,719.490,CPI,20110404
Met3,ON-WPP_PPT,PPT_Stn,2009,252, 700,0.000,719.490,CPI,20110404
Met3,ON-WPP_PPT,PPT_Stn,2009,252, 730,0.000,719.490,CPI,20110404
Met3,ON-WPP_PPT,PPT_Stn,2009,252, 800,0.000,719.490,CPI,20110404
Met3,ON-WPP_PPT,PPT_Stn,2009,252, 830,0.000,719.490,CPI,20110404
Met3,ON-WPP_PPT,PPT_Stn,2009,252, 900,0.000,719.490,CPI,20110404
Met3,ON-WPP_PPT,PPT_Stn,2009,252, 930,0.000,719.490,CPI,20110404
Met3,ON-WPP_PPT,PPT_Stn,2009,252,1000,0.000,719.490,CPI,20110404
Met3,ON-WPP_PPT,PPT_Stn,2009,252,1030,0.000,719.490,CPI,20110404
Met3,ON-WPP_PPT,PPT_Stn,2009,252,1100,0.000,719.490,CPI,20110404
Met3,ON-WPP_PPT,PPT_Stn,2009,252,1130,0.000,719.490,CPI,20110404
Met3,ON-WPP_PPT,PPT_Stn,2009,252,1200,0.000,719.490,CPI,20110404
Met3,ON-WPP_PPT,PPT_Stn,2009,252,1230,0.000,719.490,CPI,20110404
Met3,ON-WPP_PPT,PPT_Stn,2009,252,1300,0.000,719.490,CPI,20110404
Met3,ON-WPP_PPT,PPT_Stn,2009,252,1330,0.000,719.490,CPI,20110404
Met3,ON-WPP_PPT,PPT_Stn,2009,252,1400,0.000,719.490,CPI,20110404
Met3,ON-WPP_PPT,PPT_Stn,2009,252,1430,0.000,719.490,CPI,20110404
Met3,ON-WPP_PPT,PPT_Stn,2009,252,1500,0.000,719.490,CPI,20110404
Met3,ON-WPP_PPT,PPT_Stn,2009,252,1530,0.000,719.490,CPI,20110404
Met3,ON-WPP_PPT,PPT_Stn,2009,252,1600,0.000,719.490,CPI,20110404
Met3,ON-WPP_PPT,PPT_Stn,2009,252,1630,0.000,719.490,CPI,20110404
Met3,ON-WPP_PPT,PPT_Stn,2009,252,1700,0.000,719.490,CPI,20110404
Met3,ON-WPP_PPT,PPT_Stn,2009,252,1730,0.000,719.490,CPI,20110404
Met3,ON-WPP_PPT,PPT_Stn,2009,252,1800,0.000,719.490,CPI,20110404
Met3,ON-WPP_PPT,PPT_Stn,2009,252,1830,0.000,719.490,CPI,20110404
Met3,ON-WPP_PPT,PPT_Stn,2009,252,1900,0.000,719.490,CPI,20110404
Met3,ON-WPP_PPT,PPT_Stn,2009,252,1930,0.000,719.490,CPI,20110404
Met3,ON-WPP_PPT,PPT_Stn,2009,252,2000,0.000,719.490,CPI,20110404
Met3,ON-WPP_PPT,PPT_Stn,2009,252,2030,0.000,719.490,CPI,20110404
Met3,ON-WPP_PPT,PPT_Stn,2009,252,2100,0.000,719.490,CPI,20110404
Met3,ON-WPP_PPT,PPT_Stn,2009,252,2130,0.000,719.490,CPI,20110404
Met3,ON-WPP_PPT,PPT_Stn,2009,252,2200,0.000,719.490,CPI,20110404
Met3,ON-WPP_PPT,PPT_Stn,2009,252,2230,0.000,719.490,CPI,20110404
Met3,ON-WPP_PPT,PPT_Stn,2009,252,2300,0.000,719.490,CPI,20110404
Met3,ON-WPP_PPT,PPT_Stn,2009,252,2330,0.000,719.490,CPI,20110404
Met3,ON-WPP_PPT,PPT_Stn,2009,252,2400,0.000,719.490,CPI,20110404
Met3,ON-WPP_PPT,PPT_Stn,2009,253,  30,0.000,719.490,CPI,20110404
Met3,ON-WPP_PPT,PPT_Stn,2009,253, 100,0.000,719.490,CPI,20110404
Met3,ON-WPP_PPT,PPT_Stn,2009,253, 130,0.000,719.490,CPI,20110404
Met3,ON-WPP_PPT,PPT_Stn,2009,253, 200,0.000,719.490,CPI,20110404
Met3,ON-WPP_PPT,PPT_Stn,2009,253, 230,0.000,719.490,CPI,20110404
Met3,ON-WPP_PPT,PPT_Stn,2009,253, 300,0.000,719.490,CPI,20110404
Met3,ON-WPP_PPT,PPT_Stn,2009,253, 330,0.000,719.490,CPI,20110404
Met3,ON-WPP_PPT,PPT_Stn,2009,253, 400,0.000,719.490,CPI,20110404
Met3,ON-WPP_PPT,PPT_Stn,2009,253, 430,0.000,719.490,CPI,20110404
Met3,ON-WPP_PPT,PPT_Stn,2009,253, 500,0.000,719.490,CPI,20110404
Met3,ON-WPP_PPT,PPT_Stn,2009,253, 530,0.000,719.490,CPI,20110404
Met3,ON-WPP_PPT,PPT_Stn,2009,253, 600,0.000,719.490,CPI,20110404
Met3,ON-WPP_PPT,PPT_Stn,2009,253, 630,0.000,719.490,CPI,20110404
Met3,ON-WPP_PPT,PPT_Stn,2009,253, 700,0.000,719.490,CPI,20110404
Met3,ON-WPP_PPT,PPT_Stn,2009,253, 730,0.000,719.490,CPI,20110404
Met3,ON-WPP_PPT,PPT_Stn,2009,253, 800,0.000,719.490,CPI,20110404
Met3,ON-WPP_PPT,PPT_Stn,2009,253, 830,0.000,719.490,CPI,20110404
Met3,ON-WPP_PPT,PPT_Stn,2009,253, 900,0.000,719.490,CPI,20110404
Met3,ON-WPP_PPT,PPT_Stn,2009,253, 930,0.000,719.490,CPI,20110404
Met3,ON-WPP_PPT,PPT_Stn,2009,253,1000,0.000,719.490,CPI,20110404
Met3,ON-WPP_PPT,PPT_Stn,2009,253,1030,0.000,719.490,CPI,20110404
Met3,ON-WPP_PPT,PPT_Stn,2009,253,1100,0.000,719.490,CPI,20110404
Met3,ON-WPP_PPT,PPT_Stn,2009,253,1130,0.000,719.490,CPI,20110404
Met3,ON-WPP_PPT,PPT_Stn,2009,253,1200,0.000,719.490,CPI,20110404
Met3,ON-WPP_PPT,PPT_Stn,2009,253,1230,0.000,719.490,CPI,20110404
Met3,ON-WPP_PPT,PPT_Stn,2009,253,1300,0.000,719.490,CPI,20110404
Met3,ON-WPP_PPT,PPT_Stn,2009,253,1330,0.000,719.490,CPI,20110404
Met3,ON-WPP_PPT,PPT_Stn,2009,253,1400,0.000,719.490,CPI,20110404
Met3,ON-WPP_PPT,PPT_Stn,2009,253,1430,0.000,719.490,CPI,20110404
Met3,ON-WPP_PPT,PPT_Stn,2009,253,1500,0.000,719.490,CPI,20110404
Met3,ON-WPP_PPT,PPT_Stn,2009,253,1530,0.000,719.490,CPI,20110404
Met3,ON-WPP_PPT,PPT_Stn,2009,253,1600,0.000,719.490,CPI,20110404
Met3,ON-WPP_PPT,PPT_Stn,2009,253,1630,0.000,719.490,CPI,20110404
Met3,ON-WPP_PPT,PPT_Stn,2009,253,1700,0.000,719.490,CPI,20110404
Met3,ON-WPP_PPT,PPT_Stn,2009,253,1730,0.000,719.490,CPI,20110404
Met3,ON-WPP_PPT,PPT_Stn,2009,253,1800,0.000,719.490,CPI,20110404
Met3,ON-WPP_PPT,PPT_Stn,2009,253,1830,0.000,719.490,CPI,20110404
Met3,ON-WPP_PPT,PPT_Stn,2009,253,1900,0.000,719.490,CPI,20110404
Met3,ON-WPP_PPT,PPT_Stn,2009,253,1930,0.000,719.490,CPI,20110404
Met3,ON-WPP_PPT,PPT_Stn,2009,253,2000,0.000,719.490,CPI,20110404
Met3,ON-WPP_PPT,PPT_Stn,2009,253,2030,0.000,719.490,CPI,20110404
Met3,ON-WPP_PPT,PPT_Stn,2009,253,2100,0.000,719.490,CPI,20110404
Met3,ON-WPP_PPT,PPT_Stn,2009,253,2130,0.000,719.490,CPI,20110404
Met3,ON-WPP_PPT,PPT_Stn,2009,253,2200,0.000,719.490,CPI,20110404
Met3,ON-WPP_PPT,PPT_Stn,2009,253,2230,0.000,719.490,CPI,20110404
Met3,ON-WPP_PPT,PPT_Stn,2009,253,2300,0.000,719.490,CPI,20110404
Met3,ON-WPP_PPT,PPT_Stn,2009,253,2330,0.000,719.490,CPI,20110404
Met3,ON-WPP_PPT,PPT_Stn,2009,253,2400,0.000,719.490,CPI,20110404
Met3,ON-WPP_PPT,PPT_Stn,2009,254,  30,0.000,719.490,CPI,20110404
Met3,ON-WPP_PPT,PPT_Stn,2009,254, 100,0.000,719.490,CPI,20110404
Met3,ON-WPP_PPT,PPT_Stn,2009,254, 130,0.000,719.490,CPI,20110404
Met3,ON-WPP_PPT,PPT_Stn,2009,254, 200,0.000,719.490,CPI,20110404
Met3,ON-WPP_PPT,PPT_Stn,2009,254, 230,0.000,719.490,CPI,20110404
Met3,ON-WPP_PPT,PPT_Stn,2009,254, 300,0.000,719.490,CPI,20110404
Met3,ON-WPP_PPT,PPT_Stn,2009,254, 330,0.000,719.490,CPI,20110404
Met3,ON-WPP_PPT,PPT_Stn,2009,254, 400,0.000,719.490,CPI,20110404
Met3,ON-WPP_PPT,PPT_Stn,2009,254, 430,0.000,719.490,CPI,20110404
Met3,ON-WPP_PPT,PPT_Stn,2009,254, 500,0.000,719.490,CPI,20110404
Met3,ON-WPP_PPT,PPT_Stn,2009,254, 530,0.000,719.490,CPI,20110404
Met3,ON-WPP_PPT,PPT_Stn,2009,254, 600,0.000,719.490,CPI,20110404
Met3,ON-WPP_PPT,PPT_Stn,2009,254, 630,0.000,719.490,CPI,20110404
Met3,ON-WPP_PPT,PPT_Stn,2009,254, 700,0.000,719.490,CPI,20110404
Met3,ON-WPP_PPT,PPT_Stn,2009,254, 730,0.000,719.490,CPI,20110404
Met3,ON-WPP_PPT,PPT_Stn,2009,254, 800,0.000,719.490,CPI,20110404
Met3,ON-WPP_PPT,PPT_Stn,2009,254, 830,0.000,719.490,CPI,20110404
Met3,ON-WPP_PPT,PPT_Stn,2009,254, 900,0.000,719.490,CPI,20110404
Met3,ON-WPP_PPT,PPT_Stn,2009,254, 930,0.000,719.490,CPI,20110404
Met3,ON-WPP_PPT,PPT_Stn,2009,254,1000,0.000,719.490,CPI,20110404
Met3,ON-WPP_PPT,PPT_Stn,2009,254,1030,0.000,719.490,CPI,20110404
Met3,ON-WPP_PPT,PPT_Stn,2009,254,1100,0.000,719.490,CPI,20110404
Met3,ON-WPP_PPT,PPT_Stn,2009,254,1130,0.000,719.490,CPI,20110404
Met3,ON-WPP_PPT,PPT_Stn,2009,254,1200,0.000,719.490,CPI,20110404
Met3,ON-WPP_PPT,PPT_Stn,2009,254,1230,0.000,719.490,CPI,20110404
Met3,ON-WPP_PPT,PPT_Stn,2009,254,1300,0.000,719.490,CPI,20110404
Met3,ON-WPP_PPT,PPT_Stn,2009,254,1330,0.000,719.490,CPI,20110404
Met3,ON-WPP_PPT,PPT_Stn,2009,254,1400,0.000,719.490,CPI,20110404
Met3,ON-WPP_PPT,PPT_Stn,2009,254,1430,0.000,719.490,CPI,20110404
Met3,ON-WPP_PPT,PPT_Stn,2009,254,1500,0.000,719.490,CPI,20110404
Met3,ON-WPP_PPT,PPT_Stn,2009,254,1530,0.000,719.490,CPI,20110404
Met3,ON-WPP_PPT,PPT_Stn,2009,254,1600,0.000,719.490,CPI,20110404
Met3,ON-WPP_PPT,PPT_Stn,2009,254,1630,0.000,719.490,CPI,20110404
Met3,ON-WPP_PPT,PPT_Stn,2009,254,1700,0.000,719.490,CPI,20110404
Met3,ON-WPP_PPT,PPT_Stn,2009,254,1730,0.000,719.490,CPI,20110404
Met3,ON-WPP_PPT,PPT_Stn,2009,254,1800,0.000,719.490,CPI,20110404
Met3,ON-WPP_PPT,PPT_Stn,2009,254,1830,0.000,719.490,CPI,20110404
Met3,ON-WPP_PPT,PPT_Stn,2009,254,1900,0.000,719.490,CPI,20110404
Met3,ON-WPP_PPT,PPT_Stn,2009,254,1930,0.000,719.490,CPI,20110404
Met3,ON-WPP_PPT,PPT_Stn,2009,254,2000,0.000,719.490,CPI,20110404
Met3,ON-WPP_PPT,PPT_Stn,2009,254,2030,0.000,719.490,CPI,20110404
Met3,ON-WPP_PPT,PPT_Stn,2009,254,2100,0.000,719.490,CPI,20110404
Met3,ON-WPP_PPT,PPT_Stn,2009,254,2130,0.000,719.490,CPI,20110404
Met3,ON-WPP_PPT,PPT_Stn,2009,254,2200,0.000,719.490,CPI,20110404
Met3,ON-WPP_PPT,PPT_Stn,2009,254,2230,0.000,719.490,CPI,20110404
Met3,ON-WPP_PPT,PPT_Stn,2009,254,2300,0.000,719.490,CPI,20110404
Met3,ON-WPP_PPT,PPT_Stn,2009,254,2330,0.000,719.490,CPI,20110404
Met3,ON-WPP_PPT,PPT_Stn,2009,254,2400,0.000,719.490,CPI,20110404
Met3,ON-WPP_PPT,PPT_Stn,2009,255,  30,0.000,719.490,CPI,20110404
Met3,ON-WPP_PPT,PPT_Stn,2009,255, 100,0.000,719.490,CPI,20110404
Met3,ON-WPP_PPT,PPT_Stn,2009,255, 130,0.000,719.490,CPI,20110404
Met3,ON-WPP_PPT,PPT_Stn,2009,255, 200,0.000,719.490,CPI,20110404
Met3,ON-WPP_PPT,PPT_Stn,2009,255, 230,0.000,719.490,CPI,20110404
Met3,ON-WPP_PPT,PPT_Stn,2009,255, 300,0.000,719.490,CPI,20110404
Met3,ON-WPP_PPT,PPT_Stn,2009,255, 330,0.000,719.490,CPI,20110404
Met3,ON-WPP_PPT,PPT_Stn,2009,255, 400,0.000,719.490,CPI,20110404
Met3,ON-WPP_PPT,PPT_Stn,2009,255, 430,0.000,719.490,CPI,20110404
Met3,ON-WPP_PPT,PPT_Stn,2009,255, 500,0.000,719.490,CPI,20110404
Met3,ON-WPP_PPT,PPT_Stn,2009,255, 530,0.000,719.490,CPI,20110404
Met3,ON-WPP_PPT,PPT_Stn,2009,255, 600,0.000,719.490,CPI,20110404
Met3,ON-WPP_PPT,PPT_Stn,2009,255, 630,0.000,719.490,CPI,20110404
Met3,ON-WPP_PPT,PPT_Stn,2009,255, 700,0.000,719.490,CPI,20110404
Met3,ON-WPP_PPT,PPT_Stn,2009,255, 730,0.000,719.490,CPI,20110404
Met3,ON-WPP_PPT,PPT_Stn,2009,255, 800,0.000,719.490,CPI,20110404
Met3,ON-WPP_PPT,PPT_Stn,2009,255, 830,0.000,719.490,CPI,20110404
Met3,ON-WPP_PPT,PPT_Stn,2009,255, 900,0.000,719.490,CPI,20110404
Met3,ON-WPP_PPT,PPT_Stn,2009,255, 930,0.000,719.490,CPI,20110404
Met3,ON-WPP_PPT,PPT_Stn,2009,255,1000,0.000,719.490,CPI,20110404
Met3,ON-WPP_PPT,PPT_Stn,2009,255,1030,0.000,719.490,CPI,20110404
Met3,ON-WPP_PPT,PPT_Stn,2009,255,1100,0.000,719.490,CPI,20110404
Met3,ON-WPP_PPT,PPT_Stn,2009,255,1130,0.000,719.490,CPI,20110404
Met3,ON-WPP_PPT,PPT_Stn,2009,255,1200,0.000,719.490,CPI,20110404
Met3,ON-WPP_PPT,PPT_Stn,2009,255,1230,0.000,719.490,CPI,20110404
Met3,ON-WPP_PPT,PPT_Stn,2009,255,1300,0.000,719.490,CPI,20110404
Met3,ON-WPP_PPT,PPT_Stn,2009,255,1330,0.000,719.490,CPI,20110404
Met3,ON-WPP_PPT,PPT_Stn,2009,255,1400,0.000,719.490,CPI,20110404
Met3,ON-WPP_PPT,PPT_Stn,2009,255,1430,0.000,719.490,CPI,20110404
Met3,ON-WPP_PPT,PPT_Stn,2009,255,1500,0.000,719.490,CPI,20110404
Met3,ON-WPP_PPT,PPT_Stn,2009,255,1530,0.000,719.490,CPI,20110404
Met3,ON-WPP_PPT,PPT_Stn,2009,255,1600,0.000,719.490,CPI,20110404
Met3,ON-WPP_PPT,PPT_Stn,2009,255,1630,0.000,719.490,CPI,20110404
Met3,ON-WPP_PPT,PPT_Stn,2009,255,1700,0.000,719.490,CPI,20110404
Met3,ON-WPP_PPT,PPT_Stn,2009,255,1730,0.000,719.490,CPI,20110404
Met3,ON-WPP_PPT,PPT_Stn,2009,255,1800,0.000,719.490,CPI,20110404
Met3,ON-WPP_PPT,PPT_Stn,2009,255,1830,0.000,719.490,CPI,20110404
Met3,ON-WPP_PPT,PPT_Stn,2009,255,1900,0.000,719.490,CPI,20110404
Met3,ON-WPP_PPT,PPT_Stn,2009,255,1930,0.000,719.490,CPI,20110404
Met3,ON-WPP_PPT,PPT_Stn,2009,255,2000,0.000,719.490,CPI,20110404
Met3,ON-WPP_PPT,PPT_Stn,2009,255,2030,0.000,719.490,CPI,20110404
Met3,ON-WPP_PPT,PPT_Stn,2009,255,2100,0.000,719.490,CPI,20110404
Met3,ON-WPP_PPT,PPT_Stn,2009,255,2130,0.000,719.490,CPI,20110404
Met3,ON-WPP_PPT,PPT_Stn,2009,255,2200,0.000,719.490,CPI,20110404
Met3,ON-WPP_PPT,PPT_Stn,2009,255,2230,0.000,719.490,CPI,20110404
Met3,ON-WPP_PPT,PPT_Stn,2009,255,2300,0.000,719.490,CPI,20110404
Met3,ON-WPP_PPT,PPT_Stn,2009,255,2330,0.000,719.490,CPI,20110404
Met3,ON-WPP_PPT,PPT_Stn,2009,255,2400,0.000,719.490,CPI,20110404
Met3,ON-WPP_PPT,PPT_Stn,2009,256,  30,0.000,719.490,CPI,20110404
Met3,ON-WPP_PPT,PPT_Stn,2009,256, 100,0.000,719.490,CPI,20110404
Met3,ON-WPP_PPT,PPT_Stn,2009,256, 130,0.000,719.490,CPI,20110404
Met3,ON-WPP_PPT,PPT_Stn,2009,256, 200,0.000,719.490,CPI,20110404
Met3,ON-WPP_PPT,PPT_Stn,2009,256, 230,0.000,719.490,CPI,20110404
Met3,ON-WPP_PPT,PPT_Stn,2009,256, 300,0.000,719.490,CPI,20110404
Met3,ON-WPP_PPT,PPT_Stn,2009,256, 330,0.000,719.490,CPI,20110404
Met3,ON-WPP_PPT,PPT_Stn,2009,256, 400,0.000,719.490,CPI,20110404
Met3,ON-WPP_PPT,PPT_Stn,2009,256, 430,0.000,719.490,CPI,20110404
Met3,ON-WPP_PPT,PPT_Stn,2009,256, 500,0.000,719.490,CPI,20110404
Met3,ON-WPP_PPT,PPT_Stn,2009,256, 530,0.000,719.490,CPI,20110404
Met3,ON-WPP_PPT,PPT_Stn,2009,256, 600,0.000,719.490,CPI,20110404
Met3,ON-WPP_PPT,PPT_Stn,2009,256, 630,0.000,719.490,CPI,20110404
Met3,ON-WPP_PPT,PPT_Stn,2009,256, 700,0.000,719.490,CPI,20110404
Met3,ON-WPP_PPT,PPT_Stn,2009,256, 730,0.000,719.490,CPI,20110404
Met3,ON-WPP_PPT,PPT_Stn,2009,256, 800,0.000,719.490,CPI,20110404
Met3,ON-WPP_PPT,PPT_Stn,2009,256, 830,0.000,719.490,CPI,20110404
Met3,ON-WPP_PPT,PPT_Stn,2009,256, 900,0.000,719.490,CPI,20110404
Met3,ON-WPP_PPT,PPT_Stn,2009,256, 930,0.000,719.490,CPI,20110404
Met3,ON-WPP_PPT,PPT_Stn,2009,256,1000,0.000,719.490,CPI,20110404
Met3,ON-WPP_PPT,PPT_Stn,2009,256,1030,0.000,719.490,CPI,20110404
Met3,ON-WPP_PPT,PPT_Stn,2009,256,1100,0.000,719.490,CPI,20110404
Met3,ON-WPP_PPT,PPT_Stn,2009,256,1130,0.000,719.490,CPI,20110404
Met3,ON-WPP_PPT,PPT_Stn,2009,256,1200,0.000,719.490,CPI,20110404
Met3,ON-WPP_PPT,PPT_Stn,2009,256,1230,0.000,719.490,CPI,20110404
Met3,ON-WPP_PPT,PPT_Stn,2009,256,1300,0.000,719.490,CPI,20110404
Met3,ON-WPP_PPT,PPT_Stn,2009,256,1330,0.000,719.490,CPI,20110404
Met3,ON-WPP_PPT,PPT_Stn,2009,256,1400,0.000,719.490,CPI,20110404
Met3,ON-WPP_PPT,PPT_Stn,2009,256,1430,0.000,719.490,CPI,20110404
Met3,ON-WPP_PPT,PPT_Stn,2009,256,1500,0.000,719.490,CPI,20110404
Met3,ON-WPP_PPT,PPT_Stn,2009,256,1530,0.000,719.490,CPI,20110404
Met3,ON-WPP_PPT,PPT_Stn,2009,256,1600,0.000,719.490,CPI,20110404
Met3,ON-WPP_PPT,PPT_Stn,2009,256,1630,0.000,719.490,CPI,20110404
Met3,ON-WPP_PPT,PPT_Stn,2009,256,1700,0.000,719.490,CPI,20110404
Met3,ON-WPP_PPT,PPT_Stn,2009,256,1730,0.000,719.490,CPI,20110404
Met3,ON-WPP_PPT,PPT_Stn,2009,256,1800,0.000,719.490,CPI,20110404
Met3,ON-WPP_PPT,PPT_Stn,2009,256,1830,0.000,719.490,CPI,20110404
Met3,ON-WPP_PPT,PPT_Stn,2009,256,1900,0.000,719.490,CPI,20110404
Met3,ON-WPP_PPT,PPT_Stn,2009,256,1930,0.000,719.490,CPI,20110404
Met3,ON-WPP_PPT,PPT_Stn,2009,256,2000,0.000,719.490,CPI,20110404
Met3,ON-WPP_PPT,PPT_Stn,2009,256,2030,0.000,719.490,CPI,20110404
Met3,ON-WPP_PPT,PPT_Stn,2009,256,2100,0.000,719.490,CPI,20110404
Met3,ON-WPP_PPT,PPT_Stn,2009,256,2130,0.000,719.490,CPI,20110404
Met3,ON-WPP_PPT,PPT_Stn,2009,256,2200,0.000,719.490,CPI,20110404
Met3,ON-WPP_PPT,PPT_Stn,2009,256,2230,0.000,719.490,CPI,20110404
Met3,ON-WPP_PPT,PPT_Stn,2009,256,2300,0.000,719.490,CPI,20110404
Met3,ON-WPP_PPT,PPT_Stn,2009,256,2330,0.000,719.490,CPI,20110404
Met3,ON-WPP_PPT,PPT_Stn,2009,256,2400,0.000,719.490,CPI,20110404
Met3,ON-WPP_PPT,PPT_Stn,2009,257,  30,0.000,719.490,CPI,20110404
Met3,ON-WPP_PPT,PPT_Stn,2009,257, 100,0.000,719.490,CPI,20110404
Met3,ON-WPP_PPT,PPT_Stn,2009,257, 130,0.000,719.490,CPI,20110404
Met3,ON-WPP_PPT,PPT_Stn,2009,257, 200,0.000,719.490,CPI,20110404
Met3,ON-WPP_PPT,PPT_Stn,2009,257, 230,0.000,719.490,CPI,20110404
Met3,ON-WPP_PPT,PPT_Stn,2009,257, 300,0.000,719.490,CPI,20110404
Met3,ON-WPP_PPT,PPT_Stn,2009,257, 330,0.000,719.490,CPI,20110404
Met3,ON-WPP_PPT,PPT_Stn,2009,257, 400,0.000,719.490,CPI,20110404
Met3,ON-WPP_PPT,PPT_Stn,2009,257, 430,0.000,719.490,CPI,20110404
Met3,ON-WPP_PPT,PPT_Stn,2009,257, 500,0.000,719.490,CPI,20110404
Met3,ON-WPP_PPT,PPT_Stn,2009,257, 530,0.000,719.490,CPI,20110404
Met3,ON-WPP_PPT,PPT_Stn,2009,257, 600,0.000,719.490,CPI,20110404
Met3,ON-WPP_PPT,PPT_Stn,2009,257, 630,0.000,719.490,CPI,20110404
Met3,ON-WPP_PPT,PPT_Stn,2009,257, 700,0.000,719.490,CPI,20110404
Met3,ON-WPP_PPT,PPT_Stn,2009,257, 730,0.000,719.490,CPI,20110404
Met3,ON-WPP_PPT,PPT_Stn,2009,257, 800,0.000,719.490,CPI,20110404
Met3,ON-WPP_PPT,PPT_Stn,2009,257, 830,0.000,719.490,CPI,20110404
Met3,ON-WPP_PPT,PPT_Stn,2009,257, 900,0.000,719.490,CPI,20110404
Met3,ON-WPP_PPT,PPT_Stn,2009,257, 930,0.000,719.490,CPI,20110404
Met3,ON-WPP_PPT,PPT_Stn,2009,257,1000,0.000,719.490,CPI,20110404
Met3,ON-WPP_PPT,PPT_Stn,2009,257,1030,0.000,719.490,CPI,20110404
Met3,ON-WPP_PPT,PPT_Stn,2009,257,1100,0.000,719.490,CPI,20110404
Met3,ON-WPP_PPT,PPT_Stn,2009,257,1130,0.000,719.490,CPI,20110404
Met3,ON-WPP_PPT,PPT_Stn,2009,257,1200,0.000,719.490,CPI,20110404
Met3,ON-WPP_PPT,PPT_Stn,2009,257,1230,0.000,719.490,CPI,20110404
Met3,ON-WPP_PPT,PPT_Stn,2009,257,1300,0.000,719.490,CPI,20110404
Met3,ON-WPP_PPT,PPT_Stn,2009,257,1330,0.000,719.490,CPI,20110404
Met3,ON-WPP_PPT,PPT_Stn,2009,257,1400,0.000,719.490,CPI,20110404
Met3,ON-WPP_PPT,PPT_Stn,2009,257,1430,0.000,719.490,CPI,20110404
Met3,ON-WPP_PPT,PPT_Stn,2009,257,1500,0.000,719.490,CPI,20110404
Met3,ON-WPP_PPT,PPT_Stn,2009,257,1530,0.000,719.490,CPI,20110404
Met3,ON-WPP_PPT,PPT_Stn,2009,257,1600,0.000,719.490,CPI,20110404
Met3,ON-WPP_PPT,PPT_Stn,2009,257,1630,0.000,719.490,CPI,20110404
Met3,ON-WPP_PPT,PPT_Stn,2009,257,1700,0.000,719.490,CPI,20110404
Met3,ON-WPP_PPT,PPT_Stn,2009,257,1730,0.000,719.490,CPI,20110404
Met3,ON-WPP_PPT,PPT_Stn,2009,257,1800,0.000,719.490,CPI,20110404
Met3,ON-WPP_PPT,PPT_Stn,2009,257,1830,0.000,719.490,CPI,20110404
Met3,ON-WPP_PPT,PPT_Stn,2009,257,1900,0.000,719.490,CPI,20110404
Met3,ON-WPP_PPT,PPT_Stn,2009,257,1930,0.000,719.490,CPI,20110404
Met3,ON-WPP_PPT,PPT_Stn,2009,257,2000,0.000,719.490,CPI,20110404
Met3,ON-WPP_PPT,PPT_Stn,2009,257,2030,0.000,719.490,CPI,20110404
Met3,ON-WPP_PPT,PPT_Stn,2009,257,2100,0.000,719.490,CPI,20110404
Met3,ON-WPP_PPT,PPT_Stn,2009,257,2130,0.000,719.490,CPI,20110404
Met3,ON-WPP_PPT,PPT_Stn,2009,257,2200,0.000,719.490,CPI,20110404
Met3,ON-WPP_PPT,PPT_Stn,2009,257,2230,0.000,719.490,CPI,20110404
Met3,ON-WPP_PPT,PPT_Stn,2009,257,2300,0.000,719.490,CPI,20110404
Met3,ON-WPP_PPT,PPT_Stn,2009,257,2330,0.000,719.490,CPI,20110404
Met3,ON-WPP_PPT,PPT_Stn,2009,257,2400,0.000,719.490,CPI,20110404
Met3,ON-WPP_PPT,PPT_Stn,2009,258,  30,0.000,719.490,CPI,20110404
Met3,ON-WPP_PPT,PPT_Stn,2009,258, 100,0.000,719.490,CPI,20110404
Met3,ON-WPP_PPT,PPT_Stn,2009,258, 130,0.000,719.490,CPI,20110404
Met3,ON-WPP_PPT,PPT_Stn,2009,258, 200,0.000,719.490,CPI,20110404
Met3,ON-WPP_PPT,PPT_Stn,2009,258, 230,0.000,719.490,CPI,20110404
Met3,ON-WPP_PPT,PPT_Stn,2009,258, 300,0.000,719.490,CPI,20110404
Met3,ON-WPP_PPT,PPT_Stn,2009,258, 330,0.000,719.490,CPI,20110404
Met3,ON-WPP_PPT,PPT_Stn,2009,258, 400,0.000,719.490,CPI,20110404
Met3,ON-WPP_PPT,PPT_Stn,2009,258, 430,0.000,719.490,CPI,20110404
Met3,ON-WPP_PPT,PPT_Stn,2009,258, 500,0.000,719.490,CPI,20110404
Met3,ON-WPP_PPT,PPT_Stn,2009,258, 530,0.000,719.490,CPI,20110404
Met3,ON-WPP_PPT,PPT_Stn,2009,258, 600,0.000,719.490,CPI,20110404
Met3,ON-WPP_PPT,PPT_Stn,2009,258, 630,0.000,719.490,CPI,20110404
Met3,ON-WPP_PPT,PPT_Stn,2009,258, 700,0.000,719.490,CPI,20110404
Met3,ON-WPP_PPT,PPT_Stn,2009,258, 730,0.000,719.490,CPI,20110404
Met3,ON-WPP_PPT,PPT_Stn,2009,258, 800,0.000,719.490,CPI,20110404
Met3,ON-WPP_PPT,PPT_Stn,2009,258, 830,0.000,719.490,CPI,20110404
Met3,ON-WPP_PPT,PPT_Stn,2009,258, 900,0.000,719.490,CPI,20110404
Met3,ON-WPP_PPT,PPT_Stn,2009,258, 930,0.000,719.490,CPI,20110404
Met3,ON-WPP_PPT,PPT_Stn,2009,258,1000,0.000,719.490,CPI,20110404
Met3,ON-WPP_PPT,PPT_Stn,2009,258,1030,0.000,719.490,CPI,20110404
Met3,ON-WPP_PPT,PPT_Stn,2009,258,1100,0.000,719.490,CPI,20110404
Met3,ON-WPP_PPT,PPT_Stn,2009,258,1130,0.000,719.490,CPI,20110404
Met3,ON-WPP_PPT,PPT_Stn,2009,258,1200,0.000,719.490,CPI,20110404
Met3,ON-WPP_PPT,PPT_Stn,2009,258,1230,0.000,719.490,CPI,20110404
Met3,ON-WPP_PPT,PPT_Stn,2009,258,1300,0.000,719.490,CPI,20110404
Met3,ON-WPP_PPT,PPT_Stn,2009,258,1330,0.000,719.490,CPI,20110404
Met3,ON-WPP_PPT,PPT_Stn,2009,258,1400,0.000,719.490,CPI,20110404
Met3,ON-WPP_PPT,PPT_Stn,2009,258,1430,0.000,719.490,CPI,20110404
Met3,ON-WPP_PPT,PPT_Stn,2009,258,1500,0.000,719.490,CPI,20110404
Met3,ON-WPP_PPT,PPT_Stn,2009,258,1530,0.000,719.490,CPI,20110404
Met3,ON-WPP_PPT,PPT_Stn,2009,258,1600,0.000,719.490,CPI,20110404
Met3,ON-WPP_PPT,PPT_Stn,2009,258,1630,0.000,719.490,CPI,20110404
Met3,ON-WPP_PPT,PPT_Stn,2009,258,1700,0.000,719.490,CPI,20110404
Met3,ON-WPP_PPT,PPT_Stn,2009,258,1730,0.000,719.490,CPI,20110404
Met3,ON-WPP_PPT,PPT_Stn,2009,258,1800,0.000,719.490,CPI,20110404
Met3,ON-WPP_PPT,PPT_Stn,2009,258,1830,0.000,719.490,CPI,20110404
Met3,ON-WPP_PPT,PPT_Stn,2009,258,1900,0.000,719.490,CPI,20110404
Met3,ON-WPP_PPT,PPT_Stn,2009,258,1930,0.000,719.490,CPI,20110404
Met3,ON-WPP_PPT,PPT_Stn,2009,258,2000,0.000,719.490,CPI,20110404
Met3,ON-WPP_PPT,PPT_Stn,2009,258,2030,0.000,719.490,CPI,20110404
Met3,ON-WPP_PPT,PPT_Stn,2009,258,2100,0.000,719.490,CPI,20110404
Met3,ON-WPP_PPT,PPT_Stn,2009,258,2130,0.000,719.490,CPI,20110404
Met3,ON-WPP_PPT,PPT_Stn,2009,258,2200,0.000,719.490,CPI,20110404
Met3,ON-WPP_PPT,PPT_Stn,2009,258,2230,0.000,719.490,CPI,20110404
Met3,ON-WPP_PPT,PPT_Stn,2009,258,2300,0.000,719.490,CPI,20110404
Met3,ON-WPP_PPT,PPT_Stn,2009,258,2330,0.000,719.490,CPI,20110404
Met3,ON-WPP_PPT,PPT_Stn,2009,258,2400,0.000,719.490,CPI,20110404
Met3,ON-WPP_PPT,PPT_Stn,2009,259,  30,0.000,719.490,CPI,20110404
Met3,ON-WPP_PPT,PPT_Stn,2009,259, 100,0.000,719.490,CPI,20110404
Met3,ON-WPP_PPT,PPT_Stn,2009,259, 130,0.000,719.490,CPI,20110404
Met3,ON-WPP_PPT,PPT_Stn,2009,259, 200,0.000,719.490,CPI,20110404
Met3,ON-WPP_PPT,PPT_Stn,2009,259, 230,0.000,719.490,CPI,20110404
Met3,ON-WPP_PPT,PPT_Stn,2009,259, 300,0.000,719.490,CPI,20110404
Met3,ON-WPP_PPT,PPT_Stn,2009,259, 330,0.000,719.490,CPI,20110404
Met3,ON-WPP_PPT,PPT_Stn,2009,259, 400,0.000,719.490,CPI,20110404
Met3,ON-WPP_PPT,PPT_Stn,2009,259, 430,0.000,719.490,CPI,20110404
Met3,ON-WPP_PPT,PPT_Stn,2009,259, 500,0.000,719.490,CPI,20110404
Met3,ON-WPP_PPT,PPT_Stn,2009,259, 530,0.000,719.490,CPI,20110404
Met3,ON-WPP_PPT,PPT_Stn,2009,259, 600,0.000,719.490,CPI,20110404
Met3,ON-WPP_PPT,PPT_Stn,2009,259, 630,0.000,719.490,CPI,20110404
Met3,ON-WPP_PPT,PPT_Stn,2009,259, 700,0.000,719.490,CPI,20110404
Met3,ON-WPP_PPT,PPT_Stn,2009,259, 730,0.000,719.490,CPI,20110404
Met3,ON-WPP_PPT,PPT_Stn,2009,259, 800,0.000,719.490,CPI,20110404
Met3,ON-WPP_PPT,PPT_Stn,2009,259, 830,0.000,719.490,CPI,20110404
Met3,ON-WPP_PPT,PPT_Stn,2009,259, 900,0.000,719.490,CPI,20110404
Met3,ON-WPP_PPT,PPT_Stn,2009,259, 930,0.000,719.490,CPI,20110404
Met3,ON-WPP_PPT,PPT_Stn,2009,259,1000,0.000,719.490,CPI,20110404
Met3,ON-WPP_PPT,PPT_Stn,2009,259,1030,0.000,719.490,CPI,20110404
Met3,ON-WPP_PPT,PPT_Stn,2009,259,1100,0.000,719.490,CPI,20110404
Met3,ON-WPP_PPT,PPT_Stn,2009,259,1130,0.000,719.490,CPI,20110404
Met3,ON-WPP_PPT,PPT_Stn,2009,259,1200,0.000,719.490,CPI,20110404
Met3,ON-WPP_PPT,PPT_Stn,2009,259,1230,0.000,719.490,CPI,20110404
Met3,ON-WPP_PPT,PPT_Stn,2009,259,1300,0.000,719.490,CPI,20110404
Met3,ON-WPP_PPT,PPT_Stn,2009,259,1330,0.000,719.490,CPI,20110404
Met3,ON-WPP_PPT,PPT_Stn,2009,259,1400,0.000,719.490,CPI,20110404
Met3,ON-WPP_PPT,PPT_Stn,2009,259,1430,0.000,719.490,CPI,20110404
Met3,ON-WPP_PPT,PPT_Stn,2009,259,1500,0.000,719.490,CPI,20110404
Met3,ON-WPP_PPT,PPT_Stn,2009,259,1530,0.000,719.490,CPI,20110404
Met3,ON-WPP_PPT,PPT_Stn,2009,259,1600,0.000,719.490,CPI,20110404
Met3,ON-WPP_PPT,PPT_Stn,2009,259,1630,0.000,719.490,CPI,20110404
Met3,ON-WPP_PPT,PPT_Stn,2009,259,1700,0.000,719.490,CPI,20110404
Met3,ON-WPP_PPT,PPT_Stn,2009,259,1730,0.000,719.490,CPI,20110404
Met3,ON-WPP_PPT,PPT_Stn,2009,259,1800,0.000,719.490,CPI,20110404
Met3,ON-WPP_PPT,PPT_Stn,2009,259,1830,0.000,719.490,CPI,20110404
Met3,ON-WPP_PPT,PPT_Stn,2009,259,1900,0.000,719.490,CPI,20110404
Met3,ON-WPP_PPT,PPT_Stn,2009,259,1930,0.000,719.490,CPI,20110404
Met3,ON-WPP_PPT,PPT_Stn,2009,259,2000,0.000,719.490,CPI,20110404
Met3,ON-WPP_PPT,PPT_Stn,2009,259,2030,0.000,719.490,CPI,20110404
Met3,ON-WPP_PPT,PPT_Stn,2009,259,2100,0.000,719.490,CPI,20110404
Met3,ON-WPP_PPT,PPT_Stn,2009,259,2130,0.000,719.490,CPI,20110404
Met3,ON-WPP_PPT,PPT_Stn,2009,259,2200,0.000,719.490,CPI,20110404
Met3,ON-WPP_PPT,PPT_Stn,2009,259,2230,0.000,719.490,CPI,20110404
Met3,ON-WPP_PPT,PPT_Stn,2009,259,2300,0.000,719.490,CPI,20110404
Met3,ON-WPP_PPT,PPT_Stn,2009,259,2330,0.000,719.490,CPI,20110404
Met3,ON-WPP_PPT,PPT_Stn,2009,259,2400,0.000,719.490,CPI,20110404
Met3,ON-WPP_PPT,PPT_Stn,2009,260,  30,0.000,719.490,CPI,20110404
Met3,ON-WPP_PPT,PPT_Stn,2009,260, 100,0.000,719.490,CPI,20110404
Met3,ON-WPP_PPT,PPT_Stn,2009,260, 130,0.000,719.490,CPI,20110404
Met3,ON-WPP_PPT,PPT_Stn,2009,260, 200,0.000,719.490,CPI,20110404
Met3,ON-WPP_PPT,PPT_Stn,2009,260, 230,0.000,719.490,CPI,20110404
Met3,ON-WPP_PPT,PPT_Stn,2009,260, 300,0.000,719.490,CPI,20110404
Met3,ON-WPP_PPT,PPT_Stn,2009,260, 330,0.000,719.490,CPI,20110404
Met3,ON-WPP_PPT,PPT_Stn,2009,260, 400,0.000,719.490,CPI,20110404
Met3,ON-WPP_PPT,PPT_Stn,2009,260, 430,0.000,719.490,CPI,20110404
Met3,ON-WPP_PPT,PPT_Stn,2009,260, 500,0.000,719.490,CPI,20110404
Met3,ON-WPP_PPT,PPT_Stn,2009,260, 530,0.000,719.490,CPI,20110404
Met3,ON-WPP_PPT,PPT_Stn,2009,260, 600,0.000,719.490,CPI,20110404
Met3,ON-WPP_PPT,PPT_Stn,2009,260, 630,0.000,719.490,CPI,20110404
Met3,ON-WPP_PPT,PPT_Stn,2009,260, 700,0.000,719.490,CPI,20110404
Met3,ON-WPP_PPT,PPT_Stn,2009,260, 730,0.000,719.490,CPI,20110404
Met3,ON-WPP_PPT,PPT_Stn,2009,260, 800,0.000,719.490,CPI,20110404
Met3,ON-WPP_PPT,PPT_Stn,2009,260, 830,0.000,719.490,CPI,20110404
Met3,ON-WPP_PPT,PPT_Stn,2009,260, 900,0.000,719.490,CPI,20110404
Met3,ON-WPP_PPT,PPT_Stn,2009,260, 930,0.000,719.490,CPI,20110404
Met3,ON-WPP_PPT,PPT_Stn,2009,260,1000,0.000,719.490,CPI,20110404
Met3,ON-WPP_PPT,PPT_Stn,2009,260,1030,0.000,719.490,CPI,20110404
Met3,ON-WPP_PPT,PPT_Stn,2009,260,1100,0.000,719.490,CPI,20110404
Met3,ON-WPP_PPT,PPT_Stn,2009,260,1130,0.000,719.490,CPI,20110404
Met3,ON-WPP_PPT,PPT_Stn,2009,260,1200,0.000,719.490,CPI,20110404
Met3,ON-WPP_PPT,PPT_Stn,2009,260,1230,0.000,719.490,CPI,20110404
Met3,ON-WPP_PPT,PPT_Stn,2009,260,1300,0.000,719.490,CPI,20110404
Met3,ON-WPP_PPT,PPT_Stn,2009,260,1330,0.000,719.490,CPI,20110404
Met3,ON-WPP_PPT,PPT_Stn,2009,260,1400,0.000,719.490,CPI,20110404
Met3,ON-WPP_PPT,PPT_Stn,2009,260,1430,0.000,719.490,CPI,20110404
Met3,ON-WPP_PPT,PPT_Stn,2009,260,1500,0.000,719.490,CPI,20110404
Met3,ON-WPP_PPT,PPT_Stn,2009,260,1530,0.000,719.490,CPI,20110404
Met3,ON-WPP_PPT,PPT_Stn,2009,260,1600,0.000,719.490,CPI,20110404
Met3,ON-WPP_PPT,PPT_Stn,2009,260,1630,0.000,719.490,CPI,20110404
Met3,ON-WPP_PPT,PPT_Stn,2009,260,1700,0.000,719.490,CPI,20110404
Met3,ON-WPP_PPT,PPT_Stn,2009,260,1730,0.000,719.490,CPI,20110404
Met3,ON-WPP_PPT,PPT_Stn,2009,260,1800,0.000,719.490,CPI,20110404
Met3,ON-WPP_PPT,PPT_Stn,2009,260,1830,0.000,719.490,CPI,20110404
Met3,ON-WPP_PPT,PPT_Stn,2009,260,1900,0.000,719.490,CPI,20110404
Met3,ON-WPP_PPT,PPT_Stn,2009,260,1930,0.000,719.490,CPI,20110404
Met3,ON-WPP_PPT,PPT_Stn,2009,260,2000,0.000,719.490,CPI,20110404
Met3,ON-WPP_PPT,PPT_Stn,2009,260,2030,0.000,719.490,CPI,20110404
Met3,ON-WPP_PPT,PPT_Stn,2009,260,2100,0.000,719.490,CPI,20110404
Met3,ON-WPP_PPT,PPT_Stn,2009,260,2130,0.000,719.490,CPI,20110404
Met3,ON-WPP_PPT,PPT_Stn,2009,260,2200,0.000,719.490,CPI,20110404
Met3,ON-WPP_PPT,PPT_Stn,2009,260,2230,0.000,719.490,CPI,20110404
Met3,ON-WPP_PPT,PPT_Stn,2009,260,2300,0.000,719.490,CPI,20110404
Met3,ON-WPP_PPT,PPT_Stn,2009,260,2330,0.000,719.490,CPI,20110404
Met3,ON-WPP_PPT,PPT_Stn,2009,260,2400,0.000,719.490,CPI,20110404
Met3,ON-WPP_PPT,PPT_Stn,2009,261,  30,0.000,719.490,CPI,20110404
Met3,ON-WPP_PPT,PPT_Stn,2009,261, 100,0.000,719.490,CPI,20110404
Met3,ON-WPP_PPT,PPT_Stn,2009,261, 130,0.000,719.490,CPI,20110404
Met3,ON-WPP_PPT,PPT_Stn,2009,261, 200,0.000,719.490,CPI,20110404
Met3,ON-WPP_PPT,PPT_Stn,2009,261, 230,0.000,719.490,CPI,20110404
Met3,ON-WPP_PPT,PPT_Stn,2009,261, 300,0.000,719.490,CPI,20110404
Met3,ON-WPP_PPT,PPT_Stn,2009,261, 330,0.000,719.490,CPI,20110404
Met3,ON-WPP_PPT,PPT_Stn,2009,261, 400,0.000,719.490,CPI,20110404
Met3,ON-WPP_PPT,PPT_Stn,2009,261, 430,0.000,719.490,CPI,20110404
Met3,ON-WPP_PPT,PPT_Stn,2009,261, 500,0.000,719.490,CPI,20110404
Met3,ON-WPP_PPT,PPT_Stn,2009,261, 530,0.000,719.490,CPI,20110404
Met3,ON-WPP_PPT,PPT_Stn,2009,261, 600,0.000,719.490,CPI,20110404
Met3,ON-WPP_PPT,PPT_Stn,2009,261, 630,0.000,719.490,CPI,20110404
Met3,ON-WPP_PPT,PPT_Stn,2009,261, 700,0.000,719.490,CPI,20110404
Met3,ON-WPP_PPT,PPT_Stn,2009,261, 730,0.000,719.490,CPI,20110404
Met3,ON-WPP_PPT,PPT_Stn,2009,261, 800,0.000,719.490,CPI,20110404
Met3,ON-WPP_PPT,PPT_Stn,2009,261, 830,0.000,719.490,CPI,20110404
Met3,ON-WPP_PPT,PPT_Stn,2009,261, 900,0.000,719.490,CPI,20110404
Met3,ON-WPP_PPT,PPT_Stn,2009,261, 930,0.000,719.490,CPI,20110404
Met3,ON-WPP_PPT,PPT_Stn,2009,261,1000,0.000,719.490,CPI,20110404
Met3,ON-WPP_PPT,PPT_Stn,2009,261,1030,0.000,719.490,CPI,20110404
Met3,ON-WPP_PPT,PPT_Stn,2009,261,1100,0.000,719.490,CPI,20110404
Met3,ON-WPP_PPT,PPT_Stn,2009,261,1130,0.000,719.490,CPI,20110404
Met3,ON-WPP_PPT,PPT_Stn,2009,261,1200,0.000,719.490,CPI,20110404
Met3,ON-WPP_PPT,PPT_Stn,2009,261,1230,0.000,719.490,CPI,20110404
Met3,ON-WPP_PPT,PPT_Stn,2009,261,1300,0.000,719.490,CPI,20110404
Met3,ON-WPP_PPT,PPT_Stn,2009,261,1330,0.000,719.490,CPI,20110404
Met3,ON-WPP_PPT,PPT_Stn,2009,261,1400,0.000,719.490,CPI,20110404
Met3,ON-WPP_PPT,PPT_Stn,2009,261,1430,0.000,719.490,CPI,20110404
Met3,ON-WPP_PPT,PPT_Stn,2009,261,1500,0.000,719.490,CPI,20110404
Met3,ON-WPP_PPT,PPT_Stn,2009,261,1530,0.000,719.490,CPI,20110404
Met3,ON-WPP_PPT,PPT_Stn,2009,261,1600,0.000,719.490,CPI,20110404
Met3,ON-WPP_PPT,PPT_Stn,2009,261,1630,0.000,719.490,CPI,20110404
Met3,ON-WPP_PPT,PPT_Stn,2009,261,1700,0.000,719.490,CPI,20110404
Met3,ON-WPP_PPT,PPT_Stn,2009,261,1730,0.000,719.490,CPI,20110404
Met3,ON-WPP_PPT,PPT_Stn,2009,261,1800,0.000,719.490,CPI,20110404
Met3,ON-WPP_PPT,PPT_Stn,2009,261,1830,0.000,719.490,CPI,20110404
Met3,ON-WPP_PPT,PPT_Stn,2009,261,1900,0.000,719.490,CPI,20110404
Met3,ON-WPP_PPT,PPT_Stn,2009,261,1930,0.000,719.490,CPI,20110404
Met3,ON-WPP_PPT,PPT_Stn,2009,261,2000,0.000,719.490,CPI,20110404
Met3,ON-WPP_PPT,PPT_Stn,2009,261,2030,0.000,719.490,CPI,20110404
Met3,ON-WPP_PPT,PPT_Stn,2009,261,2100,0.000,719.490,CPI,20110404
Met3,ON-WPP_PPT,PPT_Stn,2009,261,2130,0.000,719.490,CPI,20110404
Met3,ON-WPP_PPT,PPT_Stn,2009,261,2200,0.000,719.490,CPI,20110404
Met3,ON-WPP_PPT,PPT_Stn,2009,261,2230,0.000,719.490,CPI,20110404
Met3,ON-WPP_PPT,PPT_Stn,2009,261,2300,0.000,719.490,CPI,20110404
Met3,ON-WPP_PPT,PPT_Stn,2009,261,2330,0.000,719.490,CPI,20110404
Met3,ON-WPP_PPT,PPT_Stn,2009,261,2400,0.000,719.490,CPI,20110404
Met3,ON-WPP_PPT,PPT_Stn,2009,262,  30,0.000,719.490,CPI,20110404
Met3,ON-WPP_PPT,PPT_Stn,2009,262, 100,0.000,719.490,CPI,20110404
Met3,ON-WPP_PPT,PPT_Stn,2009,262, 130,0.000,719.490,CPI,20110404
Met3,ON-WPP_PPT,PPT_Stn,2009,262, 200,0.000,719.490,CPI,20110404
Met3,ON-WPP_PPT,PPT_Stn,2009,262, 230,0.000,719.490,CPI,20110404
Met3,ON-WPP_PPT,PPT_Stn,2009,262, 300,0.000,719.490,CPI,20110404
Met3,ON-WPP_PPT,PPT_Stn,2009,262, 330,0.000,719.490,CPI,20110404
Met3,ON-WPP_PPT,PPT_Stn,2009,262, 400,0.000,719.490,CPI,20110404
Met3,ON-WPP_PPT,PPT_Stn,2009,262, 430,0.000,719.490,CPI,20110404
Met3,ON-WPP_PPT,PPT_Stn,2009,262, 500,0.000,719.490,CPI,20110404
Met3,ON-WPP_PPT,PPT_Stn,2009,262, 530,0.000,719.490,CPI,20110404
Met3,ON-WPP_PPT,PPT_Stn,2009,262, 600,0.000,719.490,CPI,20110404
Met3,ON-WPP_PPT,PPT_Stn,2009,262, 630,0.000,719.490,CPI,20110404
Met3,ON-WPP_PPT,PPT_Stn,2009,262, 700,0.000,719.490,CPI,20110404
Met3,ON-WPP_PPT,PPT_Stn,2009,262, 730,0.000,719.490,CPI,20110404
Met3,ON-WPP_PPT,PPT_Stn,2009,262, 800,0.000,719.490,CPI,20110404
Met3,ON-WPP_PPT,PPT_Stn,2009,262, 830,0.000,719.490,CPI,20110404
Met3,ON-WPP_PPT,PPT_Stn,2009,262, 900,0.000,719.490,CPI,20110404
Met3,ON-WPP_PPT,PPT_Stn,2009,262, 930,0.000,719.490,CPI,20110404
Met3,ON-WPP_PPT,PPT_Stn,2009,262,1000,0.000,719.490,CPI,20110404
Met3,ON-WPP_PPT,PPT_Stn,2009,262,1030,0.000,719.490,CPI,20110404
Met3,ON-WPP_PPT,PPT_Stn,2009,262,1100,0.000,719.490,CPI,20110404
Met3,ON-WPP_PPT,PPT_Stn,2009,262,1130,0.000,719.490,CPI,20110404
Met3,ON-WPP_PPT,PPT_Stn,2009,262,1200,0.000,719.490,CPI,20110404
Met3,ON-WPP_PPT,PPT_Stn,2009,262,1230,0.000,719.490,CPI,20110404
Met3,ON-WPP_PPT,PPT_Stn,2009,262,1300,0.000,719.490,CPI,20110404
Met3,ON-WPP_PPT,PPT_Stn,2009,262,1330,0.000,719.490,CPI,20110404
Met3,ON-WPP_PPT,PPT_Stn,2009,262,1400,0.000,719.490,CPI,20110404
Met3,ON-WPP_PPT,PPT_Stn,2009,262,1430,0.000,719.490,CPI,20110404
Met3,ON-WPP_PPT,PPT_Stn,2009,262,1500,0.000,719.490,CPI,20110404
Met3,ON-WPP_PPT,PPT_Stn,2009,262,1530,0.000,719.490,CPI,20110404
Met3,ON-WPP_PPT,PPT_Stn,2009,262,1600,0.000,719.490,CPI,20110404
Met3,ON-WPP_PPT,PPT_Stn,2009,262,1630,0.000,719.490,CPI,20110404
Met3,ON-WPP_PPT,PPT_Stn,2009,262,1700,0.000,719.490,CPI,20110404
Met3,ON-WPP_PPT,PPT_Stn,2009,262,1730,0.000,719.490,CPI,20110404
Met3,ON-WPP_PPT,PPT_Stn,2009,262,1800,0.000,719.490,CPI,20110404
Met3,ON-WPP_PPT,PPT_Stn,2009,262,1830,0.000,719.490,CPI,20110404
Met3,ON-WPP_PPT,PPT_Stn,2009,262,1900,0.000,719.490,CPI,20110404
Met3,ON-WPP_PPT,PPT_Stn,2009,262,1930,0.000,719.490,CPI,20110404
Met3,ON-WPP_PPT,PPT_Stn,2009,262,2000,0.000,719.490,CPI,20110404
Met3,ON-WPP_PPT,PPT_Stn,2009,262,2030,0.000,719.490,CPI,20110404
Met3,ON-WPP_PPT,PPT_Stn,2009,262,2100,0.000,719.490,CPI,20110404
Met3,ON-WPP_PPT,PPT_Stn,2009,262,2130,0.000,719.490,CPI,20110404
Met3,ON-WPP_PPT,PPT_Stn,2009,262,2200,0.000,719.490,CPI,20110404
Met3,ON-WPP_PPT,PPT_Stn,2009,262,2230,0.000,719.490,CPI,20110404
Met3,ON-WPP_PPT,PPT_Stn,2009,262,2300,0.000,719.490,CPI,20110404
Met3,ON-WPP_PPT,PPT_Stn,2009,262,2330,0.000,719.490,CPI,20110404
Met3,ON-WPP_PPT,PPT_Stn,2009,262,2400,0.000,719.490,CPI,20110404
Met3,ON-WPP_PPT,PPT_Stn,2009,263,  30,0.000,719.490,CPI,20110404
Met3,ON-WPP_PPT,PPT_Stn,2009,263, 100,0.000,719.490,CPI,20110404
Met3,ON-WPP_PPT,PPT_Stn,2009,263, 130,0.000,719.490,CPI,20110404
Met3,ON-WPP_PPT,PPT_Stn,2009,263, 200,0.000,719.490,CPI,20110404
Met3,ON-WPP_PPT,PPT_Stn,2009,263, 230,0.000,719.490,CPI,20110404
Met3,ON-WPP_PPT,PPT_Stn,2009,263, 300,0.000,719.490,CPI,20110404
Met3,ON-WPP_PPT,PPT_Stn,2009,263, 330,0.000,719.490,CPI,20110404
Met3,ON-WPP_PPT,PPT_Stn,2009,263, 400,0.000,719.490,CPI,20110404
Met3,ON-WPP_PPT,PPT_Stn,2009,263, 430,0.000,719.490,CPI,20110404
Met3,ON-WPP_PPT,PPT_Stn,2009,263, 500,0.000,719.490,CPI,20110404
Met3,ON-WPP_PPT,PPT_Stn,2009,263, 530,0.000,719.490,CPI,20110404
Met3,ON-WPP_PPT,PPT_Stn,2009,263, 600,0.000,719.490,CPI,20110404
Met3,ON-WPP_PPT,PPT_Stn,2009,263, 630,0.000,719.490,CPI,20110404
Met3,ON-WPP_PPT,PPT_Stn,2009,263, 700,0.000,719.490,CPI,20110404
Met3,ON-WPP_PPT,PPT_Stn,2009,263, 730,0.000,719.490,CPI,20110404
Met3,ON-WPP_PPT,PPT_Stn,2009,263, 800,0.000,719.490,CPI,20110404
Met3,ON-WPP_PPT,PPT_Stn,2009,263, 830,0.000,719.490,CPI,20110404
Met3,ON-WPP_PPT,PPT_Stn,2009,263, 900,0.000,719.490,CPI,20110404
Met3,ON-WPP_PPT,PPT_Stn,2009,263, 930,0.000,719.490,CPI,20110404
Met3,ON-WPP_PPT,PPT_Stn,2009,263,1000,0.000,719.490,CPI,20110404
Met3,ON-WPP_PPT,PPT_Stn,2009,263,1030,0.000,719.490,CPI,20110404
Met3,ON-WPP_PPT,PPT_Stn,2009,263,1100,0.000,719.490,CPI,20110404
Met3,ON-WPP_PPT,PPT_Stn,2009,263,1130,0.000,719.490,CPI,20110404
Met3,ON-WPP_PPT,PPT_Stn,2009,263,1200,0.000,719.490,CPI,20110404
Met3,ON-WPP_PPT,PPT_Stn,2009,263,1230,0.000,719.490,CPI,20110404
Met3,ON-WPP_PPT,PPT_Stn,2009,263,1300,0.000,719.490,CPI,20110404
Met3,ON-WPP_PPT,PPT_Stn,2009,263,1330,0.000,719.490,CPI,20110404
Met3,ON-WPP_PPT,PPT_Stn,2009,263,1400,0.000,719.490,CPI,20110404
Met3,ON-WPP_PPT,PPT_Stn,2009,263,1430,0.000,719.490,CPI,20110404
Met3,ON-WPP_PPT,PPT_Stn,2009,263,1500,0.000,719.490,CPI,20110404
Met3,ON-WPP_PPT,PPT_Stn,2009,263,1530,0.000,719.490,CPI,20110404
Met3,ON-WPP_PPT,PPT_Stn,2009,263,1600,0.000,719.490,CPI,20110404
Met3,ON-WPP_PPT,PPT_Stn,2009,263,1630,0.000,719.490,CPI,20110404
Met3,ON-WPP_PPT,PPT_Stn,2009,263,1700,0.000,719.490,CPI,20110404
Met3,ON-WPP_PPT,PPT_Stn,2009,263,1730,0.000,719.490,CPI,20110404
Met3,ON-WPP_PPT,PPT_Stn,2009,263,1800,0.000,719.490,CPI,20110404
Met3,ON-WPP_PPT,PPT_Stn,2009,263,1830,0.000,719.490,CPI,20110404
Met3,ON-WPP_PPT,PPT_Stn,2009,263,1900,0.000,719.490,CPI,20110404
Met3,ON-WPP_PPT,PPT_Stn,2009,263,1930,0.000,719.490,CPI,20110404
Met3,ON-WPP_PPT,PPT_Stn,2009,263,2000,0.000,719.490,CPI,20110404
Met3,ON-WPP_PPT,PPT_Stn,2009,263,2030,0.000,719.490,CPI,20110404
Met3,ON-WPP_PPT,PPT_Stn,2009,263,2100,0.000,719.490,CPI,20110404
Met3,ON-WPP_PPT,PPT_Stn,2009,263,2130,0.000,719.490,CPI,20110404
Met3,ON-WPP_PPT,PPT_Stn,2009,263,2200,0.000,719.490,CPI,20110404
Met3,ON-WPP_PPT,PPT_Stn,2009,263,2230,0.000,719.490,CPI,20110404
Met3,ON-WPP_PPT,PPT_Stn,2009,263,2300,0.000,719.490,CPI,20110404
Met3,ON-WPP_PPT,PPT_Stn,2009,263,2330,0.000,719.490,CPI,20110404
Met3,ON-WPP_PPT,PPT_Stn,2009,263,2400,0.000,719.490,CPI,20110404
Met3,ON-WPP_PPT,PPT_Stn,2009,264,  30,0.000,719.490,CPI,20110404
Met3,ON-WPP_PPT,PPT_Stn,2009,264, 100,0.000,719.490,CPI,20110404
Met3,ON-WPP_PPT,PPT_Stn,2009,264, 130,0.000,719.490,CPI,20110404
Met3,ON-WPP_PPT,PPT_Stn,2009,264, 200,0.000,719.490,CPI,20110404
Met3,ON-WPP_PPT,PPT_Stn,2009,264, 230,0.000,719.490,CPI,20110404
Met3,ON-WPP_PPT,PPT_Stn,2009,264, 300,0.000,719.490,CPI,20110404
Met3,ON-WPP_PPT,PPT_Stn,2009,264, 330,0.000,719.490,CPI,20110404
Met3,ON-WPP_PPT,PPT_Stn,2009,264, 400,0.000,719.490,CPI,20110404
Met3,ON-WPP_PPT,PPT_Stn,2009,264, 430,0.000,719.490,CPI,20110404
Met3,ON-WPP_PPT,PPT_Stn,2009,264, 500,0.000,719.490,CPI,20110404
Met3,ON-WPP_PPT,PPT_Stn,2009,264, 530,0.000,719.490,CPI,20110404
Met3,ON-WPP_PPT,PPT_Stn,2009,264, 600,0.000,719.490,CPI,20110404
Met3,ON-WPP_PPT,PPT_Stn,2009,264, 630,0.000,719.490,CPI,20110404
Met3,ON-WPP_PPT,PPT_Stn,2009,264, 700,0.000,719.490,CPI,20110404
Met3,ON-WPP_PPT,PPT_Stn,2009,264, 730,0.000,719.490,CPI,20110404
Met3,ON-WPP_PPT,PPT_Stn,2009,264, 800,0.000,719.490,CPI,20110404
Met3,ON-WPP_PPT,PPT_Stn,2009,264, 830,0.000,719.490,CPI,20110404
Met3,ON-WPP_PPT,PPT_Stn,2009,264, 900,0.000,719.490,CPI,20110404
Met3,ON-WPP_PPT,PPT_Stn,2009,264, 930,0.120,719.610,CPI,20110404
Met3,ON-WPP_PPT,PPT_Stn,2009,264,1000,0.000,719.610,CPI,20110404
Met3,ON-WPP_PPT,PPT_Stn,2009,264,1030,0.000,719.610,CPI,20110404
Met3,ON-WPP_PPT,PPT_Stn,2009,264,1100,0.090,719.700,CPI,20110404
Met3,ON-WPP_PPT,PPT_Stn,2009,264,1130,0.000,719.700,CPI,20110404
Met3,ON-WPP_PPT,PPT_Stn,2009,264,1200,0.000,719.700,CPI,20110404
Met3,ON-WPP_PPT,PPT_Stn,2009,264,1230,0.140,719.840,CPI,20110404
Met3,ON-WPP_PPT,PPT_Stn,2009,264,1300,0.000,719.840,CPI,20110404
Met3,ON-WPP_PPT,PPT_Stn,2009,264,1330,0.000,719.840,CPI,20110404
Met3,ON-WPP_PPT,PPT_Stn,2009,264,1400,0.000,719.840,CPI,20110404
Met3,ON-WPP_PPT,PPT_Stn,2009,264,1430,0.250,720.090,CPI,20110404
Met3,ON-WPP_PPT,PPT_Stn,2009,264,1500,0.440,720.530,CPI,20110404
Met3,ON-WPP_PPT,PPT_Stn,2009,264,1530,0.530,721.060,CPI,20110404
Met3,ON-WPP_PPT,PPT_Stn,2009,264,1600,0.450,721.510,CPI,20110404
Met3,ON-WPP_PPT,PPT_Stn,2009,264,1630,0.000,721.510,CPI,20110404
Met3,ON-WPP_PPT,PPT_Stn,2009,264,1700,0.000,721.510,CPI,20110404
Met3,ON-WPP_PPT,PPT_Stn,2009,264,1730,0.000,721.510,CPI,20110404
Met3,ON-WPP_PPT,PPT_Stn,2009,264,1800,0.000,721.510,CPI,20110404
Met3,ON-WPP_PPT,PPT_Stn,2009,264,1830,0.000,721.510,CPI,20110404
Met3,ON-WPP_PPT,PPT_Stn,2009,264,1900,0.000,721.510,CPI,20110404
Met3,ON-WPP_PPT,PPT_Stn,2009,264,1930,0.110,721.620,CPI,20110404
Met3,ON-WPP_PPT,PPT_Stn,2009,264,2000,0.370,721.990,CPI,20110404
Met3,ON-WPP_PPT,PPT_Stn,2009,264,2030,0.590,722.580,CPI,20110404
Met3,ON-WPP_PPT,PPT_Stn,2009,264,2100,0.220,722.800,CPI,20110404
Met3,ON-WPP_PPT,PPT_Stn,2009,264,2130,0.000,722.800,CPI,20110404
Met3,ON-WPP_PPT,PPT_Stn,2009,264,2200,0.000,722.800,CPI,20110404
Met3,ON-WPP_PPT,PPT_Stn,2009,264,2230,0.000,722.800,CPI,20110404
Met3,ON-WPP_PPT,PPT_Stn,2009,264,2300,0.000,722.800,CPI,20110404
Met3,ON-WPP_PPT,PPT_Stn,2009,264,2330,0.000,722.800,CPI,20110404
Met3,ON-WPP_PPT,PPT_Stn,2009,264,2400,0.000,722.800,CPI,20110404
Met3,ON-WPP_PPT,PPT_Stn,2009,265,  30,0.000,722.800,CPI,20110404
Met3,ON-WPP_PPT,PPT_Stn,2009,265, 100,0.000,722.800,CPI,20110404
Met3,ON-WPP_PPT,PPT_Stn,2009,265, 130,0.000,722.800,CPI,20110404
Met3,ON-WPP_PPT,PPT_Stn,2009,265, 200,0.000,722.800,CPI,20110404
Met3,ON-WPP_PPT,PPT_Stn,2009,265, 230,0.000,722.800,CPI,20110404
Met3,ON-WPP_PPT,PPT_Stn,2009,265, 300,0.000,722.800,CPI,20110404
Met3,ON-WPP_PPT,PPT_Stn,2009,265, 330,0.000,722.800,CPI,20110404
Met3,ON-WPP_PPT,PPT_Stn,2009,265, 400,0.000,722.800,CPI,20110404
Met3,ON-WPP_PPT,PPT_Stn,2009,265, 430,0.000,722.800,CPI,20110404
Met3,ON-WPP_PPT,PPT_Stn,2009,265, 500,0.000,722.800,CPI,20110404
Met3,ON-WPP_PPT,PPT_Stn,2009,265, 530,0.000,722.800,CPI,20110404
Met3,ON-WPP_PPT,PPT_Stn,2009,265, 600,0.000,722.800,CPI,20110404
Met3,ON-WPP_PPT,PPT_Stn,2009,265, 630,0.000,722.800,CPI,20110404
Met3,ON-WPP_PPT,PPT_Stn,2009,265, 700,0.000,722.800,CPI,20110404
Met3,ON-WPP_PPT,PPT_Stn,2009,265, 730,0.000,722.800,CPI,20110404
Met3,ON-WPP_PPT,PPT_Stn,2009,265, 800,0.000,722.800,CPI,20110404
Met3,ON-WPP_PPT,PPT_Stn,2009,265, 830,0.000,722.800,CPI,20110404
Met3,ON-WPP_PPT,PPT_Stn,2009,265, 900,0.000,722.800,CPI,20110404
Met3,ON-WPP_PPT,PPT_Stn,2009,265, 930,0.000,722.800,CPI,20110404
Met3,ON-WPP_PPT,PPT_Stn,2009,265,1000,0.000,722.800,CPI,20110404
Met3,ON-WPP_PPT,PPT_Stn,2009,265,1030,0.000,722.800,CPI,20110404
Met3,ON-WPP_PPT,PPT_Stn,2009,265,1100,0.000,722.800,CPI,20110404
Met3,ON-WPP_PPT,PPT_Stn,2009,265,1130,0.000,722.800,CPI,20110404
Met3,ON-WPP_PPT,PPT_Stn,2009,265,1200,0.000,722.800,CPI,20110404
Met3,ON-WPP_PPT,PPT_Stn,2009,265,1230,0.000,722.800,CPI,20110404
Met3,ON-WPP_PPT,PPT_Stn,2009,265,1300,0.000,722.800,CPI,20110404
Met3,ON-WPP_PPT,PPT_Stn,2009,265,1330,0.000,722.800,CPI,20110404
Met3,ON-WPP_PPT,PPT_Stn,2009,265,1400,0.000,722.800,CPI,20110404
Met3,ON-WPP_PPT,PPT_Stn,2009,265,1430,0.000,722.800,CPI,20110404
Met3,ON-WPP_PPT,PPT_Stn,2009,265,1500,0.000,722.800,CPI,20110404
Met3,ON-WPP_PPT,PPT_Stn,2009,265,1530,0.000,722.800,CPI,20110404
Met3,ON-WPP_PPT,PPT_Stn,2009,265,1600,0.000,722.800,CPI,20110404
Met3,ON-WPP_PPT,PPT_Stn,2009,265,1630,0.000,722.800,CPI,20110404
Met3,ON-WPP_PPT,PPT_Stn,2009,265,1700,0.000,722.800,CPI,20110404
Met3,ON-WPP_PPT,PPT_Stn,2009,265,1730,0.000,722.800,CPI,20110404
Met3,ON-WPP_PPT,PPT_Stn,2009,265,1800,0.000,722.800,CPI,20110404
Met3,ON-WPP_PPT,PPT_Stn,2009,265,1830,0.000,722.800,CPI,20110404
Met3,ON-WPP_PPT,PPT_Stn,2009,265,1900,0.000,722.800,CPI,20110404
Met3,ON-WPP_PPT,PPT_Stn,2009,265,1930,0.000,722.800,CPI,20110404
Met3,ON-WPP_PPT,PPT_Stn,2009,265,2000,0.000,722.800,CPI,20110404
Met3,ON-WPP_PPT,PPT_Stn,2009,265,2030,0.000,722.800,CPI,20110404
Met3,ON-WPP_PPT,PPT_Stn,2009,265,2100,0.000,722.800,CPI,20110404
Met3,ON-WPP_PPT,PPT_Stn,2009,265,2130,0.000,722.800,CPI,20110404
Met3,ON-WPP_PPT,PPT_Stn,2009,265,2200,0.000,722.800,CPI,20110404
Met3,ON-WPP_PPT,PPT_Stn,2009,265,2230,0.000,722.800,CPI,20110404
Met3,ON-WPP_PPT,PPT_Stn,2009,265,2300,0.000,722.800,CPI,20110404
Met3,ON-WPP_PPT,PPT_Stn,2009,265,2330,0.000,722.800,CPI,20110404
Met3,ON-WPP_PPT,PPT_Stn,2009,265,2400,0.000,722.800,CPI,20110404
Met3,ON-WPP_PPT,PPT_Stn,2009,266,  30,0.000,722.800,CPI,20110404
Met3,ON-WPP_PPT,PPT_Stn,2009,266, 100,0.000,722.800,CPI,20110404
Met3,ON-WPP_PPT,PPT_Stn,2009,266, 130,0.000,722.800,CPI,20110404
Met3,ON-WPP_PPT,PPT_Stn,2009,266, 200,0.000,722.800,CPI,20110404
Met3,ON-WPP_PPT,PPT_Stn,2009,266, 230,0.000,722.800,CPI,20110404
Met3,ON-WPP_PPT,PPT_Stn,2009,266, 300,0.000,722.800,CPI,20110404
Met3,ON-WPP_PPT,PPT_Stn,2009,266, 330,0.000,722.800,CPI,20110404
Met3,ON-WPP_PPT,PPT_Stn,2009,266, 400,0.000,722.800,CPI,20110404
Met3,ON-WPP_PPT,PPT_Stn,2009,266, 430,0.000,722.800,CPI,20110404
Met3,ON-WPP_PPT,PPT_Stn,2009,266, 500,0.000,722.800,CPI,20110404
Met3,ON-WPP_PPT,PPT_Stn,2009,266, 530,0.000,722.800,CPI,20110404
Met3,ON-WPP_PPT,PPT_Stn,2009,266, 600,0.000,722.800,CPI,20110404
Met3,ON-WPP_PPT,PPT_Stn,2009,266, 630,0.000,722.800,CPI,20110404
Met3,ON-WPP_PPT,PPT_Stn,2009,266, 700,0.000,722.800,CPI,20110404
Met3,ON-WPP_PPT,PPT_Stn,2009,266, 730,0.000,722.800,CPI,20110404
Met3,ON-WPP_PPT,PPT_Stn,2009,266, 800,0.000,722.800,CPI,20110404
Met3,ON-WPP_PPT,PPT_Stn,2009,266, 830,0.000,722.800,CPI,20110404
Met3,ON-WPP_PPT,PPT_Stn,2009,266, 900,0.000,722.800,CPI,20110404
Met3,ON-WPP_PPT,PPT_Stn,2009,266, 930,0.000,722.800,CPI,20110404
Met3,ON-WPP_PPT,PPT_Stn,2009,266,1000,0.000,722.800,CPI,20110404
Met3,ON-WPP_PPT,PPT_Stn,2009,266,1030,0.000,722.800,CPI,20110404
Met3,ON-WPP_PPT,PPT_Stn,2009,266,1100,0.000,722.800,CPI,20110404
Met3,ON-WPP_PPT,PPT_Stn,2009,266,1130,0.000,722.800,CPI,20110404
Met3,ON-WPP_PPT,PPT_Stn,2009,266,1200,0.000,722.800,CPI,20110404
Met3,ON-WPP_PPT,PPT_Stn,2009,266,1230,0.000,722.800,CPI,20110404
Met3,ON-WPP_PPT,PPT_Stn,2009,266,1300,0.000,722.800,CPI,20110404
Met3,ON-WPP_PPT,PPT_Stn,2009,266,1330,0.000,722.800,CPI,20110404
Met3,ON-WPP_PPT,PPT_Stn,2009,266,1400,0.000,722.800,CPI,20110404
Met3,ON-WPP_PPT,PPT_Stn,2009,266,1430,0.000,722.800,CPI,20110404
Met3,ON-WPP_PPT,PPT_Stn,2009,266,1500,0.000,722.800,CPI,20110404
Met3,ON-WPP_PPT,PPT_Stn,2009,266,1530,0.000,722.800,CPI,20110404
Met3,ON-WPP_PPT,PPT_Stn,2009,266,1600,0.000,722.800,CPI,20110404
Met3,ON-WPP_PPT,PPT_Stn,2009,266,1630,0.000,722.800,CPI,20110404
Met3,ON-WPP_PPT,PPT_Stn,2009,266,1700,0.000,722.800,CPI,20110404
Met3,ON-WPP_PPT,PPT_Stn,2009,266,1730,0.000,722.800,CPI,20110404
Met3,ON-WPP_PPT,PPT_Stn,2009,266,1800,0.000,722.800,CPI,20110404
Met3,ON-WPP_PPT,PPT_Stn,2009,266,1830,0.000,722.800,CPI,20110404
Met3,ON-WPP_PPT,PPT_Stn,2009,266,1900,0.000,722.800,CPI,20110404
Met3,ON-WPP_PPT,PPT_Stn,2009,266,1930,0.000,722.800,CPI,20110404
Met3,ON-WPP_PPT,PPT_Stn,2009,266,2000,0.000,722.800,CPI,20110404
Met3,ON-WPP_PPT,PPT_Stn,2009,266,2030,0.000,722.800,CPI,20110404
Met3,ON-WPP_PPT,PPT_Stn,2009,266,2100,0.000,722.800,CPI,20110404
Met3,ON-WPP_PPT,PPT_Stn,2009,266,2130,0.000,722.800,CPI,20110404
Met3,ON-WPP_PPT,PPT_Stn,2009,266,2200,0.000,722.800,CPI,20110404
Met3,ON-WPP_PPT,PPT_Stn,2009,266,2230,0.000,722.800,CPI,20110404
Met3,ON-WPP_PPT,PPT_Stn,2009,266,2300,0.000,722.800,CPI,20110404
Met3,ON-WPP_PPT,PPT_Stn,2009,266,2330,0.000,722.800,CPI,20110404
Met3,ON-WPP_PPT,PPT_Stn,2009,266,2400,0.000,722.800,CPI,20110404
Met3,ON-WPP_PPT,PPT_Stn,2009,267,  30,0.000,722.800,CPI,20110404
Met3,ON-WPP_PPT,PPT_Stn,2009,267, 100,0.000,722.800,CPI,20110404
Met3,ON-WPP_PPT,PPT_Stn,2009,267, 130,0.000,722.800,CPI,20110404
Met3,ON-WPP_PPT,PPT_Stn,2009,267, 200,0.000,722.800,CPI,20110404
Met3,ON-WPP_PPT,PPT_Stn,2009,267, 230,0.000,722.800,CPI,20110404
Met3,ON-WPP_PPT,PPT_Stn,2009,267, 300,0.000,722.800,CPI,20110404
Met3,ON-WPP_PPT,PPT_Stn,2009,267, 330,0.000,722.800,CPI,20110404
Met3,ON-WPP_PPT,PPT_Stn,2009,267, 400,0.000,722.800,CPI,20110404
Met3,ON-WPP_PPT,PPT_Stn,2009,267, 430,0.000,722.800,CPI,20110404
Met3,ON-WPP_PPT,PPT_Stn,2009,267, 500,0.000,722.800,CPI,20110404
Met3,ON-WPP_PPT,PPT_Stn,2009,267, 530,0.000,722.800,CPI,20110404
Met3,ON-WPP_PPT,PPT_Stn,2009,267, 600,0.000,722.800,CPI,20110404
Met3,ON-WPP_PPT,PPT_Stn,2009,267, 630,0.000,722.800,CPI,20110404
Met3,ON-WPP_PPT,PPT_Stn,2009,267, 700,0.000,722.800,CPI,20110404
Met3,ON-WPP_PPT,PPT_Stn,2009,267, 730,0.000,722.800,CPI,20110404
Met3,ON-WPP_PPT,PPT_Stn,2009,267, 800,0.000,722.800,CPI,20110404
Met3,ON-WPP_PPT,PPT_Stn,2009,267, 830,0.000,722.800,CPI,20110404
Met3,ON-WPP_PPT,PPT_Stn,2009,267, 900,0.000,722.800,CPI,20110404
Met3,ON-WPP_PPT,PPT_Stn,2009,267, 930,0.000,722.800,CPI,20110404
Met3,ON-WPP_PPT,PPT_Stn,2009,267,1000,0.000,722.800,CPI,20110404
Met3,ON-WPP_PPT,PPT_Stn,2009,267,1030,0.000,722.800,CPI,20110404
Met3,ON-WPP_PPT,PPT_Stn,2009,267,1100,0.000,722.800,CPI,20110404
Met3,ON-WPP_PPT,PPT_Stn,2009,267,1130,0.000,722.800,CPI,20110404
Met3,ON-WPP_PPT,PPT_Stn,2009,267,1200,0.000,722.800,CPI,20110404
Met3,ON-WPP_PPT,PPT_Stn,2009,267,1230,0.000,722.800,CPI,20110404
Met3,ON-WPP_PPT,PPT_Stn,2009,267,1300,0.000,722.800,CPI,20110404
Met3,ON-WPP_PPT,PPT_Stn,2009,267,1330,0.000,722.800,CPI,20110404
Met3,ON-WPP_PPT,PPT_Stn,2009,267,1400,0.000,722.800,CPI,20110404
Met3,ON-WPP_PPT,PPT_Stn,2009,267,1430,0.000,722.800,CPI,20110404
Met3,ON-WPP_PPT,PPT_Stn,2009,267,1500,0.000,722.800,CPI,20110404
Met3,ON-WPP_PPT,PPT_Stn,2009,267,1530,0.000,722.800,CPI,20110404
Met3,ON-WPP_PPT,PPT_Stn,2009,267,1600,0.000,722.800,CPI,20110404
Met3,ON-WPP_PPT,PPT_Stn,2009,267,1630,0.000,722.800,CPI,20110404
Met3,ON-WPP_PPT,PPT_Stn,2009,267,1700,0.000,722.800,CPI,20110404
Met3,ON-WPP_PPT,PPT_Stn,2009,267,1730,0.000,722.800,CPI,20110404
Met3,ON-WPP_PPT,PPT_Stn,2009,267,1800,0.000,722.800,CPI,20110404
Met3,ON-WPP_PPT,PPT_Stn,2009,267,1830,0.000,722.800,CPI,20110404
Met3,ON-WPP_PPT,PPT_Stn,2009,267,1900,0.000,722.800,CPI,20110404
Met3,ON-WPP_PPT,PPT_Stn,2009,267,1930,0.000,722.800,CPI,20110404
Met3,ON-WPP_PPT,PPT_Stn,2009,267,2000,0.000,722.800,CPI,20110404
Met3,ON-WPP_PPT,PPT_Stn,2009,267,2030,0.000,722.800,CPI,20110404
Met3,ON-WPP_PPT,PPT_Stn,2009,267,2100,0.000,722.800,CPI,20110404
Met3,ON-WPP_PPT,PPT_Stn,2009,267,2130,0.000,722.800,CPI,20110404
Met3,ON-WPP_PPT,PPT_Stn,2009,267,2200,0.000,722.800,CPI,20110404
Met3,ON-WPP_PPT,PPT_Stn,2009,267,2230,0.000,722.800,CPI,20110404
Met3,ON-WPP_PPT,PPT_Stn,2009,267,2300,0.000,722.800,CPI,20110404
Met3,ON-WPP_PPT,PPT_Stn,2009,267,2330,0.000,722.800,CPI,20110404
Met3,ON-WPP_PPT,PPT_Stn,2009,267,2400,0.000,722.800,CPI,20110404
Met3,ON-WPP_PPT,PPT_Stn,2009,268,  30,0.000,722.800,CPI,20110404
Met3,ON-WPP_PPT,PPT_Stn,2009,268, 100,0.000,722.800,CPI,20110404
Met3,ON-WPP_PPT,PPT_Stn,2009,268, 130,0.000,722.800,CPI,20110404
Met3,ON-WPP_PPT,PPT_Stn,2009,268, 200,0.000,722.800,CPI,20110404
Met3,ON-WPP_PPT,PPT_Stn,2009,268, 230,0.000,722.800,CPI,20110404
Met3,ON-WPP_PPT,PPT_Stn,2009,268, 300,0.000,722.800,CPI,20110404
Met3,ON-WPP_PPT,PPT_Stn,2009,268, 330,0.000,722.800,CPI,20110404
Met3,ON-WPP_PPT,PPT_Stn,2009,268, 400,0.000,722.800,CPI,20110404
Met3,ON-WPP_PPT,PPT_Stn,2009,268, 430,0.000,722.800,CPI,20110404
Met3,ON-WPP_PPT,PPT_Stn,2009,268, 500,0.000,722.800,CPI,20110404
Met3,ON-WPP_PPT,PPT_Stn,2009,268, 530,0.000,722.800,CPI,20110404
Met3,ON-WPP_PPT,PPT_Stn,2009,268, 600,0.000,722.800,CPI,20110404
Met3,ON-WPP_PPT,PPT_Stn,2009,268, 630,0.000,722.800,CPI,20110404
Met3,ON-WPP_PPT,PPT_Stn,2009,268, 700,0.000,722.800,CPI,20110404
Met3,ON-WPP_PPT,PPT_Stn,2009,268, 730,0.000,722.800,CPI,20110404
Met3,ON-WPP_PPT,PPT_Stn,2009,268, 800,0.000,722.800,CPI,20110404
Met3,ON-WPP_PPT,PPT_Stn,2009,268, 830,0.000,722.800,CPI,20110404
Met3,ON-WPP_PPT,PPT_Stn,2009,268, 900,0.000,722.800,CPI,20110404
Met3,ON-WPP_PPT,PPT_Stn,2009,268, 930,0.000,722.800,CPI,20110404
Met3,ON-WPP_PPT,PPT_Stn,2009,268,1000,0.000,722.800,CPI,20110404
Met3,ON-WPP_PPT,PPT_Stn,2009,268,1030,0.000,722.800,CPI,20110404
Met3,ON-WPP_PPT,PPT_Stn,2009,268,1100,0.000,722.800,CPI,20110404
Met3,ON-WPP_PPT,PPT_Stn,2009,268,1130,0.000,722.800,CPI,20110404
Met3,ON-WPP_PPT,PPT_Stn,2009,268,1200,0.000,722.800,CPI,20110404
Met3,ON-WPP_PPT,PPT_Stn,2009,268,1230,0.000,722.800,CPI,20110404
Met3,ON-WPP_PPT,PPT_Stn,2009,268,1300,0.000,722.800,CPI,20110404
Met3,ON-WPP_PPT,PPT_Stn,2009,268,1330,0.000,722.800,CPI,20110404
Met3,ON-WPP_PPT,PPT_Stn,2009,268,1400,0.000,722.800,CPI,20110404
Met3,ON-WPP_PPT,PPT_Stn,2009,268,1430,0.000,722.800,CPI,20110404
Met3,ON-WPP_PPT,PPT_Stn,2009,268,1500,0.000,722.800,CPI,20110404
Met3,ON-WPP_PPT,PPT_Stn,2009,268,1530,0.000,722.800,CPI,20110404
Met3,ON-WPP_PPT,PPT_Stn,2009,268,1600,0.000,722.800,CPI,20110404
Met3,ON-WPP_PPT,PPT_Stn,2009,268,1630,0.000,722.800,CPI,20110404
Met3,ON-WPP_PPT,PPT_Stn,2009,268,1700,0.000,722.800,CPI,20110404
Met3,ON-WPP_PPT,PPT_Stn,2009,268,1730,0.000,722.800,CPI,20110404
Met3,ON-WPP_PPT,PPT_Stn,2009,268,1800,0.000,722.800,CPI,20110404
Met3,ON-WPP_PPT,PPT_Stn,2009,268,1830,0.000,722.800,CPI,20110404
Met3,ON-WPP_PPT,PPT_Stn,2009,268,1900,0.000,722.800,CPI,20110404
Met3,ON-WPP_PPT,PPT_Stn,2009,268,1930,0.000,722.800,CPI,20110404
Met3,ON-WPP_PPT,PPT_Stn,2009,268,2000,0.000,722.800,CPI,20110404
Met3,ON-WPP_PPT,PPT_Stn,2009,268,2030,0.000,722.800,CPI,20110404
Met3,ON-WPP_PPT,PPT_Stn,2009,268,2100,0.000,722.800,CPI,20110404
Met3,ON-WPP_PPT,PPT_Stn,2009,268,2130,0.000,722.800,CPI,20110404
Met3,ON-WPP_PPT,PPT_Stn,2009,268,2200,0.000,722.800,CPI,20110404
Met3,ON-WPP_PPT,PPT_Stn,2009,268,2230,0.000,722.800,CPI,20110404
Met3,ON-WPP_PPT,PPT_Stn,2009,268,2300,0.000,722.800,CPI,20110404
Met3,ON-WPP_PPT,PPT_Stn,2009,268,2330,0.000,722.800,CPI,20110404
Met3,ON-WPP_PPT,PPT_Stn,2009,268,2400,0.000,722.800,CPI,20110404
Met3,ON-WPP_PPT,PPT_Stn,2009,269,  30,0.000,722.800,CPI,20110404
Met3,ON-WPP_PPT,PPT_Stn,2009,269, 100,0.000,722.800,CPI,20110404
Met3,ON-WPP_PPT,PPT_Stn,2009,269, 130,0.000,722.800,CPI,20110404
Met3,ON-WPP_PPT,PPT_Stn,2009,269, 200,0.000,722.800,CPI,20110404
Met3,ON-WPP_PPT,PPT_Stn,2009,269, 230,0.000,722.800,CPI,20110404
Met3,ON-WPP_PPT,PPT_Stn,2009,269, 300,0.000,722.800,CPI,20110404
Met3,ON-WPP_PPT,PPT_Stn,2009,269, 330,0.000,722.800,CPI,20110404
Met3,ON-WPP_PPT,PPT_Stn,2009,269, 400,0.000,722.800,CPI,20110404
Met3,ON-WPP_PPT,PPT_Stn,2009,269, 430,0.000,722.800,CPI,20110404
Met3,ON-WPP_PPT,PPT_Stn,2009,269, 500,0.000,722.800,CPI,20110404
Met3,ON-WPP_PPT,PPT_Stn,2009,269, 530,0.000,722.800,CPI,20110404
Met3,ON-WPP_PPT,PPT_Stn,2009,269, 600,0.000,722.800,CPI,20110404
Met3,ON-WPP_PPT,PPT_Stn,2009,269, 630,0.000,722.800,CPI,20110404
Met3,ON-WPP_PPT,PPT_Stn,2009,269, 700,0.000,722.800,CPI,20110404
Met3,ON-WPP_PPT,PPT_Stn,2009,269, 730,0.000,722.800,CPI,20110404
Met3,ON-WPP_PPT,PPT_Stn,2009,269, 800,0.000,722.800,CPI,20110404
Met3,ON-WPP_PPT,PPT_Stn,2009,269, 830,0.000,722.800,CPI,20110404
Met3,ON-WPP_PPT,PPT_Stn,2009,269, 900,0.000,722.800,CPI,20110404
Met3,ON-WPP_PPT,PPT_Stn,2009,269, 930,0.000,722.800,CPI,20110404
Met3,ON-WPP_PPT,PPT_Stn,2009,269,1000,0.000,722.800,CPI,20110404
Met3,ON-WPP_PPT,PPT_Stn,2009,269,1030,0.000,722.800,CPI,20110404
Met3,ON-WPP_PPT,PPT_Stn,2009,269,1100,0.000,722.800,CPI,20110404
Met3,ON-WPP_PPT,PPT_Stn,2009,269,1130,0.000,722.800,CPI,20110404
Met3,ON-WPP_PPT,PPT_Stn,2009,269,1200,0.000,722.800,CPI,20110404
Met3,ON-WPP_PPT,PPT_Stn,2009,269,1230,0.000,722.800,CPI,20110404
Met3,ON-WPP_PPT,PPT_Stn,2009,269,1300,0.000,722.800,CPI,20110404
Met3,ON-WPP_PPT,PPT_Stn,2009,269,1330,0.000,722.800,CPI,20110404
Met3,ON-WPP_PPT,PPT_Stn,2009,269,1400,0.000,722.800,CPI,20110404
Met3,ON-WPP_PPT,PPT_Stn,2009,269,1430,0.000,722.800,CPI,20110404
Met3,ON-WPP_PPT,PPT_Stn,2009,269,1500,0.000,722.800,CPI,20110404
Met3,ON-WPP_PPT,PPT_Stn,2009,269,1530,0.000,722.800,CPI,20110404
Met3,ON-WPP_PPT,PPT_Stn,2009,269,1600,0.000,722.800,CPI,20110404
Met3,ON-WPP_PPT,PPT_Stn,2009,269,1630,0.000,722.800,CPI,20110404
Met3,ON-WPP_PPT,PPT_Stn,2009,269,1700,0.000,722.800,CPI,20110404
Met3,ON-WPP_PPT,PPT_Stn,2009,269,1730,0.000,722.800,CPI,20110404
Met3,ON-WPP_PPT,PPT_Stn,2009,269,1800,0.190,722.990,CPI,20110404
Met3,ON-WPP_PPT,PPT_Stn,2009,269,1830,0.540,723.530,CPI,20110404
Met3,ON-WPP_PPT,PPT_Stn,2009,269,1900,2.500,726.030,CPI,20110404
Met3,ON-WPP_PPT,PPT_Stn,2009,269,1930,1.430,727.460,CPI,20110404
Met3,ON-WPP_PPT,PPT_Stn,2009,269,2000,1.140,728.600,CPI,20110404
Met3,ON-WPP_PPT,PPT_Stn,2009,269,2030,0.710,729.310,CPI,20110404
Met3,ON-WPP_PPT,PPT_Stn,2009,269,2100,0.000,729.310,CPI,20110404
Met3,ON-WPP_PPT,PPT_Stn,2009,269,2130,0.250,729.560,CPI,20110404
Met3,ON-WPP_PPT,PPT_Stn,2009,269,2200,0.200,729.760,CPI,20110404
Met3,ON-WPP_PPT,PPT_Stn,2009,269,2230,0.220,729.980,CPI,20110404
Met3,ON-WPP_PPT,PPT_Stn,2009,269,2300,0.270,730.250,CPI,20110404
Met3,ON-WPP_PPT,PPT_Stn,2009,269,2330,3.250,733.500,CPI,20110404
Met3,ON-WPP_PPT,PPT_Stn,2009,269,2400,2.880,736.380,CPI,20110404
Met3,ON-WPP_PPT,PPT_Stn,2009,270,  30,0.940,737.320,CPI,20110404
Met3,ON-WPP_PPT,PPT_Stn,2009,270, 100,1.640,738.960,CPI,20110404
Met3,ON-WPP_PPT,PPT_Stn,2009,270, 130,0.210,739.170,CPI,20110404
Met3,ON-WPP_PPT,PPT_Stn,2009,270, 200,0.380,739.550,CPI,20110404
Met3,ON-WPP_PPT,PPT_Stn,2009,270, 230,2.420,741.970,CPI,20110404
Met3,ON-WPP_PPT,PPT_Stn,2009,270, 300,0.790,742.760,CPI,20110404
Met3,ON-WPP_PPT,PPT_Stn,2009,270, 330,0.140,742.900,CPI,20110404
Met3,ON-WPP_PPT,PPT_Stn,2009,270, 400,0.000,742.900,CPI,20110404
Met3,ON-WPP_PPT,PPT_Stn,2009,270, 430,0.160,743.060,CPI,20110404
Met3,ON-WPP_PPT,PPT_Stn,2009,270, 500,0.170,743.230,CPI,20110404
Met3,ON-WPP_PPT,PPT_Stn,2009,270, 530,0.000,743.230,CPI,20110404
Met3,ON-WPP_PPT,PPT_Stn,2009,270, 600,0.170,743.400,CPI,20110404
Met3,ON-WPP_PPT,PPT_Stn,2009,270, 630,0.000,743.400,CPI,20110404
Met3,ON-WPP_PPT,PPT_Stn,2009,270, 700,0.000,743.400,CPI,20110404
Met3,ON-WPP_PPT,PPT_Stn,2009,270, 730,0.000,743.400,CPI,20110404
Met3,ON-WPP_PPT,PPT_Stn,2009,270, 800,0.000,743.400,CPI,20110404
Met3,ON-WPP_PPT,PPT_Stn,2009,270, 830,0.000,743.400,CPI,20110404
Met3,ON-WPP_PPT,PPT_Stn,2009,270, 900,0.000,743.400,CPI,20110404
Met3,ON-WPP_PPT,PPT_Stn,2009,270, 930,0.000,743.400,CPI,20110404
Met3,ON-WPP_PPT,PPT_Stn,2009,270,1000,0.000,743.400,CPI,20110404
Met3,ON-WPP_PPT,PPT_Stn,2009,270,1030,0.000,743.400,CPI,20110404
Met3,ON-WPP_PPT,PPT_Stn,2009,270,1100,0.000,743.400,CPI,20110404
Met3,ON-WPP_PPT,PPT_Stn,2009,270,1130,0.000,743.400,CPI,20110404
Met3,ON-WPP_PPT,PPT_Stn,2009,270,1200,0.000,743.400,CPI,20110404
Met3,ON-WPP_PPT,PPT_Stn,2009,270,1230,0.000,743.400,CPI,20110404
Met3,ON-WPP_PPT,PPT_Stn,2009,270,1300,0.000,743.400,CPI,20110404
Met3,ON-WPP_PPT,PPT_Stn,2009,270,1330,0.000,743.400,CPI,20110404
Met3,ON-WPP_PPT,PPT_Stn,2009,270,1400,0.000,743.400,CPI,20110404
Met3,ON-WPP_PPT,PPT_Stn,2009,270,1430,0.000,743.400,CPI,20110404
Met3,ON-WPP_PPT,PPT_Stn,2009,270,1500,0.000,743.400,CPI,20110404
Met3,ON-WPP_PPT,PPT_Stn,2009,270,1530,0.000,743.400,CPI,20110404
Met3,ON-WPP_PPT,PPT_Stn,2009,270,1600,0.000,743.400,CPI,20110404
Met3,ON-WPP_PPT,PPT_Stn,2009,270,1630,0.000,743.400,CPI,20110404
Met3,ON-WPP_PPT,PPT_Stn,2009,270,1700,0.000,743.400,CPI,20110404
Met3,ON-WPP_PPT,PPT_Stn,2009,270,1730,0.000,743.400,CPI,20110404
Met3,ON-WPP_PPT,PPT_Stn,2009,270,1800,0.000,743.400,CPI,20110404
Met3,ON-WPP_PPT,PPT_Stn,2009,270,1830,0.000,743.400,CPI,20110404
Met3,ON-WPP_PPT,PPT_Stn,2009,270,1900,0.000,743.400,CPI,20110404
Met3,ON-WPP_PPT,PPT_Stn,2009,270,1930,0.000,743.400,CPI,20110404
Met3,ON-WPP_PPT,PPT_Stn,2009,270,2000,0.000,743.400,CPI,20110404
Met3,ON-WPP_PPT,PPT_Stn,2009,270,2030,0.000,743.400,CPI,20110404
Met3,ON-WPP_PPT,PPT_Stn,2009,270,2100,0.000,743.400,CPI,20110404
Met3,ON-WPP_PPT,PPT_Stn,2009,270,2130,0.000,743.400,CPI,20110404
Met3,ON-WPP_PPT,PPT_Stn,2009,270,2200,0.000,743.400,CPI,20110404
Met3,ON-WPP_PPT,PPT_Stn,2009,270,2230,0.000,743.400,CPI,20110404
Met3,ON-WPP_PPT,PPT_Stn,2009,270,2300,0.000,743.400,CPI,20110404
Met3,ON-WPP_PPT,PPT_Stn,2009,270,2330,0.000,743.400,CPI,20110404
Met3,ON-WPP_PPT,PPT_Stn,2009,270,2400,0.000,743.400,CPI,20110404
Met3,ON-WPP_PPT,PPT_Stn,2009,271,  30,0.000,743.400,CPI,20110404
Met3,ON-WPP_PPT,PPT_Stn,2009,271, 100,0.000,743.400,CPI,20110404
Met3,ON-WPP_PPT,PPT_Stn,2009,271, 130,0.000,743.400,CPI,20110404
Met3,ON-WPP_PPT,PPT_Stn,2009,271, 200,0.000,743.400,CPI,20110404
Met3,ON-WPP_PPT,PPT_Stn,2009,271, 230,0.000,743.400,CPI,20110404
Met3,ON-WPP_PPT,PPT_Stn,2009,271, 300,0.000,743.400,CPI,20110404
Met3,ON-WPP_PPT,PPT_Stn,2009,271, 330,0.000,743.400,CPI,20110404
Met3,ON-WPP_PPT,PPT_Stn,2009,271, 400,0.000,743.400,CPI,20110404
Met3,ON-WPP_PPT,PPT_Stn,2009,271, 430,0.000,743.400,CPI,20110404
Met3,ON-WPP_PPT,PPT_Stn,2009,271, 500,0.000,743.400,CPI,20110404
Met3,ON-WPP_PPT,PPT_Stn,2009,271, 530,0.000,743.400,CPI,20110404
Met3,ON-WPP_PPT,PPT_Stn,2009,271, 600,0.000,743.400,CPI,20110404
Met3,ON-WPP_PPT,PPT_Stn,2009,271, 630,0.000,743.400,CPI,20110404
Met3,ON-WPP_PPT,PPT_Stn,2009,271, 700,0.000,743.400,CPI,20110404
Met3,ON-WPP_PPT,PPT_Stn,2009,271, 730,0.000,743.400,CPI,20110404
Met3,ON-WPP_PPT,PPT_Stn,2009,271, 800,0.000,743.400,CPI,20110404
Met3,ON-WPP_PPT,PPT_Stn,2009,271, 830,0.000,743.400,CPI,20110404
Met3,ON-WPP_PPT,PPT_Stn,2009,271, 900,0.000,743.400,CPI,20110404
Met3,ON-WPP_PPT,PPT_Stn,2009,271, 930,0.000,743.400,CPI,20110404
Met3,ON-WPP_PPT,PPT_Stn,2009,271,1000,3.700,747.100,CPI,20110404
Met3,ON-WPP_PPT,PPT_Stn,2009,271,1030,4.620,751.720,CPI,20110404
Met3,ON-WPP_PPT,PPT_Stn,2009,271,1100,0.100,751.820,CPI,20110404
Met3,ON-WPP_PPT,PPT_Stn,2009,271,1130,1.460,753.280,CPI,20110404
Met3,ON-WPP_PPT,PPT_Stn,2009,271,1200,2.830,756.110,CPI,20110404
Met3,ON-WPP_PPT,PPT_Stn,2009,271,1230,0.580,756.690,CPI,20110404
Met3,ON-WPP_PPT,PPT_Stn,2009,271,1300,0.670,757.360,CPI,20110404
Met3,ON-WPP_PPT,PPT_Stn,2009,271,1330,0.110,757.470,CPI,20110404
Met3,ON-WPP_PPT,PPT_Stn,2009,271,1400,0.000,757.470,CPI,20110404
Met3,ON-WPP_PPT,PPT_Stn,2009,271,1430,0.000,757.470,CPI,20110404
Met3,ON-WPP_PPT,PPT_Stn,2009,271,1500,0.000,757.470,CPI,20110404
Met3,ON-WPP_PPT,PPT_Stn,2009,271,1530,0.000,757.470,CPI,20110404
Met3,ON-WPP_PPT,PPT_Stn,2009,271,1600,0.000,757.470,CPI,20110404
Met3,ON-WPP_PPT,PPT_Stn,2009,271,1630,0.000,757.470,CPI,20110404
Met3,ON-WPP_PPT,PPT_Stn,2009,271,1700,0.000,757.470,CPI,20110404
Met3,ON-WPP_PPT,PPT_Stn,2009,271,1730,0.090,757.560,CPI,20110404
Met3,ON-WPP_PPT,PPT_Stn,2009,271,1800,0.000,757.560,CPI,20110404
Met3,ON-WPP_PPT,PPT_Stn,2009,271,1830,0.000,757.560,CPI,20110404
Met3,ON-WPP_PPT,PPT_Stn,2009,271,1900,0.000,757.560,CPI,20110404
Met3,ON-WPP_PPT,PPT_Stn,2009,271,1930,0.000,757.560,CPI,20110404
Met3,ON-WPP_PPT,PPT_Stn,2009,271,2000,0.000,757.560,CPI,20110404
Met3,ON-WPP_PPT,PPT_Stn,2009,271,2030,0.250,757.810,CPI,20110404
Met3,ON-WPP_PPT,PPT_Stn,2009,271,2100,0.470,758.280,CPI,20110404
Met3,ON-WPP_PPT,PPT_Stn,2009,271,2130,0.280,758.560,CPI,20110404
Met3,ON-WPP_PPT,PPT_Stn,2009,271,2200,0.390,758.950,CPI,20110404
Met3,ON-WPP_PPT,PPT_Stn,2009,271,2230,0.440,759.390,CPI,20110404
Met3,ON-WPP_PPT,PPT_Stn,2009,271,2300,0.260,759.650,CPI,20110404
Met3,ON-WPP_PPT,PPT_Stn,2009,271,2330,1.160,760.810,CPI,20110404
Met3,ON-WPP_PPT,PPT_Stn,2009,271,2400,0.260,761.070,CPI,20110404
Met3,ON-WPP_PPT,PPT_Stn,2009,272,  30,0.000,761.070,CPI,20110404
Met3,ON-WPP_PPT,PPT_Stn,2009,272, 100,0.000,761.070,CPI,20110404
Met3,ON-WPP_PPT,PPT_Stn,2009,272, 130,0.180,761.250,CPI,20110404
Met3,ON-WPP_PPT,PPT_Stn,2009,272, 200,0.440,761.690,CPI,20110404
Met3,ON-WPP_PPT,PPT_Stn,2009,272, 230,0.630,762.320,CPI,20110404
Met3,ON-WPP_PPT,PPT_Stn,2009,272, 300,0.110,762.430,CPI,20110404
Met3,ON-WPP_PPT,PPT_Stn,2009,272, 330,0.000,762.430,CPI,20110404
Met3,ON-WPP_PPT,PPT_Stn,2009,272, 400,0.100,762.530,CPI,20110404
Met3,ON-WPP_PPT,PPT_Stn,2009,272, 430,0.200,762.730,CPI,20110404
Met3,ON-WPP_PPT,PPT_Stn,2009,272, 500,0.000,762.730,CPI,20110404
Met3,ON-WPP_PPT,PPT_Stn,2009,272, 530,0.000,762.730,CPI,20110404
Met3,ON-WPP_PPT,PPT_Stn,2009,272, 600,0.000,762.730,CPI,20110404
Met3,ON-WPP_PPT,PPT_Stn,2009,272, 630,0.000,762.730,CPI,20110404
Met3,ON-WPP_PPT,PPT_Stn,2009,272, 700,0.000,762.730,CPI,20110404
Met3,ON-WPP_PPT,PPT_Stn,2009,272, 730,0.000,762.730,CPI,20110404
Met3,ON-WPP_PPT,PPT_Stn,2009,272, 800,0.000,762.730,CPI,20110404
Met3,ON-WPP_PPT,PPT_Stn,2009,272, 830,0.000,762.730,CPI,20110404
Met3,ON-WPP_PPT,PPT_Stn,2009,272, 900,0.000,762.730,CPI,20110404
Met3,ON-WPP_PPT,PPT_Stn,2009,272, 930,0.000,762.730,CPI,20110404
Met3,ON-WPP_PPT,PPT_Stn,2009,272,1000,0.340,763.070,CPI,20110404
Met3,ON-WPP_PPT,PPT_Stn,2009,272,1030,0.590,763.660,CPI,20110404
Met3,ON-WPP_PPT,PPT_Stn,2009,272,1100,0.150,763.810,CPI,20110404
Met3,ON-WPP_PPT,PPT_Stn,2009,272,1130,0.000,763.810,CPI,20110404
Met3,ON-WPP_PPT,PPT_Stn,2009,272,1200,0.000,763.810,CPI,20110404
Met3,ON-WPP_PPT,PPT_Stn,2009,272,1230,0.000,763.810,CPI,20110404
Met3,ON-WPP_PPT,PPT_Stn,2009,272,1300,0.000,763.810,CPI,20110404
Met3,ON-WPP_PPT,PPT_Stn,2009,272,1330,0.000,763.810,CPI,20110404
Met3,ON-WPP_PPT,PPT_Stn,2009,272,1400,0.000,763.810,CPI,20110404
Met3,ON-WPP_PPT,PPT_Stn,2009,272,1430,0.000,763.810,CPI,20110404
Met3,ON-WPP_PPT,PPT_Stn,2009,272,1500,0.000,763.810,CPI,20110404
Met3,ON-WPP_PPT,PPT_Stn,2009,272,1530,0.000,763.810,CPI,20110404
Met3,ON-WPP_PPT,PPT_Stn,2009,272,1600,0.000,763.810,CPI,20110404
Met3,ON-WPP_PPT,PPT_Stn,2009,272,1630,0.110,763.920,CPI,20110404
Met3,ON-WPP_PPT,PPT_Stn,2009,272,1700,0.140,764.060,CPI,20110404
Met3,ON-WPP_PPT,PPT_Stn,2009,272,1730,0.000,764.060,CPI,20110404
Met3,ON-WPP_PPT,PPT_Stn,2009,272,1800,0.000,764.060,CPI,20110404
Met3,ON-WPP_PPT,PPT_Stn,2009,272,1830,0.000,764.060,CPI,20110404
Met3,ON-WPP_PPT,PPT_Stn,2009,272,1900,0.000,764.060,CPI,20110404
Met3,ON-WPP_PPT,PPT_Stn,2009,272,1930,0.000,764.060,CPI,20110404
Met3,ON-WPP_PPT,PPT_Stn,2009,272,2000,0.000,764.060,CPI,20110404
Met3,ON-WPP_PPT,PPT_Stn,2009,272,2030,0.000,764.060,CPI,20110404
Met3,ON-WPP_PPT,PPT_Stn,2009,272,2100,0.000,764.060,CPI,20110404
Met3,ON-WPP_PPT,PPT_Stn,2009,272,2130,0.000,764.060,CPI,20110404
Met3,ON-WPP_PPT,PPT_Stn,2009,272,2200,0.000,764.060,CPI,20110404
Met3,ON-WPP_PPT,PPT_Stn,2009,272,2230,0.000,764.060,CPI,20110404
Met3,ON-WPP_PPT,PPT_Stn,2009,272,2300,0.000,764.060,CPI,20110404
Met3,ON-WPP_PPT,PPT_Stn,2009,272,2330,0.000,764.060,CPI,20110404
Met3,ON-WPP_PPT,PPT_Stn,2009,272,2400,0.000,764.060,CPI,20110404
Met3,ON-WPP_PPT,PPT_Stn,2009,273,  30,0.000,764.060,CPI,20110404
Met3,ON-WPP_PPT,PPT_Stn,2009,273, 100,0.000,764.060,CPI,20110404
Met3,ON-WPP_PPT,PPT_Stn,2009,273, 130,0.000,764.060,CPI,20110404
Met3,ON-WPP_PPT,PPT_Stn,2009,273, 200,0.000,764.060,CPI,20110404
Met3,ON-WPP_PPT,PPT_Stn,2009,273, 230,0.000,764.060,CPI,20110404
Met3,ON-WPP_PPT,PPT_Stn,2009,273, 300,0.000,764.060,CPI,20110404
Met3,ON-WPP_PPT,PPT_Stn,2009,273, 330,0.000,764.060,CPI,20110404
Met3,ON-WPP_PPT,PPT_Stn,2009,273, 400,0.000,764.060,CPI,20110404
Met3,ON-WPP_PPT,PPT_Stn,2009,273, 430,0.000,764.060,CPI,20110404
Met3,ON-WPP_PPT,PPT_Stn,2009,273, 500,0.000,764.060,CPI,20110404
Met3,ON-WPP_PPT,PPT_Stn,2009,273, 530,0.000,764.060,CPI,20110404
Met3,ON-WPP_PPT,PPT_Stn,2009,273, 600,0.000,764.060,CPI,20110404
Met3,ON-WPP_PPT,PPT_Stn,2009,273, 630,0.000,764.060,CPI,20110404
Met3,ON-WPP_PPT,PPT_Stn,2009,273, 700,0.000,764.060,CPI,20110404
Met3,ON-WPP_PPT,PPT_Stn,2009,273, 730,0.000,764.060,CPI,20110404
Met3,ON-WPP_PPT,PPT_Stn,2009,273, 800,0.000,764.060,CPI,20110404
Met3,ON-WPP_PPT,PPT_Stn,2009,273, 830,0.000,764.060,CPI,20110404
Met3,ON-WPP_PPT,PPT_Stn,2009,273, 900,0.000,764.060,CPI,20110404
Met3,ON-WPP_PPT,PPT_Stn,2009,273, 930,0.000,764.060,CPI,20110404
Met3,ON-WPP_PPT,PPT_Stn,2009,273,1000,0.000,764.060,CPI,20110404
Met3,ON-WPP_PPT,PPT_Stn,2009,273,1030,0.000,764.060,CPI,20110404
Met3,ON-WPP_PPT,PPT_Stn,2009,273,1100,0.000,764.060,CPI,20110404
Met3,ON-WPP_PPT,PPT_Stn,2009,273,1130,0.000,764.060,CPI,20110404
Met3,ON-WPP_PPT,PPT_Stn,2009,273,1200,0.000,764.060,CPI,20110404
Met3,ON-WPP_PPT,PPT_Stn,2009,273,1230,0.000,764.060,CPI,20110404
Met3,ON-WPP_PPT,PPT_Stn,2009,273,1300,0.000,764.060,CPI,20110404
Met3,ON-WPP_PPT,PPT_Stn,2009,273,1330,0.000,764.060,CPI,20110404
Met3,ON-WPP_PPT,PPT_Stn,2009,273,1400,0.000,764.060,CPI,20110404
Met3,ON-WPP_PPT,PPT_Stn,2009,273,1430,0.000,764.060,CPI,20110404
Met3,ON-WPP_PPT,PPT_Stn,2009,273,1500,0.000,764.060,CPI,20110404
Met3,ON-WPP_PPT,PPT_Stn,2009,273,1530,0.000,764.060,CPI,20110404
Met3,ON-WPP_PPT,PPT_Stn,2009,273,1600,0.000,764.060,CPI,20110404
Met3,ON-WPP_PPT,PPT_Stn,2009,273,1630,0.000,764.060,CPI,20110404
Met3,ON-WPP_PPT,PPT_Stn,2009,273,1700,0.000,764.060,CPI,20110404
Met3,ON-WPP_PPT,PPT_Stn,2009,273,1730,0.000,764.060,CPI,20110404
Met3,ON-WPP_PPT,PPT_Stn,2009,273,1800,0.000,764.060,CPI,20110404
Met3,ON-WPP_PPT,PPT_Stn,2009,273,1830,0.000,764.060,CPI,20110404
Met3,ON-WPP_PPT,PPT_Stn,2009,273,1900,0.000,764.060,CPI,20110404
Met3,ON-WPP_PPT,PPT_Stn,2009,273,1930,0.000,764.060,CPI,20110404
Met3,ON-WPP_PPT,PPT_Stn,2009,273,2000,0.000,764.060,CPI,20110404
Met3,ON-WPP_PPT,PPT_Stn,2009,273,2030,0.000,764.060,CPI,20110404
Met3,ON-WPP_PPT,PPT_Stn,2009,273,2100,0.000,764.060,CPI,20110404
Met3,ON-WPP_PPT,PPT_Stn,2009,273,2130,0.000,764.060,CPI,20110404
Met3,ON-WPP_PPT,PPT_Stn,2009,273,2200,0.000,764.060,CPI,20110404
Met3,ON-WPP_PPT,PPT_Stn,2009,273,2230,0.000,764.060,CPI,20110404
Met3,ON-WPP_PPT,PPT_Stn,2009,273,2300,0.000,764.060,CPI,20110404
Met3,ON-WPP_PPT,PPT_Stn,2009,273,2330,0.000,764.060,CPI,20110404
Met3,ON-WPP_PPT,PPT_Stn,2009,273,2400,0.000,764.060,CPI,20110404
